2025-09-25 13:52:19,198 [INFO] quadridigest.fetch.sources: Fetching last 20 messages (stub)
2025-09-25 13:52:19,201 [INFO] root: [DRY] Would publish to 1002705126061: #trading
S&P500 обновил максимум дня — S&P500 обновил максимум дня. Источник: https://example.com
2025-09-25 13:52:19,202 [INFO] root: [DRY] Would publish to 1002705126061: #trading
Рубль укрепился, Минфин провел аукцион ОФЗ — Рубль укрепился, Минфин провел аукцион ОФЗ. https://gov.example/of
2025-09-25 14:51:02,592 [INFO] quadridigest.fetch.sources: Fetching last 20 messages (stub)
2025-09-25 14:53:10,171 [INFO] quadridigest.fetch.sources: Fetching last 20 messages (stub)
2025-09-25 14:57:11,734 [WARNING] quadridigest.fetch.sources: Telethon RPC error for readovkanews: The API access for bot users is restricted. The method you tried to invoke cannot be executed as a bot (caused by GetHistoryRequest)
2025-09-25 14:57:12,030 [WARNING] quadridigest.fetch.sources: Telethon RPC error for vedomosti: The API access for bot users is restricted. The method you tried to invoke cannot be executed as a bot (caused by GetHistoryRequest)
2025-09-25 14:57:12,272 [WARNING] quadridigest.fetch.sources: Telethon RPC error for ostorozhno_novosti: The API access for bot users is restricted. The method you tried to invoke cannot be executed as a bot (caused by GetHistoryRequest)
2025-09-25 14:57:12,481 [WARNING] quadridigest.fetch.sources: Telethon RPC error for headlines_geo: The API access for bot users is restricted. The method you tried to invoke cannot be executed as a bot (caused by GetHistoryRequest)
2025-09-25 14:57:12,714 [WARNING] quadridigest.fetch.sources: Telethon RPC error for interfaxonline: The API access for bot users is restricted. The method you tried to invoke cannot be executed as a bot (caused by GetHistoryRequest)
2025-09-25 14:57:13,073 [WARNING] quadridigest.fetch.sources: Telethon RPC error for bloomberg_ru: The API access for bot users is restricted. The method you tried to invoke cannot be executed as a bot (caused by GetHistoryRequest)
2025-09-25 14:57:13,503 [WARNING] quadridigest.fetch.sources: Telethon RPC error for kommersant: The API access for bot users is restricted. The method you tried to invoke cannot be executed as a bot (caused by GetHistoryRequest)
2025-09-25 14:57:13,828 [WARNING] quadridigest.fetch.sources: Telethon RPC error for bitkogan: The API access for bot users is restricted. The method you tried to invoke cannot be executed as a bot (caused by GetHistoryRequest)
2025-09-25 14:57:14,139 [WARNING] quadridigest.fetch.sources: Telethon RPC error for tb_invest_official: The API access for bot users is restricted. The method you tried to invoke cannot be executed as a bot (caused by GetHistoryRequest)
2025-09-25 14:57:14,319 [WARNING] quadridigest.fetch.sources: Telethon RPC error for markettwits: The API access for bot users is restricted. The method you tried to invoke cannot be executed as a bot (caused by GetHistoryRequest)
2025-09-25 14:57:14,524 [WARNING] quadridigest.fetch.sources: Telethon RPC error for cbrstocks: The API access for bot users is restricted. The method you tried to invoke cannot be executed as a bot (caused by GetHistoryRequest)
2025-09-25 14:57:14,698 [WARNING] quadridigest.fetch.sources: Telethon RPC error for banksta: The API access for bot users is restricted. The method you tried to invoke cannot be executed as a bot (caused by GetHistoryRequest)
2025-09-25 14:57:14,871 [WARNING] quadridigest.fetch.sources: Telethon RPC error for bankrollo: The API access for bot users is restricted. The method you tried to invoke cannot be executed as a bot (caused by GetHistoryRequest)
2025-09-25 14:57:15,122 [WARNING] quadridigest.fetch.sources: Telethon RPC error for newssmartlab: The API access for bot users is restricted. The method you tried to invoke cannot be executed as a bot (caused by GetHistoryRequest)
2025-09-25 14:57:15,372 [WARNING] quadridigest.fetch.sources: Telethon RPC error for thewallstreetpro: The API access for bot users is restricted. The method you tried to invoke cannot be executed as a bot (caused by GetHistoryRequest)
2025-09-25 14:57:15,667 [WARNING] quadridigest.fetch.sources: Telethon RPC error for selfinvestor: The API access for bot users is restricted. The method you tried to invoke cannot be executed as a bot (caused by GetHistoryRequest)
2025-09-25 14:57:16,017 [WARNING] quadridigest.fetch.sources: Telethon RPC error for if_market_news: The API access for bot users is restricted. The method you tried to invoke cannot be executed as a bot (caused by GetHistoryRequest)
2025-09-25 14:57:16,202 [WARNING] quadridigest.fetch.sources: Telethon RPC error for dengi_bitkogan: The API access for bot users is restricted. The method you tried to invoke cannot be executed as a bot (caused by GetHistoryRequest)
2025-09-25 14:57:16,395 [WARNING] quadridigest.fetch.sources: Telethon RPC error for nefte_baza: The API access for bot users is restricted. The method you tried to invoke cannot be executed as a bot (caused by GetHistoryRequest)
2025-09-25 14:57:16,573 [WARNING] quadridigest.fetch.sources: Telethon RPC error for smartlabnews: The API access for bot users is restricted. The method you tried to invoke cannot be executed as a bot (caused by GetHistoryRequest)
2025-09-25 14:57:16,757 [WARNING] quadridigest.fetch.sources: Telethon RPC error for headlines_for_traders: The API access for bot users is restricted. The method you tried to invoke cannot be executed as a bot (caused by GetHistoryRequest)
2025-09-25 14:57:16,947 [WARNING] quadridigest.fetch.sources: Telethon RPC error for headlines_quants: The API access for bot users is restricted. The method you tried to invoke cannot be executed as a bot (caused by GetHistoryRequest)
2025-09-25 14:57:17,121 [WARNING] quadridigest.fetch.sources: Telethon RPC error for headlines_macro: The API access for bot users is restricted. The method you tried to invoke cannot be executed as a bot (caused by GetHistoryRequest)
2025-09-25 14:57:17,297 [WARNING] quadridigest.fetch.sources: Telethon RPC error for AK47pfl: The API access for bot users is restricted. The method you tried to invoke cannot be executed as a bot (caused by GetHistoryRequest)
2025-09-25 14:57:17,478 [WARNING] quadridigest.fetch.sources: Telethon RPC error for SberInvestments: The API access for bot users is restricted. The method you tried to invoke cannot be executed as a bot (caused by GetHistoryRequest)
2025-09-25 14:57:17,665 [WARNING] quadridigest.fetch.sources: Telethon RPC error for bitkogan_hotline: The API access for bot users is restricted. The method you tried to invoke cannot be executed as a bot (caused by GetHistoryRequest)
2025-09-25 14:57:17,840 [WARNING] quadridigest.fetch.sources: Telethon RPC error for bcs_express: The API access for bot users is restricted. The method you tried to invoke cannot be executed as a bot (caused by GetHistoryRequest)
2025-09-25 14:57:18,031 [WARNING] quadridigest.fetch.sources: Telethon RPC error for russianmacro: The API access for bot users is restricted. The method you tried to invoke cannot be executed as a bot (caused by GetHistoryRequest)
2025-09-25 14:57:18,285 [WARNING] quadridigest.fetch.sources: Telethon RPC error for ProfitGate: The API access for bot users is restricted. The method you tried to invoke cannot be executed as a bot (caused by GetHistoryRequest)
2025-09-25 14:57:18,520 [WARNING] quadridigest.fetch.sources: Telethon RPC error for kira_pronira: The API access for bot users is restricted. The method you tried to invoke cannot be executed as a bot (caused by GetHistoryRequest)
2025-09-25 14:58:12,857 [WARNING] quadridigest.fetch.sources: Telethon RPC error for investfuture: The API access for bot users is restricted. The method you tried to invoke cannot be executed as a bot (caused by GetHistoryRequest)
2025-09-25 14:58:12,951 [WARNING] quadridigest.fetch.sources: Failed to fetch from investor_catalog: No user has "investor_catalog" as username
2025-09-25 14:58:13,151 [WARNING] quadridigest.fetch.sources: Telethon RPC error for investheroes: The API access for bot users is restricted. The method you tried to invoke cannot be executed as a bot (caused by GetHistoryRequest)
2025-09-25 14:58:13,339 [WARNING] quadridigest.fetch.sources: Telethon RPC error for wallstreetqueenofficial: The API access for bot users is restricted. The method you tried to invoke cannot be executed as a bot (caused by GetHistoryRequest)
2025-09-25 14:58:13,536 [WARNING] quadridigest.fetch.sources: Telethon RPC error for if_stocks: The API access for bot users is restricted. The method you tried to invoke cannot be executed as a bot (caused by GetHistoryRequest)
2025-09-25 14:58:13,805 [WARNING] quadridigest.fetch.sources: Telethon RPC error for if_bonds: The API access for bot users is restricted. The method you tried to invoke cannot be executed as a bot (caused by GetHistoryRequest)
2025-09-25 14:58:14,074 [WARNING] quadridigest.fetch.sources: Telethon RPC error for gazpromneft_official: The API access for bot users is restricted. The method you tried to invoke cannot be executed as a bot (caused by GetHistoryRequest)
2025-09-25 14:58:14,360 [WARNING] quadridigest.fetch.sources: Telethon RPC error for finamalert: The API access for bot users is restricted. The method you tried to invoke cannot be executed as a bot (caused by GetHistoryRequest)
2025-09-25 14:58:14,716 [WARNING] quadridigest.fetch.sources: Telethon RPC error for investfundsru: The API access for bot users is restricted. The method you tried to invoke cannot be executed as a bot (caused by GetHistoryRequest)
2025-09-25 14:58:15,053 [WARNING] quadridigest.fetch.sources: Telethon RPC error for radium_finance: The API access for bot users is restricted. The method you tried to invoke cannot be executed as a bot (caused by GetHistoryRequest)
2025-09-25 14:58:15,345 [WARNING] quadridigest.fetch.sources: Telethon RPC error for alfabank: The API access for bot users is restricted. The method you tried to invoke cannot be executed as a bot (caused by GetHistoryRequest)
2025-09-25 14:58:15,638 [WARNING] quadridigest.fetch.sources: Telethon RPC error for RuSETFS: The API access for bot users is restricted. The method you tried to invoke cannot be executed as a bot (caused by GetHistoryRequest)
2025-09-25 14:58:16,046 [WARNING] quadridigest.fetch.sources: Telethon RPC error for hranidengi: The API access for bot users is restricted. The method you tried to invoke cannot be executed as a bot (caused by GetHistoryRequest)
2025-09-25 14:58:16,443 [WARNING] quadridigest.fetch.sources: Telethon RPC error for blogbankir: The API access for bot users is restricted. The method you tried to invoke cannot be executed as a bot (caused by GetHistoryRequest)
2025-09-25 14:58:16,601 [WARNING] quadridigest.fetch.sources: Failed to fetch from cach_in_tablic: No user has "cach_in_tablic" as username
2025-09-25 14:58:16,823 [WARNING] quadridigest.fetch.sources: Telethon RPC error for finkod_vtb: The API access for bot users is restricted. The method you tried to invoke cannot be executed as a bot (caused by GetHistoryRequest)
2025-09-25 14:58:17,033 [WARNING] quadridigest.fetch.sources: Telethon RPC error for sberbank: The API access for bot users is restricted. The method you tried to invoke cannot be executed as a bot (caused by GetHistoryRequest)
2025-09-25 14:58:17,253 [WARNING] quadridigest.fetch.sources: Telethon RPC error for tbank: The API access for bot users is restricted. The method you tried to invoke cannot be executed as a bot (caused by GetHistoryRequest)
2025-09-25 14:58:17,446 [WARNING] quadridigest.fetch.sources: Telethon RPC error for SecLabNews: The API access for bot users is restricted. The method you tried to invoke cannot be executed as a bot (caused by GetHistoryRequest)
2025-09-25 14:58:17,628 [WARNING] quadridigest.fetch.sources: Telethon RPC error for tg_security: The API access for bot users is restricted. The method you tried to invoke cannot be executed as a bot (caused by GetHistoryRequest)
2025-09-25 14:58:17,712 [WARNING] quadridigest.fetch.sources: Telethon RPC error for haccing: Nobody is using this username, or the username is unacceptable. If the latter, it must match r"[a-zA-Z][\w\d]{3,30}[a-zA-Z\d]" (caused by ResolveUsernameRequest)
2025-09-25 14:58:17,889 [WARNING] quadridigest.fetch.sources: Telethon RPC error for codeby_sec: The API access for bot users is restricted. The method you tried to invoke cannot be executed as a bot (caused by GetHistoryRequest)
2025-09-25 14:58:18,105 [WARNING] quadridigest.fetch.sources: Telethon RPC error for hack_less: The API access for bot users is restricted. The method you tried to invoke cannot be executed as a bot (caused by GetHistoryRequest)
2025-09-25 14:58:18,279 [WARNING] quadridigest.fetch.sources: Telethon RPC error for irozysk: The API access for bot users is restricted. The method you tried to invoke cannot be executed as a bot (caused by GetHistoryRequest)
2025-09-25 14:58:18,461 [WARNING] quadridigest.fetch.sources: Telethon RPC error for it_secur: The API access for bot users is restricted. The method you tried to invoke cannot be executed as a bot (caused by GetHistoryRequest)
2025-09-25 14:58:18,465 [INFO] quadridigest.fetch.sources: Using fallback demo sources (Telethon unavailable or fetch failed).
2025-09-25 15:08:27,122 [WARNING] quadridigest.fetch.sources: Failed to fetch from investor_catalog: No user has "investor_catalog" as username
2025-09-25 15:08:30,687 [WARNING] quadridigest.fetch.sources: Failed to fetch from cach_in_tablic: No user has "cach_in_tablic" as username
2025-09-25 15:08:32,743 [WARNING] quadridigest.fetch.sources: Telethon RPC error for haccing: Nobody is using this username, or the username is unacceptable. If the latter, it must match r"[a-zA-Z][\w\d]{3,30}[a-zA-Z\d]" (caused by ResolveUsernameRequest)
2025-09-25 15:08:34,040 [INFO] quadridigest.fetch.sources: Fetched 888 messages from 55 sources (user session)
2025-09-25 15:08:34,045 [WARNING] telethon.network.connection.connection: Server closed the connection: 0 bytes read on a total of 8 expected bytes
2025-09-25 15:08:41,558 [ERROR] telethon.client.updates: Unhandled exception on on_more
Traceback (most recent call last):
  File "/Users/oleglapinin/MyProjects/QadriDigest/.venv/lib/python3.11/site-packages/telethon/client/updates.py", line 570, in _dispatch_update
    await callback(event)
  File "/Users/oleglapinin/MyProjects/QadriDigest/quadridigest/publish/publisher.py", line 26, in on_more
    await self._toggle_edit(evt, cid, rec)
  File "/Users/oleglapinin/MyProjects/QadriDigest/quadridigest/publish/publisher.py", line 54, in _toggle_edit
    await evt.edit_message(txt, buttons=btns, link_preview=False)
          ^^^^^^^^^^^^^^^^
AttributeError: 'Event' object has no attribute 'edit_message'
2025-09-25 15:08:48,435 [ERROR] telethon.client.updates: Unhandled exception on on_more
Traceback (most recent call last):
  File "/Users/oleglapinin/MyProjects/QadriDigest/.venv/lib/python3.11/site-packages/telethon/client/updates.py", line 570, in _dispatch_update
    await callback(event)
  File "/Users/oleglapinin/MyProjects/QadriDigest/quadridigest/publish/publisher.py", line 26, in on_more
    await self._toggle_edit(evt, cid, rec)
  File "/Users/oleglapinin/MyProjects/QadriDigest/quadridigest/publish/publisher.py", line 54, in _toggle_edit
    await evt.edit_message(txt, buttons=btns, link_preview=False)
          ^^^^^^^^^^^^^^^^
AttributeError: 'Event' object has no attribute 'edit_message'
2025-09-25 15:09:01,205 [ERROR] telethon.client.updates: Unhandled exception on on_more
Traceback (most recent call last):
  File "/Users/oleglapinin/MyProjects/QadriDigest/.venv/lib/python3.11/site-packages/telethon/client/updates.py", line 570, in _dispatch_update
    await callback(event)
  File "/Users/oleglapinin/MyProjects/QadriDigest/quadridigest/publish/publisher.py", line 26, in on_more
    await self._toggle_edit(evt, cid, rec)
  File "/Users/oleglapinin/MyProjects/QadriDigest/quadridigest/publish/publisher.py", line 54, in _toggle_edit
    await evt.edit_message(txt, buttons=btns, link_preview=False)
          ^^^^^^^^^^^^^^^^
AttributeError: 'Event' object has no attribute 'edit_message'
2025-09-25 15:09:10,247 [ERROR] telethon.client.updates: Unhandled exception on on_more
Traceback (most recent call last):
  File "/Users/oleglapinin/MyProjects/QadriDigest/.venv/lib/python3.11/site-packages/telethon/client/updates.py", line 570, in _dispatch_update
    await callback(event)
  File "/Users/oleglapinin/MyProjects/QadriDigest/quadridigest/publish/publisher.py", line 26, in on_more
    await self._toggle_edit(evt, cid, rec)
  File "/Users/oleglapinin/MyProjects/QadriDigest/quadridigest/publish/publisher.py", line 54, in _toggle_edit
    await evt.edit_message(txt, buttons=btns, link_preview=False)
          ^^^^^^^^^^^^^^^^
AttributeError: 'Event' object has no attribute 'edit_message'
2025-09-25 15:09:28,816 [ERROR] telethon.client.updates: Unhandled exception on on_more
Traceback (most recent call last):
  File "/Users/oleglapinin/MyProjects/QadriDigest/.venv/lib/python3.11/site-packages/telethon/client/updates.py", line 570, in _dispatch_update
    await callback(event)
  File "/Users/oleglapinin/MyProjects/QadriDigest/quadridigest/publish/publisher.py", line 26, in on_more
    await self._toggle_edit(evt, cid, rec)
  File "/Users/oleglapinin/MyProjects/QadriDigest/quadridigest/publish/publisher.py", line 54, in _toggle_edit
    await evt.edit_message(txt, buttons=btns, link_preview=False)
          ^^^^^^^^^^^^^^^^
AttributeError: 'Event' object has no attribute 'edit_message'
2025-09-25 15:09:55,726 [ERROR] telethon.client.updates: Unhandled exception on on_more
Traceback (most recent call last):
  File "/Users/oleglapinin/MyProjects/QadriDigest/.venv/lib/python3.11/site-packages/telethon/client/updates.py", line 570, in _dispatch_update
    await callback(event)
  File "/Users/oleglapinin/MyProjects/QadriDigest/quadridigest/publish/publisher.py", line 26, in on_more
    await self._toggle_edit(evt, cid, rec)
  File "/Users/oleglapinin/MyProjects/QadriDigest/quadridigest/publish/publisher.py", line 54, in _toggle_edit
    await evt.edit_message(txt, buttons=btns, link_preview=False)
          ^^^^^^^^^^^^^^^^
AttributeError: 'Event' object has no attribute 'edit_message'
2025-09-25 15:10:36,439 [ERROR] telethon.client.updates: Unhandled exception on on_more
Traceback (most recent call last):
  File "/Users/oleglapinin/MyProjects/QadriDigest/.venv/lib/python3.11/site-packages/telethon/client/updates.py", line 570, in _dispatch_update
    await callback(event)
  File "/Users/oleglapinin/MyProjects/QadriDigest/quadridigest/publish/publisher.py", line 26, in on_more
    await self._toggle_edit(evt, cid, rec)
  File "/Users/oleglapinin/MyProjects/QadriDigest/quadridigest/publish/publisher.py", line 54, in _toggle_edit
    await evt.edit_message(txt, buttons=btns, link_preview=False)
          ^^^^^^^^^^^^^^^^
AttributeError: 'Event' object has no attribute 'edit_message'
2025-09-25 15:10:58,134 [ERROR] telethon.client.updates: Unhandled exception on on_more
Traceback (most recent call last):
  File "/Users/oleglapinin/MyProjects/QadriDigest/.venv/lib/python3.11/site-packages/telethon/client/updates.py", line 570, in _dispatch_update
    await callback(event)
  File "/Users/oleglapinin/MyProjects/QadriDigest/quadridigest/publish/publisher.py", line 26, in on_more
    await self._toggle_edit(evt, cid, rec)
  File "/Users/oleglapinin/MyProjects/QadriDigest/quadridigest/publish/publisher.py", line 54, in _toggle_edit
    await evt.edit_message(txt, buttons=btns, link_preview=False)
          ^^^^^^^^^^^^^^^^
AttributeError: 'Event' object has no attribute 'edit_message'
2025-09-25 15:11:44,275 [INFO] root: Duplicate news skipped: 0bb3fc0ba525cadb26a2
2025-09-25 15:12:18,224 [ERROR] telethon.client.updates: Unhandled exception on on_more
Traceback (most recent call last):
  File "/Users/oleglapinin/MyProjects/QadriDigest/.venv/lib/python3.11/site-packages/telethon/client/updates.py", line 570, in _dispatch_update
    await callback(event)
  File "/Users/oleglapinin/MyProjects/QadriDigest/quadridigest/publish/publisher.py", line 26, in on_more
    await self._toggle_edit(evt, cid, rec)
  File "/Users/oleglapinin/MyProjects/QadriDigest/quadridigest/publish/publisher.py", line 54, in _toggle_edit
    await evt.edit_message(txt, buttons=btns, link_preview=False)
          ^^^^^^^^^^^^^^^^
AttributeError: 'Event' object has no attribute 'edit_message'
2025-09-25 15:12:59,969 [INFO] root: Duplicate news skipped: bbd6b60331c4bd6af6ac
2025-09-25 15:14:23,230 [ERROR] telethon.client.updates: Unhandled exception on on_more
Traceback (most recent call last):
  File "/Users/oleglapinin/MyProjects/QadriDigest/.venv/lib/python3.11/site-packages/telethon/client/updates.py", line 570, in _dispatch_update
    await callback(event)
  File "/Users/oleglapinin/MyProjects/QadriDigest/quadridigest/publish/publisher.py", line 26, in on_more
    await self._toggle_edit(evt, cid, rec)
  File "/Users/oleglapinin/MyProjects/QadriDigest/quadridigest/publish/publisher.py", line 54, in _toggle_edit
    await evt.edit_message(txt, buttons=btns, link_preview=False)
          ^^^^^^^^^^^^^^^^
AttributeError: 'Event' object has no attribute 'edit_message'
2025-09-25 15:14:38,973 [ERROR] telethon.client.updates: Unhandled exception on on_more
Traceback (most recent call last):
  File "/Users/oleglapinin/MyProjects/QadriDigest/.venv/lib/python3.11/site-packages/telethon/client/updates.py", line 570, in _dispatch_update
    await callback(event)
  File "/Users/oleglapinin/MyProjects/QadriDigest/quadridigest/publish/publisher.py", line 26, in on_more
    await self._toggle_edit(evt, cid, rec)
  File "/Users/oleglapinin/MyProjects/QadriDigest/quadridigest/publish/publisher.py", line 54, in _toggle_edit
    await evt.edit_message(txt, buttons=btns, link_preview=False)
          ^^^^^^^^^^^^^^^^
AttributeError: 'Event' object has no attribute 'edit_message'
2025-09-25 15:14:44,188 [ERROR] telethon.client.updates: Unhandled exception on on_more
Traceback (most recent call last):
  File "/Users/oleglapinin/MyProjects/QadriDigest/.venv/lib/python3.11/site-packages/telethon/client/updates.py", line 570, in _dispatch_update
    await callback(event)
  File "/Users/oleglapinin/MyProjects/QadriDigest/quadridigest/publish/publisher.py", line 26, in on_more
    await self._toggle_edit(evt, cid, rec)
  File "/Users/oleglapinin/MyProjects/QadriDigest/quadridigest/publish/publisher.py", line 54, in _toggle_edit
    await evt.edit_message(txt, buttons=btns, link_preview=False)
          ^^^^^^^^^^^^^^^^
AttributeError: 'Event' object has no attribute 'edit_message'
2025-09-25 15:14:50,299 [ERROR] telethon.client.updates: Unhandled exception on on_more
Traceback (most recent call last):
  File "/Users/oleglapinin/MyProjects/QadriDigest/.venv/lib/python3.11/site-packages/telethon/client/updates.py", line 570, in _dispatch_update
    await callback(event)
  File "/Users/oleglapinin/MyProjects/QadriDigest/quadridigest/publish/publisher.py", line 26, in on_more
    await self._toggle_edit(evt, cid, rec)
  File "/Users/oleglapinin/MyProjects/QadriDigest/quadridigest/publish/publisher.py", line 54, in _toggle_edit
    await evt.edit_message(txt, buttons=btns, link_preview=False)
          ^^^^^^^^^^^^^^^^
AttributeError: 'Event' object has no attribute 'edit_message'
2025-09-25 15:15:04,298 [ERROR] telethon.client.updates: Unhandled exception on on_more
Traceback (most recent call last):
  File "/Users/oleglapinin/MyProjects/QadriDigest/.venv/lib/python3.11/site-packages/telethon/client/updates.py", line 570, in _dispatch_update
    await callback(event)
  File "/Users/oleglapinin/MyProjects/QadriDigest/quadridigest/publish/publisher.py", line 26, in on_more
    await self._toggle_edit(evt, cid, rec)
  File "/Users/oleglapinin/MyProjects/QadriDigest/quadridigest/publish/publisher.py", line 54, in _toggle_edit
    await evt.edit_message(txt, buttons=btns, link_preview=False)
          ^^^^^^^^^^^^^^^^
AttributeError: 'Event' object has no attribute 'edit_message'
2025-09-25 15:20:43,514 [ERROR] telethon.client.updates: Unhandled exception on on_more
Traceback (most recent call last):
  File "/Users/oleglapinin/MyProjects/QadriDigest/.venv/lib/python3.11/site-packages/telethon/client/updates.py", line 570, in _dispatch_update
    await callback(event)
  File "/Users/oleglapinin/MyProjects/QadriDigest/quadridigest/publish/publisher.py", line 26, in on_more
    await self._toggle_edit(evt, cid, rec)
  File "/Users/oleglapinin/MyProjects/QadriDigest/quadridigest/publish/publisher.py", line 54, in _toggle_edit
    await evt.edit_message(txt, buttons=btns, link_preview=False)
          ^^^^^^^^^^^^^^^^
AttributeError: 'Event' object has no attribute 'edit_message'
2025-09-25 15:22:49,061 [INFO] quadridigest.fetch.sources: Fetched 172 messages from 10 sources (user session)
2025-09-25 15:24:02,578 [INFO] quadridigest.fetch.sources: Fetched 74 messages from 4 sources (user session)
2025-09-25 15:25:46,300 [ERROR] telethon.client.updates: Unhandled exception on on_more
Traceback (most recent call last):
  File "/Users/oleglapinin/MyProjects/QadriDigest/.venv/lib/python3.11/site-packages/telethon/client/updates.py", line 570, in _dispatch_update
    await callback(event)
  File "/Users/oleglapinin/MyProjects/QadriDigest/quadridigest/publish/publisher.py", line 26, in on_more
    await self._toggle_edit(evt, cid, rec)
  File "/Users/oleglapinin/MyProjects/QadriDigest/quadridigest/publish/publisher.py", line 54, in _toggle_edit
    await evt.edit_message(txt, buttons=btns, link_preview=False)
          ^^^^^^^^^^^^^^^^
AttributeError: 'Event' object has no attribute 'edit_message'
2025-09-25 15:33:44,190 [INFO] quadridigest.fetch.sources: Fetched 74 messages from 4 sources (user session)
2025-09-25 16:16:00,231 [INFO] quadridigest.fetch.sources: Fetched 74 messages from 4 sources (user session)
2025-09-25 16:17:00,438 [ERROR] quadridigest.publish.publisher: Unhandled exception on on_more: Content of the message was not modified (caused by EditMessageRequest)
Traceback (most recent call last):
  File "/Users/oleglapinin/MyProjects/QadriDigest/quadridigest/publish/publisher.py", line 26, in on_more
    await self._toggle_edit(evt, cid, rec)
  File "/Users/oleglapinin/MyProjects/QadriDigest/quadridigest/publish/publisher.py", line 73, in _toggle_edit
    await evt.edit(txt, buttons=btns, link_preview=False)
  File "/Users/oleglapinin/MyProjects/QadriDigest/.venv/lib/python3.11/site-packages/telethon/events/callbackquery.py", line 321, in edit
    return await self._client.edit_message(
           ^^^^^^^^^^^^^^^^^^^^^^^^^^^^^^^^
  File "/Users/oleglapinin/MyProjects/QadriDigest/.venv/lib/python3.11/site-packages/telethon/client/messages.py", line 1230, in edit_message
    msg = self._get_response_message(request, await self(request), entity)
                                              ^^^^^^^^^^^^^^^^^^^
  File "/Users/oleglapinin/MyProjects/QadriDigest/.venv/lib/python3.11/site-packages/telethon/client/users.py", line 30, in __call__
    return await self._call(self._sender, request, ordered=ordered)
           ^^^^^^^^^^^^^^^^^^^^^^^^^^^^^^^^^^^^^^^^^^^^^^^^^^^^^^^^
  File "/Users/oleglapinin/MyProjects/QadriDigest/.venv/lib/python3.11/site-packages/telethon/client/users.py", line 87, in _call
    result = await future
             ^^^^^^^^^^^^
telethon.errors.rpcerrorlist.MessageNotModifiedError: Content of the message was not modified (caused by EditMessageRequest)
2025-09-25 16:17:00,617 [ERROR] quadridigest.publish.publisher: Unhandled exception on on_more: Content of the message was not modified (caused by EditMessageRequest)
Traceback (most recent call last):
  File "/Users/oleglapinin/MyProjects/QadriDigest/quadridigest/publish/publisher.py", line 26, in on_more
    await self._toggle_edit(evt, cid, rec)
  File "/Users/oleglapinin/MyProjects/QadriDigest/quadridigest/publish/publisher.py", line 73, in _toggle_edit
    await evt.edit(txt, buttons=btns, link_preview=False)
  File "/Users/oleglapinin/MyProjects/QadriDigest/.venv/lib/python3.11/site-packages/telethon/events/callbackquery.py", line 321, in edit
    return await self._client.edit_message(
           ^^^^^^^^^^^^^^^^^^^^^^^^^^^^^^^^
  File "/Users/oleglapinin/MyProjects/QadriDigest/.venv/lib/python3.11/site-packages/telethon/client/messages.py", line 1230, in edit_message
    msg = self._get_response_message(request, await self(request), entity)
                                              ^^^^^^^^^^^^^^^^^^^
  File "/Users/oleglapinin/MyProjects/QadriDigest/.venv/lib/python3.11/site-packages/telethon/client/users.py", line 30, in __call__
    return await self._call(self._sender, request, ordered=ordered)
           ^^^^^^^^^^^^^^^^^^^^^^^^^^^^^^^^^^^^^^^^^^^^^^^^^^^^^^^^
  File "/Users/oleglapinin/MyProjects/QadriDigest/.venv/lib/python3.11/site-packages/telethon/client/users.py", line 87, in _call
    result = await future
             ^^^^^^^^^^^^
telethon.errors.rpcerrorlist.MessageNotModifiedError: Content of the message was not modified (caused by EditMessageRequest)
2025-09-25 16:17:14,029 [ERROR] quadridigest.publish.publisher: Unhandled exception on on_more: Content of the message was not modified (caused by EditMessageRequest)
Traceback (most recent call last):
  File "/Users/oleglapinin/MyProjects/QadriDigest/quadridigest/publish/publisher.py", line 26, in on_more
    await self._toggle_edit(evt, cid, rec)
  File "/Users/oleglapinin/MyProjects/QadriDigest/quadridigest/publish/publisher.py", line 73, in _toggle_edit
    await evt.edit(txt, buttons=btns, link_preview=False)
  File "/Users/oleglapinin/MyProjects/QadriDigest/.venv/lib/python3.11/site-packages/telethon/events/callbackquery.py", line 321, in edit
    return await self._client.edit_message(
           ^^^^^^^^^^^^^^^^^^^^^^^^^^^^^^^^
  File "/Users/oleglapinin/MyProjects/QadriDigest/.venv/lib/python3.11/site-packages/telethon/client/messages.py", line 1230, in edit_message
    msg = self._get_response_message(request, await self(request), entity)
                                              ^^^^^^^^^^^^^^^^^^^
  File "/Users/oleglapinin/MyProjects/QadriDigest/.venv/lib/python3.11/site-packages/telethon/client/users.py", line 30, in __call__
    return await self._call(self._sender, request, ordered=ordered)
           ^^^^^^^^^^^^^^^^^^^^^^^^^^^^^^^^^^^^^^^^^^^^^^^^^^^^^^^^
  File "/Users/oleglapinin/MyProjects/QadriDigest/.venv/lib/python3.11/site-packages/telethon/client/users.py", line 87, in _call
    result = await future
             ^^^^^^^^^^^^
telethon.errors.rpcerrorlist.MessageNotModifiedError: Content of the message was not modified (caused by EditMessageRequest)
2025-09-25 16:18:00,535 [ERROR] quadridigest.publish.publisher: Unhandled exception on on_more: Content of the message was not modified (caused by EditMessageRequest)
Traceback (most recent call last):
  File "/Users/oleglapinin/MyProjects/QadriDigest/quadridigest/publish/publisher.py", line 26, in on_more
    await self._toggle_edit(evt, cid, rec)
  File "/Users/oleglapinin/MyProjects/QadriDigest/quadridigest/publish/publisher.py", line 73, in _toggle_edit
    await evt.edit(txt, buttons=btns, link_preview=False)
  File "/Users/oleglapinin/MyProjects/QadriDigest/.venv/lib/python3.11/site-packages/telethon/events/callbackquery.py", line 321, in edit
    return await self._client.edit_message(
           ^^^^^^^^^^^^^^^^^^^^^^^^^^^^^^^^
  File "/Users/oleglapinin/MyProjects/QadriDigest/.venv/lib/python3.11/site-packages/telethon/client/messages.py", line 1230, in edit_message
    msg = self._get_response_message(request, await self(request), entity)
                                              ^^^^^^^^^^^^^^^^^^^
  File "/Users/oleglapinin/MyProjects/QadriDigest/.venv/lib/python3.11/site-packages/telethon/client/users.py", line 30, in __call__
    return await self._call(self._sender, request, ordered=ordered)
           ^^^^^^^^^^^^^^^^^^^^^^^^^^^^^^^^^^^^^^^^^^^^^^^^^^^^^^^^
  File "/Users/oleglapinin/MyProjects/QadriDigest/.venv/lib/python3.11/site-packages/telethon/client/users.py", line 87, in _call
    result = await future
             ^^^^^^^^^^^^
telethon.errors.rpcerrorlist.MessageNotModifiedError: Content of the message was not modified (caused by EditMessageRequest)
2025-09-25 16:18:10,449 [ERROR] quadridigest.publish.publisher: Unhandled exception on on_more: Content of the message was not modified (caused by EditMessageRequest)
Traceback (most recent call last):
  File "/Users/oleglapinin/MyProjects/QadriDigest/quadridigest/publish/publisher.py", line 26, in on_more
    await self._toggle_edit(evt, cid, rec)
  File "/Users/oleglapinin/MyProjects/QadriDigest/quadridigest/publish/publisher.py", line 73, in _toggle_edit
    await evt.edit(txt, buttons=btns, link_preview=False)
  File "/Users/oleglapinin/MyProjects/QadriDigest/.venv/lib/python3.11/site-packages/telethon/events/callbackquery.py", line 321, in edit
    return await self._client.edit_message(
           ^^^^^^^^^^^^^^^^^^^^^^^^^^^^^^^^
  File "/Users/oleglapinin/MyProjects/QadriDigest/.venv/lib/python3.11/site-packages/telethon/client/messages.py", line 1230, in edit_message
    msg = self._get_response_message(request, await self(request), entity)
                                              ^^^^^^^^^^^^^^^^^^^
  File "/Users/oleglapinin/MyProjects/QadriDigest/.venv/lib/python3.11/site-packages/telethon/client/users.py", line 30, in __call__
    return await self._call(self._sender, request, ordered=ordered)
           ^^^^^^^^^^^^^^^^^^^^^^^^^^^^^^^^^^^^^^^^^^^^^^^^^^^^^^^^
  File "/Users/oleglapinin/MyProjects/QadriDigest/.venv/lib/python3.11/site-packages/telethon/client/users.py", line 87, in _call
    result = await future
             ^^^^^^^^^^^^
telethon.errors.rpcerrorlist.MessageNotModifiedError: Content of the message was not modified (caused by EditMessageRequest)
2025-09-25 16:19:00,865 [ERROR] quadridigest.publish.publisher: Unhandled exception on on_more: Content of the message was not modified (caused by EditMessageRequest)
Traceback (most recent call last):
  File "/Users/oleglapinin/MyProjects/QadriDigest/quadridigest/publish/publisher.py", line 26, in on_more
    await self._toggle_edit(evt, cid, rec)
  File "/Users/oleglapinin/MyProjects/QadriDigest/quadridigest/publish/publisher.py", line 73, in _toggle_edit
    await evt.edit(txt, buttons=btns, link_preview=False)
  File "/Users/oleglapinin/MyProjects/QadriDigest/.venv/lib/python3.11/site-packages/telethon/events/callbackquery.py", line 321, in edit
    return await self._client.edit_message(
           ^^^^^^^^^^^^^^^^^^^^^^^^^^^^^^^^
  File "/Users/oleglapinin/MyProjects/QadriDigest/.venv/lib/python3.11/site-packages/telethon/client/messages.py", line 1230, in edit_message
    msg = self._get_response_message(request, await self(request), entity)
                                              ^^^^^^^^^^^^^^^^^^^
  File "/Users/oleglapinin/MyProjects/QadriDigest/.venv/lib/python3.11/site-packages/telethon/client/users.py", line 30, in __call__
    return await self._call(self._sender, request, ordered=ordered)
           ^^^^^^^^^^^^^^^^^^^^^^^^^^^^^^^^^^^^^^^^^^^^^^^^^^^^^^^^
  File "/Users/oleglapinin/MyProjects/QadriDigest/.venv/lib/python3.11/site-packages/telethon/client/users.py", line 87, in _call
    result = await future
             ^^^^^^^^^^^^
telethon.errors.rpcerrorlist.MessageNotModifiedError: Content of the message was not modified (caused by EditMessageRequest)
2025-09-25 16:20:08,591 [INFO] root: Stay alive for 1800 seconds to handle callbacks…
2025-09-25 16:23:45,429 [INFO] quadridigest.fetch.sources: Fetched 182 messages from 4 sources (user session)
2025-09-25 16:23:45,433 [INFO] root: [DRY] politics → #politics
2025-09-25 16:23:45,434 [INFO] root: [DRY] politics → #politics
2025-09-25 16:23:45,436 [INFO] root: [DRY] politics → #politics
2025-09-25 16:23:45,437 [INFO] root: [DRY] politics → #politics
2025-09-25 16:23:45,439 [INFO] root: [DRY] politics → #politics
2025-09-25 16:23:45,440 [INFO] root: [DRY] politics → #politics
2025-09-25 16:23:45,441 [INFO] root: [DRY] politics → #politics
2025-09-25 16:23:45,443 [INFO] root: [DRY] politics → #politics
2025-09-25 16:23:45,444 [INFO] root: [DRY] politics → #politics
2025-09-25 16:23:45,445 [INFO] root: [DRY] politics → #politics
2025-09-25 16:23:45,446 [INFO] root: [DRY] politics → #politics
2025-09-25 16:23:45,447 [INFO] root: [DRY] politics → #politics
2025-09-25 16:23:45,448 [INFO] root: [DRY] politics → #politics
2025-09-25 16:23:45,449 [INFO] root: [DRY] politics → #politics
2025-09-25 16:23:45,450 [INFO] root: [DRY] politics → #politics
2025-09-25 16:23:45,451 [INFO] root: [DRY] politics → #politics
2025-09-25 16:23:45,452 [INFO] root: [DRY] politics → #politics
2025-09-25 16:23:45,453 [INFO] root: [DRY] politics → #politics
2025-09-25 16:23:45,454 [INFO] root: [DRY] politics → #politics
2025-09-25 16:23:45,455 [INFO] root: [DRY] politics → #politics
2025-09-25 16:23:45,463 [INFO] root: [DRY] politics → #politics
2025-09-25 16:23:45,471 [INFO] root: [DRY] politics → #politics
2025-09-25 16:23:45,479 [INFO] root: [DRY] politics → #politics
2025-09-25 16:23:45,488 [INFO] root: [DRY] politics → #politics
2025-09-25 16:23:45,496 [INFO] root: [DRY] politics → #politics
2025-09-25 16:23:45,504 [INFO] root: [DRY] politics → #politics
2025-09-25 16:23:45,512 [INFO] root: [DRY] politics → #politics
2025-09-25 16:23:45,520 [INFO] root: [DRY] politics → #politics
2025-09-25 16:23:45,527 [INFO] root: [DRY] politics → #politics
2025-09-25 16:23:45,535 [INFO] root: [DRY] politics → #politics
2025-09-25 16:23:45,543 [INFO] root: [DRY] politics → #politics
2025-09-25 16:23:45,551 [INFO] root: [DRY] politics → #politics
2025-09-25 16:23:45,559 [INFO] root: [DRY] politics → #politics
2025-09-25 16:23:45,567 [INFO] root: [DRY] politics → #politics
2025-09-25 16:23:45,575 [INFO] root: [DRY] politics → #politics
2025-09-25 16:23:45,583 [INFO] root: [DRY] politics → #politics
2025-09-25 16:23:45,592 [INFO] root: [DRY] politics → #politics
2025-09-25 16:23:45,600 [INFO] root: [DRY] politics → #politics
2025-09-25 16:23:45,608 [INFO] root: [DRY] politics → #politics
2025-09-25 16:23:45,616 [INFO] root: [DRY] politics → #politics
2025-09-25 16:23:45,624 [INFO] root: [DRY] politics → #politics
2025-09-25 16:23:45,632 [INFO] root: [DRY] politics → #politics
2025-09-25 16:23:45,640 [INFO] root: [DRY] politics → #politics
2025-09-25 16:23:45,648 [INFO] root: [DRY] politics → #politics
2025-09-25 16:23:45,656 [INFO] root: [DRY] politics → #politics
2025-09-25 16:23:45,665 [INFO] root: [DRY] politics → #politics
2025-09-25 16:23:45,673 [INFO] root: [DRY] politics → #politics
2025-09-25 16:23:45,674 [INFO] root: [DRY] trading → #trading
2025-09-25 16:23:45,675 [INFO] root: [DRY] trading → #trading
2025-09-25 16:23:45,675 [INFO] root: [DRY] trading → #trading
2025-09-25 16:23:45,676 [INFO] root: [DRY] trading → #trading
2025-09-25 16:23:45,677 [INFO] root: [DRY] trading → #trading
2025-09-25 16:23:45,678 [INFO] root: [DRY] trading → #trading
2025-09-25 16:23:45,679 [INFO] root: [DRY] trading → #trading
2025-09-25 16:23:45,680 [INFO] root: [DRY] trading → #trading
2025-09-25 16:23:45,681 [INFO] root: [DRY] trading → #trading
2025-09-25 16:23:45,682 [INFO] root: [DRY] trading → #trading
2025-09-25 16:23:45,683 [INFO] root: [DRY] trading → #trading
2025-09-25 16:23:45,684 [INFO] root: [DRY] trading → #trading
2025-09-25 16:23:45,685 [INFO] root: [DRY] trading → #trading
2025-09-25 16:23:45,685 [INFO] root: [DRY] trading → #trading
2025-09-25 16:23:45,686 [INFO] root: [DRY] trading → #trading
2025-09-25 16:23:45,687 [INFO] root: [DRY] trading → #trading
2025-09-25 16:23:45,688 [INFO] root: [DRY] trading → #trading
2025-09-25 16:23:45,689 [INFO] root: [DRY] trading → #trading
2025-09-25 16:23:45,689 [INFO] root: [DRY] trading → #trading
2025-09-25 16:23:45,690 [INFO] root: [DRY] trading → #trading
2025-09-25 16:23:45,691 [INFO] root: [DRY] trading → #trading
2025-09-25 16:23:45,700 [INFO] root: [DRY] trading → #trading
2025-09-25 16:23:45,708 [INFO] root: [DRY] trading → #trading
2025-09-25 16:23:45,716 [INFO] root: [DRY] trading → #trading
2025-09-25 16:23:45,725 [INFO] root: [DRY] trading → #trading
2025-09-25 16:23:45,733 [INFO] root: [DRY] trading → #trading
2025-09-25 16:23:45,741 [INFO] root: [DRY] trading → #trading
2025-09-25 16:23:45,750 [INFO] root: [DRY] trading → #trading
2025-09-25 16:23:45,758 [INFO] root: [DRY] trading → #trading
2025-09-25 16:23:45,767 [INFO] root: [DRY] trading → #trading
2025-09-25 16:23:45,776 [INFO] root: [DRY] trading → #trading
2025-09-25 16:23:45,784 [INFO] root: [DRY] trading → #trading
2025-09-25 16:23:45,792 [INFO] root: [DRY] trading → #trading
2025-09-25 16:23:45,801 [INFO] root: [DRY] trading → #trading
2025-09-25 16:23:45,809 [INFO] root: [DRY] trading → #trading
2025-09-25 16:23:45,818 [INFO] root: [DRY] trading → #trading
2025-09-25 16:23:45,826 [INFO] root: [DRY] trading → #trading
2025-09-25 16:23:45,835 [INFO] root: [DRY] trading → #trading
2025-09-25 16:23:45,844 [INFO] root: [DRY] trading → #trading
2025-09-25 16:23:45,852 [INFO] root: [DRY] trading → #trading
2025-09-25 16:23:45,861 [INFO] root: [DRY] trading → #trading
2025-09-25 16:23:45,869 [INFO] root: [DRY] trading → #trading
2025-09-25 16:23:45,878 [INFO] root: [DRY] trading → #trading
2025-09-25 16:23:45,887 [INFO] root: [DRY] trading → #trading
2025-09-25 16:23:45,895 [INFO] root: [DRY] trading → #trading
2025-09-25 16:23:45,904 [INFO] root: [DRY] trading → #trading
2025-09-25 16:23:45,913 [INFO] root: [DRY] trading → #trading
2025-09-25 16:23:45,921 [INFO] root: [DRY] trading → #trading
2025-09-25 16:23:45,930 [INFO] root: [DRY] trading → #trading
2025-09-25 16:23:45,938 [INFO] root: [DRY] trading → #trading
2025-09-25 16:23:45,939 [INFO] root: [DRY] pf → #pf
2025-09-25 16:23:45,940 [INFO] root: [DRY] pf → #pf
2025-09-25 16:23:45,941 [INFO] root: [DRY] pf → #pf
2025-09-25 16:23:45,942 [INFO] root: [DRY] pf → #pf
2025-09-25 16:23:45,942 [INFO] root: [DRY] pf → #pf
2025-09-25 16:23:45,943 [INFO] root: [DRY] pf → #pf
2025-09-25 16:23:45,944 [INFO] root: [DRY] pf → #pf
2025-09-25 16:23:45,945 [INFO] root: [DRY] pf → #pf
2025-09-25 16:23:45,946 [INFO] root: [DRY] pf → #pf
2025-09-25 16:23:45,947 [INFO] root: [DRY] pf → #pf
2025-09-25 16:23:45,947 [INFO] root: [DRY] pf → #pf
2025-09-25 16:23:45,948 [INFO] root: [DRY] pf → #pf
2025-09-25 16:23:45,949 [INFO] root: [DRY] pf → #pf
2025-09-25 16:23:45,950 [INFO] root: [DRY] pf → #pf
2025-09-25 16:23:45,951 [INFO] root: [DRY] pf → #pf
2025-09-25 16:23:45,951 [INFO] root: [DRY] pf → #pf
2025-09-25 16:23:45,952 [INFO] root: [DRY] pf → #pf
2025-09-25 16:23:45,953 [INFO] root: [DRY] pf → #pf
2025-09-25 16:23:45,962 [INFO] root: [DRY] pf → #pf
2025-09-25 16:23:45,971 [INFO] root: [DRY] pf → #pf
2025-09-25 16:23:45,980 [INFO] root: [DRY] pf → #pf
2025-09-25 16:23:45,988 [INFO] root: [DRY] pf → #pf
2025-09-25 16:23:45,997 [INFO] root: [DRY] pf → #pf
2025-09-25 16:23:46,006 [INFO] root: [DRY] pf → #pf
2025-09-25 16:23:46,014 [INFO] root: [DRY] pf → #pf
2025-09-25 16:23:46,023 [INFO] root: [DRY] pf → #pf
2025-09-25 16:23:46,032 [INFO] root: [DRY] pf → #pf
2025-09-25 16:23:46,042 [INFO] root: [DRY] pf → #pf
2025-09-25 16:23:46,053 [INFO] root: [DRY] pf → #pf
2025-09-25 16:23:46,062 [INFO] root: [DRY] pf → #pf
2025-09-25 16:23:46,071 [INFO] root: [DRY] pf → #pf
2025-09-25 16:23:46,080 [INFO] root: [DRY] pf → #pf
2025-09-25 16:23:46,089 [INFO] root: [DRY] pf → #pf
2025-09-25 16:23:46,099 [INFO] root: [DRY] pf → #pf
2025-09-25 16:23:46,108 [INFO] root: [DRY] pf → #pf
2025-09-25 16:23:46,117 [INFO] root: [DRY] pf → #pf
2025-09-25 16:23:46,126 [INFO] root: [DRY] pf → #pf
2025-09-25 16:23:46,135 [INFO] root: [DRY] pf → #pf
2025-09-25 16:23:46,144 [INFO] root: [DRY] pf → #pf
2025-09-25 16:23:46,153 [INFO] root: [DRY] pf → #pf
2025-09-25 16:23:46,163 [INFO] root: [DRY] pf → #pf
2025-09-25 16:23:46,163 [INFO] root: [DRY] politics → #politics
2025-09-25 16:23:46,164 [INFO] root: [DRY] politics → #politics
2025-09-25 16:23:46,165 [INFO] root: [DRY] politics → #politics
2025-09-25 16:23:46,166 [INFO] root: [DRY] politics → #politics
2025-09-25 16:23:46,167 [INFO] root: [DRY] politics → #politics
2025-09-25 16:23:46,167 [INFO] root: [DRY] politics → #politics
2025-09-25 16:23:46,169 [INFO] root: [DRY] politics → #politics
2025-09-25 16:23:46,169 [INFO] root: [DRY] politics → #politics
2025-09-25 16:23:46,170 [INFO] root: [DRY] politics → #politics
2025-09-25 16:23:46,171 [INFO] root: [DRY] politics → #politics
2025-09-25 16:23:46,172 [INFO] root: [DRY] politics → #politics
2025-09-25 16:23:46,173 [INFO] root: [DRY] politics → #politics
2025-09-25 16:23:46,174 [INFO] root: [DRY] politics → #politics
2025-09-25 16:23:46,175 [INFO] root: [DRY] politics → #politics
2025-09-25 16:23:46,175 [INFO] root: [DRY] politics → #politics
2025-09-25 16:23:46,176 [INFO] root: [DRY] politics → #politics
2025-09-25 16:23:46,177 [INFO] root: [DRY] politics → #politics
2025-09-25 16:23:46,178 [INFO] root: [DRY] politics → #politics
2025-09-25 16:23:46,179 [INFO] root: [DRY] politics → #politics
2025-09-25 16:23:46,188 [INFO] root: [DRY] politics → #politics
2025-09-25 16:23:46,197 [INFO] root: [DRY] politics → #politics
2025-09-25 16:23:46,206 [INFO] root: [DRY] politics → #politics
2025-09-25 16:23:46,216 [INFO] root: [DRY] politics → #politics
2025-09-25 16:23:46,225 [INFO] root: [DRY] politics → #politics
2025-09-25 16:23:46,234 [INFO] root: [DRY] politics → #politics
2025-09-25 16:23:46,243 [INFO] root: [DRY] politics → #politics
2025-09-25 16:23:46,253 [INFO] root: [DRY] politics → #politics
2025-09-25 16:23:46,262 [INFO] root: [DRY] politics → #politics
2025-09-25 16:23:46,275 [INFO] root: [DRY] politics → #politics
2025-09-25 16:23:46,284 [INFO] root: [DRY] politics → #politics
2025-09-25 16:23:46,294 [INFO] root: [DRY] politics → #politics
2025-09-25 16:23:46,304 [INFO] root: [DRY] politics → #politics
2025-09-25 16:23:46,313 [INFO] root: [DRY] politics → #politics
2025-09-25 16:23:46,322 [INFO] root: [DRY] politics → #politics
2025-09-25 16:23:46,332 [INFO] root: [DRY] politics → #politics
2025-09-25 16:23:46,342 [INFO] root: [DRY] politics → #politics
2025-09-25 16:23:46,352 [INFO] root: [DRY] politics → #politics
2025-09-25 16:23:46,362 [INFO] root: [DRY] politics → #politics
2025-09-25 16:23:46,372 [INFO] root: [DRY] politics → #politics
2025-09-25 16:23:46,394 [INFO] root: [DRY] politics → #politics
2025-09-25 16:23:46,404 [INFO] root: [DRY] politics → #politics
2025-09-25 16:23:46,413 [INFO] root: [DRY] politics → #politics
2025-09-25 16:23:46,423 [INFO] root: [DRY] politics → #politics
2025-09-25 16:23:46,432 [INFO] root: [DRY] politics → #politics
2025-09-25 16:34:25,830 [INFO] quadridigest.fetch.sources: Fetched 75 messages from 4 sources (user session)
2025-09-25 16:34:46,285 [ERROR] quadridigest.publish.publisher: Unhandled exception on on_more: 'Event' object has no attribute 'message'
Traceback (most recent call last):
  File "/Users/oleglapinin/MyProjects/QadriDigest/quadridigest/publish/publisher.py", line 27, in on_more
    await self._toggle_edit(evt, cid, rec)
  File "/Users/oleglapinin/MyProjects/QadriDigest/quadridigest/publish/publisher.py", line 82, in _toggle_edit
    cur_msg: Message = evt.message
                       ^^^^^^^^^^^
AttributeError: 'Event' object has no attribute 'message'
2025-09-25 16:34:52,204 [ERROR] quadridigest.publish.publisher: Unhandled exception on on_more: 'Event' object has no attribute 'message'
Traceback (most recent call last):
  File "/Users/oleglapinin/MyProjects/QadriDigest/quadridigest/publish/publisher.py", line 27, in on_more
    await self._toggle_edit(evt, cid, rec)
  File "/Users/oleglapinin/MyProjects/QadriDigest/quadridigest/publish/publisher.py", line 82, in _toggle_edit
    cur_msg: Message = evt.message
                       ^^^^^^^^^^^
AttributeError: 'Event' object has no attribute 'message'
2025-09-25 16:34:56,525 [ERROR] quadridigest.publish.publisher: Unhandled exception on on_more: 'Event' object has no attribute 'message'
Traceback (most recent call last):
  File "/Users/oleglapinin/MyProjects/QadriDigest/quadridigest/publish/publisher.py", line 27, in on_more
    await self._toggle_edit(evt, cid, rec)
  File "/Users/oleglapinin/MyProjects/QadriDigest/quadridigest/publish/publisher.py", line 82, in _toggle_edit
    cur_msg: Message = evt.message
                       ^^^^^^^^^^^
AttributeError: 'Event' object has no attribute 'message'
2025-09-25 16:35:18,545 [ERROR] quadridigest.publish.publisher: Unhandled exception on on_more: 'Event' object has no attribute 'message'
Traceback (most recent call last):
  File "/Users/oleglapinin/MyProjects/QadriDigest/quadridigest/publish/publisher.py", line 27, in on_more
    await self._toggle_edit(evt, cid, rec)
  File "/Users/oleglapinin/MyProjects/QadriDigest/quadridigest/publish/publisher.py", line 82, in _toggle_edit
    cur_msg: Message = evt.message
                       ^^^^^^^^^^^
AttributeError: 'Event' object has no attribute 'message'
2025-09-25 16:35:22,821 [ERROR] quadridigest.publish.publisher: Unhandled exception on on_more: 'Event' object has no attribute 'message'
Traceback (most recent call last):
  File "/Users/oleglapinin/MyProjects/QadriDigest/quadridigest/publish/publisher.py", line 27, in on_more
    await self._toggle_edit(evt, cid, rec)
  File "/Users/oleglapinin/MyProjects/QadriDigest/quadridigest/publish/publisher.py", line 82, in _toggle_edit
    cur_msg: Message = evt.message
                       ^^^^^^^^^^^
AttributeError: 'Event' object has no attribute 'message'
2025-09-25 16:35:38,372 [ERROR] quadridigest.publish.publisher: Unhandled exception on on_more: 'Event' object has no attribute 'message'
Traceback (most recent call last):
  File "/Users/oleglapinin/MyProjects/QadriDigest/quadridigest/publish/publisher.py", line 27, in on_more
    await self._toggle_edit(evt, cid, rec)
  File "/Users/oleglapinin/MyProjects/QadriDigest/quadridigest/publish/publisher.py", line 82, in _toggle_edit
    cur_msg: Message = evt.message
                       ^^^^^^^^^^^
AttributeError: 'Event' object has no attribute 'message'
2025-09-25 16:37:04,883 [ERROR] quadridigest.publish.publisher: Unhandled exception on on_more: 'Event' object has no attribute 'message'
Traceback (most recent call last):
  File "/Users/oleglapinin/MyProjects/QadriDigest/quadridigest/publish/publisher.py", line 27, in on_more
    await self._toggle_edit(evt, cid, rec)
  File "/Users/oleglapinin/MyProjects/QadriDigest/quadridigest/publish/publisher.py", line 82, in _toggle_edit
    cur_msg: Message = evt.message
                       ^^^^^^^^^^^
AttributeError: 'Event' object has no attribute 'message'
2025-09-25 16:37:40,912 [INFO] root: Stay alive for 1800 seconds to handle callbacks…
2025-09-25 16:38:52,675 [INFO] quadridigest.fetch.sources: Fetched 75 messages from 4 sources (user session)
2025-09-25 16:42:11,291 [INFO] root: Stay alive for 1800 seconds to handle callbacks…
2025-09-25 16:53:33,838 [INFO] quadridigest.fetch.sources: Fetched 75 messages from 4 sources (user session)
2025-09-25 16:53:33,843 [INFO] root: Route: source=readovkanews → topic=politics
2025-09-25 16:53:33,843 [INFO] root: Publish → politics (@qd_personal)
2025-09-25 16:53:34,103 [INFO] root: Route: source=readovkanews → topic=politics
2025-09-25 16:53:34,104 [INFO] root: Publish → politics (@qd_personal)
2025-09-25 16:53:34,288 [INFO] root: Route: source=readovkanews → topic=politics
2025-09-25 16:53:34,289 [INFO] root: Publish → politics (@qd_personal)
2025-09-25 16:53:34,439 [INFO] root: Route: source=readovkanews → topic=politics
2025-09-25 16:53:34,439 [INFO] root: Publish → politics (@qd_personal)
2025-09-25 16:53:34,580 [INFO] root: Route: source=readovkanews → topic=politics
2025-09-25 16:53:34,580 [INFO] root: Publish → politics (@qd_personal)
2025-09-25 16:53:34,734 [INFO] root: Route: source=readovkanews → topic=politics
2025-09-25 16:53:34,735 [INFO] root: Publish → politics (@qd_personal)
2025-09-25 16:53:40,006 [INFO] root: Route: source=readovkanews → topic=politics
2025-09-25 16:53:40,007 [INFO] root: Publish → politics (@qd_personal)
2025-09-25 16:53:40,166 [INFO] root: Route: source=readovkanews → topic=politics
2025-09-25 16:53:40,166 [INFO] root: Publish → politics (@qd_personal)
2025-09-25 16:53:40,358 [INFO] root: Route: source=readovkanews → topic=politics
2025-09-25 16:53:40,358 [INFO] root: Publish → politics (@qd_personal)
2025-09-25 16:53:40,499 [INFO] root: Route: source=readovkanews → topic=politics
2025-09-25 16:53:40,499 [INFO] root: Publish → politics (@qd_personal)
2025-09-25 16:53:40,646 [INFO] root: Route: source=readovkanews → topic=politics
2025-09-25 16:53:40,646 [INFO] root: Publish → politics (@qd_personal)
2025-09-25 16:53:46,044 [INFO] root: Route: source=readovkanews → topic=politics
2025-09-25 16:53:46,044 [INFO] root: Publish → politics (@qd_personal)
2025-09-25 16:53:46,192 [INFO] root: Route: source=readovkanews → topic=politics
2025-09-25 16:53:46,193 [INFO] root: Publish → politics (@qd_personal)
2025-09-25 16:53:46,336 [INFO] root: Route: source=readovkanews → topic=politics
2025-09-25 16:53:46,337 [INFO] root: Publish → politics (@qd_personal)
2025-09-25 16:53:46,485 [INFO] root: Route: source=readovkanews → topic=politics
2025-09-25 16:53:46,485 [INFO] root: Publish → politics (@qd_personal)
2025-09-25 16:53:46,634 [INFO] root: Route: source=readovkanews → topic=politics
2025-09-25 16:53:46,634 [INFO] root: Publish → politics (@qd_personal)
2025-09-25 16:53:51,877 [INFO] root: Route: source=readovkanews → topic=politics
2025-09-25 16:53:51,877 [INFO] root: Publish → politics (@qd_personal)
2025-09-25 16:53:52,030 [INFO] root: Route: source=readovkanews → topic=politics
2025-09-25 16:53:52,030 [INFO] root: Publish → politics (@qd_personal)
2025-09-25 16:53:52,178 [INFO] root: Route: source=bitkogan → topic=trading
2025-09-25 16:53:52,178 [INFO] root: Publish → trading (@qd_personal)
2025-09-25 16:53:52,350 [INFO] root: Route: source=bitkogan → topic=trading
2025-09-25 16:53:52,350 [INFO] root: Publish → trading (@qd_personal)
2025-09-25 16:53:52,490 [INFO] root: Route: source=bitkogan → topic=trading
2025-09-25 16:53:52,491 [INFO] root: Publish → trading (@qd_personal)
2025-09-25 16:54:34,755 [INFO] root: Route: source=bitkogan → topic=trading
2025-09-25 16:54:34,756 [INFO] root: Publish → trading (@qd_personal)
2025-09-25 16:54:34,902 [INFO] root: Route: source=bitkogan → topic=trading
2025-09-25 16:54:34,902 [INFO] root: Publish → trading (@qd_personal)
2025-09-25 16:54:35,042 [INFO] root: Route: source=bitkogan → topic=trading
2025-09-25 16:54:35,043 [INFO] root: Publish → trading (@qd_personal)
2025-09-25 16:54:35,193 [INFO] root: Route: source=bitkogan → topic=trading
2025-09-25 16:54:35,193 [INFO] root: Publish → trading (@qd_personal)
2025-09-25 16:54:35,361 [INFO] root: Route: source=bitkogan → topic=trading
2025-09-25 16:54:35,361 [INFO] root: Publish → trading (@qd_personal)
2025-09-25 16:54:42,752 [INFO] root: Route: source=bitkogan → topic=trading
2025-09-25 16:54:42,752 [INFO] root: Publish → trading (@qd_personal)
2025-09-25 16:54:42,934 [INFO] root: Route: source=bitkogan → topic=trading
2025-09-25 16:54:42,935 [INFO] root: Publish → trading (@qd_personal)
2025-09-25 16:54:43,106 [INFO] root: Route: source=bitkogan → topic=trading
2025-09-25 16:54:43,107 [INFO] root: Publish → trading (@qd_personal)
2025-09-25 16:54:43,259 [INFO] root: Route: source=bitkogan → topic=trading
2025-09-25 16:54:43,260 [INFO] root: Publish → trading (@qd_personal)
2025-09-25 16:54:43,429 [INFO] root: Route: source=bitkogan → topic=trading
2025-09-25 16:54:43,429 [INFO] root: Publish → trading (@qd_personal)
2025-09-25 16:54:47,781 [INFO] root: Route: source=bitkogan → topic=trading
2025-09-25 16:54:47,782 [INFO] root: Publish → trading (@qd_personal)
2025-09-25 16:54:48,057 [INFO] root: Route: source=bitkogan → topic=trading
2025-09-25 16:54:48,057 [INFO] root: Publish → trading (@qd_personal)
2025-09-25 16:54:48,259 [INFO] root: Route: source=bitkogan → topic=trading
2025-09-25 16:54:48,259 [INFO] root: Publish → trading (@qd_personal)
2025-09-25 16:54:48,508 [INFO] root: Route: source=bitkogan → topic=trading
2025-09-25 16:54:48,508 [INFO] root: Publish → trading (@qd_personal)
2025-09-25 16:54:48,754 [INFO] root: Route: source=bitkogan → topic=trading
2025-09-25 16:54:48,754 [INFO] root: Publish → trading (@qd_personal)
2025-09-25 16:54:55,319 [INFO] root: Route: source=bitkogan → topic=trading
2025-09-25 16:54:55,319 [INFO] root: Publish → trading (@qd_personal)
2025-09-25 16:54:55,539 [INFO] root: Route: source=bitkogan → topic=trading
2025-09-25 16:54:55,539 [INFO] root: Publish → trading (@qd_personal)
2025-09-25 16:54:55,723 [INFO] root: Route: source=hranidengi → topic=pf
2025-09-25 16:54:55,723 [INFO] root: Publish → pf (@qd_personal)
2025-09-25 16:54:55,874 [INFO] root: Route: source=hranidengi → topic=pf
2025-09-25 16:54:55,874 [INFO] root: Publish → pf (@qd_personal)
2025-09-25 16:54:56,014 [INFO] root: Route: source=hranidengi → topic=pf
2025-09-25 16:54:56,015 [INFO] root: Publish → pf (@qd_personal)
2025-09-25 16:55:37,582 [INFO] root: Route: source=hranidengi → topic=pf
2025-09-25 16:55:37,582 [INFO] root: Publish → pf (@qd_personal)
2025-09-25 16:55:37,877 [INFO] root: Route: source=hranidengi → topic=pf
2025-09-25 16:55:37,878 [INFO] root: Publish → pf (@qd_personal)
2025-09-25 16:55:38,138 [INFO] root: Route: source=hranidengi → topic=pf
2025-09-25 16:55:38,138 [INFO] root: Publish → pf (@qd_personal)
2025-09-25 16:55:38,349 [INFO] root: Route: source=hranidengi → topic=pf
2025-09-25 16:55:38,349 [INFO] root: Publish → pf (@qd_personal)
2025-09-25 16:55:41,630 [INFO] root: Route: source=hranidengi → topic=pf
2025-09-25 16:55:41,630 [INFO] root: Publish → pf (@qd_personal)
2025-09-25 16:55:41,819 [INFO] root: Route: source=hranidengi → topic=pf
2025-09-25 16:55:41,819 [INFO] root: Publish → pf (@qd_personal)
2025-09-25 16:55:41,969 [INFO] root: Route: source=hranidengi → topic=pf
2025-09-25 16:55:41,969 [INFO] root: Publish → pf (@qd_personal)
2025-09-25 16:55:42,141 [INFO] root: Route: source=hranidengi → topic=pf
2025-09-25 16:55:42,141 [INFO] root: Publish → pf (@qd_personal)
2025-09-25 16:55:42,279 [INFO] root: Route: source=hranidengi → topic=pf
2025-09-25 16:55:42,279 [INFO] root: Publish → pf (@qd_personal)
2025-09-25 16:55:59,781 [INFO] quadridigest.fetch.sources: Fetched 75 messages from 4 sources (user session)
2025-09-25 16:55:59,783 [INFO] root: Route: source=readovkanews → topic=politics
2025-09-25 16:55:59,783 [INFO] root: Publish → politics (@qd_politics)
2025-09-25 16:56:00,208 [INFO] root: Route: source=readovkanews → topic=politics
2025-09-25 16:56:00,208 [INFO] root: Publish → politics (@qd_politics)
2025-09-25 16:56:00,370 [INFO] root: Route: source=readovkanews → topic=politics
2025-09-25 16:56:00,370 [INFO] root: Publish → politics (@qd_politics)
2025-09-25 16:56:00,527 [INFO] root: Route: source=readovkanews → topic=politics
2025-09-25 16:56:00,527 [INFO] root: Publish → politics (@qd_politics)
2025-09-25 16:56:00,703 [INFO] root: Route: source=readovkanews → topic=politics
2025-09-25 16:56:00,703 [INFO] root: Publish → politics (@qd_politics)
2025-09-25 16:56:00,872 [INFO] root: Route: source=readovkanews → topic=politics
2025-09-25 16:56:00,872 [INFO] root: Publish → politics (@qd_politics)
2025-09-25 16:56:08,423 [INFO] root: Route: source=readovkanews → topic=politics
2025-09-25 16:56:08,423 [INFO] root: Publish → politics (@qd_politics)
2025-09-25 16:56:08,695 [INFO] root: Route: source=readovkanews → topic=politics
2025-09-25 16:56:08,695 [INFO] root: Publish → politics (@qd_politics)
2025-09-25 16:56:08,896 [INFO] root: Route: source=readovkanews → topic=politics
2025-09-25 16:56:08,897 [INFO] root: Publish → politics (@qd_politics)
2025-09-25 16:56:09,088 [INFO] root: Route: source=readovkanews → topic=politics
2025-09-25 16:56:09,088 [INFO] root: Publish → politics (@qd_politics)
2025-09-25 16:56:13,359 [INFO] root: Route: source=readovkanews → topic=politics
2025-09-25 16:56:13,359 [INFO] root: Publish → politics (@qd_politics)
2025-09-25 16:56:13,507 [INFO] root: Route: source=readovkanews → topic=politics
2025-09-25 16:56:13,507 [INFO] root: Publish → politics (@qd_politics)
2025-09-25 16:56:13,663 [INFO] root: Route: source=readovkanews → topic=politics
2025-09-25 16:56:13,664 [INFO] root: Publish → politics (@qd_politics)
2025-09-25 16:56:13,805 [INFO] root: Route: source=readovkanews → topic=politics
2025-09-25 16:56:13,805 [INFO] root: Publish → politics (@qd_politics)
2025-09-25 16:56:13,955 [INFO] root: Route: source=readovkanews → topic=politics
2025-09-25 16:56:13,955 [INFO] root: Publish → politics (@qd_politics)
2025-09-25 16:56:21,321 [INFO] root: Route: source=readovkanews → topic=politics
2025-09-25 16:56:21,321 [INFO] root: Publish → politics (@qd_politics)
2025-09-25 16:56:21,472 [INFO] root: Route: source=readovkanews → topic=politics
2025-09-25 16:56:21,472 [INFO] root: Publish → politics (@qd_politics)
2025-09-25 16:56:21,624 [INFO] root: Route: source=readovkanews → topic=politics
2025-09-25 16:56:21,624 [INFO] root: Publish → politics (@qd_politics)
2025-09-25 16:56:21,781 [INFO] root: Route: source=bitkogan → topic=trading
2025-09-25 16:56:21,781 [INFO] root: Publish → trading (@qd_trading)
2025-09-25 16:56:22,028 [INFO] root: Route: source=bitkogan → topic=trading
2025-09-25 16:56:22,028 [INFO] root: Publish → trading (@qd_trading)
2025-09-25 16:56:22,220 [INFO] root: Route: source=bitkogan → topic=trading
2025-09-25 16:56:22,220 [INFO] root: Publish → trading (@qd_trading)
2025-09-25 16:56:22,385 [INFO] root: Route: source=bitkogan → topic=trading
2025-09-25 16:56:22,385 [INFO] root: Publish → trading (@qd_trading)
2025-09-25 16:56:22,535 [INFO] root: Route: source=bitkogan → topic=trading
2025-09-25 16:56:22,535 [INFO] root: Publish → trading (@qd_trading)
2025-09-25 16:56:22,697 [INFO] root: Route: source=bitkogan → topic=trading
2025-09-25 16:56:22,697 [INFO] root: Publish → trading (@qd_trading)
2025-09-25 16:56:28,025 [INFO] root: Route: source=bitkogan → topic=trading
2025-09-25 16:56:28,026 [INFO] root: Publish → trading (@qd_trading)
2025-09-25 16:56:28,304 [INFO] root: Route: source=bitkogan → topic=trading
2025-09-25 16:56:28,305 [INFO] root: Publish → trading (@qd_trading)
2025-09-25 16:56:28,534 [INFO] root: Route: source=bitkogan → topic=trading
2025-09-25 16:56:28,535 [INFO] root: Publish → trading (@qd_trading)
2025-09-25 16:56:28,701 [INFO] root: Route: source=bitkogan → topic=trading
2025-09-25 16:56:28,701 [INFO] root: Publish → trading (@qd_trading)
2025-09-25 16:56:28,853 [INFO] root: Route: source=bitkogan → topic=trading
2025-09-25 16:56:28,853 [INFO] root: Publish → trading (@qd_trading)
2025-09-25 16:56:33,443 [INFO] root: Route: source=bitkogan → topic=trading
2025-09-25 16:56:33,444 [INFO] root: Publish → trading (@qd_trading)
2025-09-25 16:56:33,629 [INFO] root: Route: source=bitkogan → topic=trading
2025-09-25 16:56:33,629 [INFO] root: Publish → trading (@qd_trading)
2025-09-25 16:56:33,792 [INFO] root: Route: source=bitkogan → topic=trading
2025-09-25 16:56:33,792 [INFO] root: Publish → trading (@qd_trading)
2025-09-25 16:56:33,961 [INFO] root: Route: source=bitkogan → topic=trading
2025-09-25 16:56:33,961 [INFO] root: Publish → trading (@qd_trading)
2025-09-25 16:56:34,128 [INFO] root: Route: source=bitkogan → topic=trading
2025-09-25 16:56:34,128 [INFO] root: Publish → trading (@qd_trading)
2025-09-25 16:56:38,551 [INFO] root: Route: source=bitkogan → topic=trading
2025-09-25 16:56:38,551 [INFO] root: Publish → trading (@qd_trading)
2025-09-25 16:56:38,714 [INFO] root: Route: source=bitkogan → topic=trading
2025-09-25 16:56:38,715 [INFO] root: Publish → trading (@qd_trading)
2025-09-25 16:56:38,881 [INFO] root: Route: source=bitkogan → topic=trading
2025-09-25 16:56:38,881 [INFO] root: Publish → trading (@qd_trading)
2025-09-25 16:56:39,035 [INFO] root: Route: source=bitkogan → topic=trading
2025-09-25 16:56:39,036 [INFO] root: Publish → trading (@qd_trading)
2025-09-25 16:56:39,188 [INFO] root: Route: source=hranidengi → topic=pf
2025-09-25 16:56:39,188 [INFO] root: Publish → pf (@qd_personal)
2025-09-25 16:56:39,449 [INFO] root: Route: source=hranidengi → topic=pf
2025-09-25 16:56:39,449 [INFO] root: Publish → pf (@qd_personal)
2025-09-25 16:56:39,578 [INFO] root: Route: source=hranidengi → topic=pf
2025-09-25 16:56:39,578 [INFO] root: Publish → pf (@qd_personal)
2025-09-25 16:56:39,714 [INFO] root: Route: source=hranidengi → topic=pf
2025-09-25 16:56:39,714 [INFO] root: Publish → pf (@qd_personal)
2025-09-25 16:56:39,883 [INFO] root: Route: source=hranidengi → topic=pf
2025-09-25 16:56:39,883 [INFO] root: Publish → pf (@qd_personal)
2025-09-25 16:56:40,040 [INFO] root: Route: source=hranidengi → topic=pf
2025-09-25 16:56:40,040 [INFO] root: Publish → pf (@qd_personal)
2025-09-25 16:56:40,227 [INFO] root: Route: source=hranidengi → topic=pf
2025-09-25 16:56:40,227 [INFO] root: Publish → pf (@qd_personal)
2025-09-25 16:56:47,728 [INFO] root: Route: source=hranidengi → topic=pf
2025-09-25 16:56:47,728 [INFO] root: Publish → pf (@qd_personal)
2025-09-25 16:56:47,932 [INFO] root: Route: source=hranidengi → topic=pf
2025-09-25 16:56:47,932 [INFO] root: Publish → pf (@qd_personal)
2025-09-25 16:56:48,143 [INFO] root: Route: source=hranidengi → topic=pf
2025-09-25 16:56:48,143 [INFO] root: Publish → pf (@qd_personal)
2025-09-25 16:56:48,387 [INFO] root: Route: source=hranidengi → topic=pf
2025-09-25 16:56:48,388 [INFO] root: Publish → pf (@qd_personal)
2025-09-25 16:56:48,657 [INFO] root: Route: source=hranidengi → topic=pf
2025-09-25 16:56:48,657 [INFO] root: Publish → pf (@qd_personal)
2025-09-25 16:56:52,995 [INFO] root: Route: source=hranidengi → topic=pf
2025-09-25 16:56:52,995 [INFO] root: Publish → pf (@qd_personal)
2025-09-25 16:56:53,167 [INFO] root: Route: source=hranidengi → topic=pf
2025-09-25 16:56:53,167 [INFO] root: Publish → pf (@qd_personal)
2025-09-25 16:56:53,357 [INFO] root: Route: source=hranidengi → topic=pf
2025-09-25 16:56:53,357 [INFO] root: Publish → pf (@qd_personal)
2025-09-25 16:56:53,561 [INFO] root: Route: source=hranidengi → topic=pf
2025-09-25 16:56:53,561 [INFO] root: Publish → pf (@qd_personal)
2025-09-25 16:56:53,724 [INFO] root: Route: source=hranidengi → topic=pf
2025-09-25 16:56:53,725 [INFO] root: Publish → pf (@qd_personal)
2025-09-25 16:56:59,003 [INFO] root: Route: source=hranidengi → topic=pf
2025-09-25 16:56:59,003 [INFO] root: Publish → pf (@qd_personal)
2025-09-25 16:56:59,149 [INFO] root: Route: source=hranidengi → topic=pf
2025-09-25 16:56:59,149 [INFO] root: Publish → pf (@qd_personal)
2025-09-25 16:56:59,296 [INFO] root: Route: source=SecLabNews → topic=politics
2025-09-25 16:56:59,296 [INFO] root: Publish → politics (@qd_politics)
2025-09-25 16:57:02,653 [INFO] root: Route: source=SecLabNews → topic=politics
2025-09-25 16:57:02,654 [INFO] root: Publish → politics (@qd_politics)
2025-09-25 16:57:02,815 [INFO] root: Route: source=SecLabNews → topic=politics
2025-09-25 16:57:02,815 [INFO] root: Publish → politics (@qd_politics)
2025-09-25 16:57:02,954 [INFO] root: Route: source=SecLabNews → topic=politics
2025-09-25 16:57:02,954 [INFO] root: Publish → politics (@qd_politics)
2025-09-25 16:57:03,323 [INFO] root: Route: source=SecLabNews → topic=politics
2025-09-25 16:57:03,323 [INFO] root: Publish → politics (@qd_politics)
2025-09-25 16:57:06,562 [INFO] root: Route: source=SecLabNews → topic=politics
2025-09-25 16:57:06,563 [INFO] root: Publish → politics (@qd_politics)
2025-09-25 16:57:06,715 [INFO] root: Route: source=SecLabNews → topic=politics
2025-09-25 16:57:06,716 [INFO] root: Publish → politics (@qd_politics)
2025-09-25 16:57:06,914 [INFO] root: Route: source=SecLabNews → topic=politics
2025-09-25 16:57:06,914 [INFO] root: Publish → politics (@qd_politics)
2025-09-25 16:57:07,058 [INFO] root: Route: source=SecLabNews → topic=politics
2025-09-25 16:57:07,058 [INFO] root: Publish → politics (@qd_politics)
2025-09-25 16:57:07,216 [INFO] root: Route: source=SecLabNews → topic=politics
2025-09-25 16:57:07,217 [INFO] root: Publish → politics (@qd_politics)
2025-09-25 16:57:14,539 [INFO] root: Route: source=SecLabNews → topic=politics
2025-09-25 16:57:14,540 [INFO] root: Publish → politics (@qd_politics)
2025-09-25 16:57:14,679 [INFO] root: Route: source=SecLabNews → topic=politics
2025-09-25 16:57:14,679 [INFO] root: Publish → politics (@qd_politics)
2025-09-25 16:57:14,820 [INFO] root: Route: source=SecLabNews → topic=politics
2025-09-25 16:57:14,820 [INFO] root: Publish → politics (@qd_politics)
2025-09-25 16:57:14,962 [INFO] root: Route: source=SecLabNews → topic=politics
2025-09-25 16:57:14,962 [INFO] root: Publish → politics (@qd_politics)
2025-09-25 16:57:15,110 [INFO] root: Route: source=SecLabNews → topic=politics
2025-09-25 16:57:15,110 [INFO] root: Publish → politics (@qd_politics)
2025-09-25 16:57:22,556 [INFO] root: Route: source=SecLabNews → topic=politics
2025-09-25 16:57:22,556 [INFO] root: Publish → politics (@qd_politics)
2025-09-25 16:57:22,743 [INFO] root: Route: source=SecLabNews → topic=politics
2025-09-25 16:57:22,743 [INFO] root: Publish → politics (@qd_politics)
2025-09-25 16:57:22,927 [INFO] root: Route: source=SecLabNews → topic=politics
2025-09-25 16:57:22,927 [INFO] root: Publish → politics (@qd_politics)
2025-09-25 16:57:23,083 [INFO] root: Stay alive for 1200 seconds to handle callbacks…
2025-09-25 17:01:11,045 [INFO] quadridigest.fetch.sources: Fetched 75 messages from 4 sources (user session)
2025-09-25 17:01:11,050 [INFO] root: Route: source=readovkanews → topic=politics
2025-09-25 17:01:11,050 [INFO] root: Publish → politics (@qd_politics)
2025-09-25 17:01:11,313 [INFO] root: Route: source=readovkanews → topic=politics
2025-09-25 17:01:11,313 [INFO] root: Publish → politics (@qd_politics)
2025-09-25 17:01:11,471 [INFO] root: Route: source=readovkanews → topic=politics
2025-09-25 17:01:11,471 [INFO] root: Publish → politics (@qd_politics)
2025-09-25 17:01:11,619 [INFO] root: Route: source=readovkanews → topic=politics
2025-09-25 17:01:11,619 [INFO] root: Publish → politics (@qd_politics)
2025-09-25 17:01:11,771 [INFO] root: Route: source=readovkanews → topic=politics
2025-09-25 17:01:11,771 [INFO] root: Publish → politics (@qd_politics)
2025-09-25 17:01:11,929 [INFO] root: Route: source=readovkanews → topic=politics
2025-09-25 17:01:11,929 [INFO] root: Publish → politics (@qd_politics)
2025-09-25 17:01:19,343 [INFO] root: Route: source=readovkanews → topic=politics
2025-09-25 17:01:19,344 [INFO] root: Publish → politics (@qd_politics)
2025-09-25 17:01:19,519 [INFO] root: Route: source=readovkanews → topic=politics
2025-09-25 17:01:19,519 [INFO] root: Publish → politics (@qd_politics)
2025-09-25 17:01:19,688 [INFO] root: Route: source=readovkanews → topic=politics
2025-09-25 17:01:19,688 [INFO] root: Publish → politics (@qd_politics)
2025-09-25 17:01:19,845 [INFO] root: Route: source=readovkanews → topic=politics
2025-09-25 17:01:19,845 [INFO] root: Publish → politics (@qd_politics)
2025-09-25 17:01:19,996 [INFO] root: Route: source=readovkanews → topic=politics
2025-09-25 17:01:19,996 [INFO] root: Publish → politics (@qd_politics)
2025-09-25 17:01:27,418 [INFO] root: Route: source=readovkanews → topic=politics
2025-09-25 17:01:27,418 [INFO] root: Publish → politics (@qd_politics)
2025-09-25 17:01:27,643 [INFO] root: Route: source=readovkanews → topic=politics
2025-09-25 17:01:27,643 [INFO] root: Publish → politics (@qd_politics)
2025-09-25 17:01:27,827 [INFO] root: Route: source=readovkanews → topic=politics
2025-09-25 17:01:27,827 [INFO] root: Publish → politics (@qd_politics)
2025-09-25 17:01:28,001 [INFO] root: Route: source=readovkanews → topic=politics
2025-09-25 17:01:28,002 [INFO] root: Publish → politics (@qd_politics)
2025-09-25 17:01:28,200 [INFO] root: Route: source=readovkanews → topic=politics
2025-09-25 17:01:28,201 [INFO] root: Publish → politics (@qd_politics)
2025-09-25 17:01:32,703 [INFO] root: Route: source=readovkanews → topic=politics
2025-09-25 17:01:32,703 [INFO] root: Publish → politics (@qd_politics)
2025-09-25 17:01:33,014 [INFO] root: Route: source=readovkanews → topic=politics
2025-09-25 17:01:33,014 [INFO] root: Publish → politics (@qd_politics)
2025-09-25 17:01:33,276 [INFO] root: Route: source=bitkogan → topic=trading
2025-09-25 17:01:33,276 [INFO] root: Publish → trading (@qd_trading)
2025-09-25 17:01:33,679 [INFO] root: Route: source=bitkogan → topic=trading
2025-09-25 17:01:33,680 [INFO] root: Publish → trading (@qd_trading)
2025-09-25 17:01:33,846 [INFO] root: Route: source=bitkogan → topic=trading
2025-09-25 17:01:33,846 [INFO] root: Publish → trading (@qd_trading)
2025-09-25 17:01:34,007 [INFO] root: Route: source=bitkogan → topic=trading
2025-09-25 17:01:34,008 [INFO] root: Publish → trading (@qd_trading)
2025-09-25 17:01:34,164 [INFO] root: Route: source=bitkogan → topic=trading
2025-09-25 17:01:34,164 [INFO] root: Publish → trading (@qd_trading)
2025-09-25 17:01:34,356 [INFO] root: Route: source=bitkogan → topic=trading
2025-09-25 17:01:34,356 [INFO] root: Publish → trading (@qd_trading)
2025-09-25 17:01:38,687 [INFO] root: Route: source=bitkogan → topic=trading
2025-09-25 17:01:38,688 [INFO] root: Publish → trading (@qd_trading)
2025-09-25 17:01:38,883 [INFO] root: Route: source=bitkogan → topic=trading
2025-09-25 17:01:38,884 [INFO] root: Publish → trading (@qd_trading)
2025-09-25 17:01:39,092 [INFO] root: Route: source=bitkogan → topic=trading
2025-09-25 17:01:39,093 [INFO] root: Publish → trading (@qd_trading)
2025-09-25 17:01:39,290 [INFO] root: Route: source=bitkogan → topic=trading
2025-09-25 17:01:39,290 [INFO] root: Publish → trading (@qd_trading)
2025-09-25 17:01:39,490 [INFO] root: Route: source=bitkogan → topic=trading
2025-09-25 17:01:39,490 [INFO] root: Publish → trading (@qd_trading)
2025-09-25 17:01:43,801 [INFO] root: Route: source=bitkogan → topic=trading
2025-09-25 17:01:43,801 [INFO] root: Publish → trading (@qd_trading)
2025-09-25 17:01:43,960 [INFO] root: Route: source=bitkogan → topic=trading
2025-09-25 17:01:43,960 [INFO] root: Publish → trading (@qd_trading)
2025-09-25 17:01:44,128 [INFO] root: Route: source=bitkogan → topic=trading
2025-09-25 17:01:44,128 [INFO] root: Publish → trading (@qd_trading)
2025-09-25 17:01:44,307 [INFO] root: Route: source=bitkogan → topic=trading
2025-09-25 17:01:44,308 [INFO] root: Publish → trading (@qd_trading)
2025-09-25 17:01:44,499 [INFO] root: Route: source=bitkogan → topic=trading
2025-09-25 17:01:44,499 [INFO] root: Publish → trading (@qd_trading)
2025-09-25 17:01:51,896 [INFO] root: Route: source=bitkogan → topic=trading
2025-09-25 17:01:51,896 [INFO] root: Publish → trading (@qd_trading)
2025-09-25 17:01:52,068 [INFO] root: Route: source=bitkogan → topic=trading
2025-09-25 17:01:52,068 [INFO] root: Publish → trading (@qd_trading)
2025-09-25 17:01:52,234 [INFO] root: Route: source=bitkogan → topic=trading
2025-09-25 17:01:52,234 [INFO] root: Publish → trading (@qd_trading)
2025-09-25 17:01:52,394 [INFO] root: Route: source=bitkogan → topic=trading
2025-09-25 17:01:52,394 [INFO] root: Publish → trading (@qd_trading)
2025-09-25 17:01:52,553 [INFO] root: Route: source=hranidengi → topic=pf
2025-09-25 17:01:52,553 [INFO] root: Publish → pf (@qd_personal)
2025-09-25 17:01:52,804 [INFO] root: Route: source=hranidengi → topic=pf
2025-09-25 17:01:52,804 [INFO] root: Publish → pf (@qd_personal)
2025-09-25 17:01:52,975 [INFO] root: Route: source=hranidengi → topic=pf
2025-09-25 17:01:52,975 [INFO] root: Publish → pf (@qd_personal)
2025-09-25 17:01:53,147 [INFO] root: Route: source=hranidengi → topic=pf
2025-09-25 17:01:53,147 [INFO] root: Publish → pf (@qd_personal)
2025-09-25 17:01:53,347 [INFO] root: Route: source=hranidengi → topic=pf
2025-09-25 17:01:53,347 [INFO] root: Publish → pf (@qd_personal)
2025-09-25 17:01:53,560 [INFO] root: Route: source=hranidengi → topic=pf
2025-09-25 17:01:53,560 [INFO] root: Publish → pf (@qd_personal)
2025-09-25 17:01:57,863 [INFO] root: Route: source=hranidengi → topic=pf
2025-09-25 17:01:57,863 [INFO] root: Publish → pf (@qd_personal)
2025-09-25 17:01:58,019 [INFO] root: Route: source=hranidengi → topic=pf
2025-09-25 17:01:58,019 [INFO] root: Publish → pf (@qd_personal)
2025-09-25 17:01:58,174 [INFO] root: Route: source=hranidengi → topic=pf
2025-09-25 17:01:58,174 [INFO] root: Publish → pf (@qd_personal)
2025-09-25 17:01:58,337 [INFO] root: Route: source=hranidengi → topic=pf
2025-09-25 17:01:58,337 [INFO] root: Publish → pf (@qd_personal)
2025-09-25 17:01:58,503 [INFO] root: Route: source=hranidengi → topic=pf
2025-09-25 17:01:58,503 [INFO] root: Publish → pf (@qd_personal)
2025-09-25 17:02:05,904 [INFO] root: Route: source=hranidengi → topic=pf
2025-09-25 17:02:05,905 [INFO] root: Publish → pf (@qd_personal)
2025-09-25 17:02:06,092 [INFO] root: Route: source=hranidengi → topic=pf
2025-09-25 17:02:06,093 [INFO] root: Publish → pf (@qd_personal)
2025-09-25 17:02:06,290 [INFO] root: Route: source=hranidengi → topic=pf
2025-09-25 17:02:06,290 [INFO] root: Publish → pf (@qd_personal)
2025-09-25 17:02:06,509 [INFO] root: Route: source=hranidengi → topic=pf
2025-09-25 17:02:06,509 [INFO] root: Publish → pf (@qd_personal)
2025-09-25 17:02:06,763 [INFO] root: Route: source=hranidengi → topic=pf
2025-09-25 17:02:06,764 [INFO] root: Publish → pf (@qd_personal)
2025-09-25 17:02:10,197 [INFO] root: Route: source=hranidengi → topic=pf
2025-09-25 17:02:10,198 [INFO] root: Publish → pf (@qd_personal)
2025-09-25 17:02:13,469 [INFO] root: Route: source=hranidengi → topic=pf
2025-09-25 17:02:13,469 [INFO] root: Publish → pf (@qd_personal)
2025-09-25 17:02:13,655 [INFO] root: Route: source=hranidengi → topic=pf
2025-09-25 17:02:13,655 [INFO] root: Publish → pf (@qd_personal)
2025-09-25 17:02:13,815 [INFO] root: Route: source=SecLabNews → topic=infosec
2025-09-25 17:02:13,816 [INFO] root: Publish → infosec (@qd_infosec)
2025-09-25 17:02:14,081 [INFO] root: Route: source=SecLabNews → topic=infosec
2025-09-25 17:02:14,081 [INFO] root: Publish → infosec (@qd_infosec)
2025-09-25 17:02:14,261 [INFO] root: Route: source=SecLabNews → topic=infosec
2025-09-25 17:02:14,261 [INFO] root: Publish → infosec (@qd_infosec)
2025-09-25 17:02:14,417 [INFO] root: Route: source=SecLabNews → topic=infosec
2025-09-25 17:02:14,417 [INFO] root: Publish → infosec (@qd_infosec)
2025-09-25 17:02:14,573 [INFO] root: Route: source=SecLabNews → topic=infosec
2025-09-25 17:02:14,573 [INFO] root: Publish → infosec (@qd_infosec)
2025-09-25 17:02:14,723 [INFO] root: Route: source=SecLabNews → topic=infosec
2025-09-25 17:02:14,723 [INFO] root: Publish → infosec (@qd_infosec)
2025-09-25 17:02:20,132 [INFO] root: Route: source=SecLabNews → topic=infosec
2025-09-25 17:02:20,133 [INFO] root: Publish → infosec (@qd_infosec)
2025-09-25 17:02:20,452 [INFO] root: Route: source=SecLabNews → topic=infosec
2025-09-25 17:02:20,452 [INFO] root: Publish → infosec (@qd_infosec)
2025-09-25 17:02:20,827 [INFO] root: Route: source=SecLabNews → topic=infosec
2025-09-25 17:02:20,827 [INFO] root: Publish → infosec (@qd_infosec)
2025-09-25 17:02:21,189 [INFO] root: Route: source=SecLabNews → topic=infosec
2025-09-25 17:02:21,189 [INFO] root: Publish → infosec (@qd_infosec)
2025-09-25 17:02:21,514 [INFO] root: Route: source=SecLabNews → topic=infosec
2025-09-25 17:02:21,515 [INFO] root: Publish → infosec (@qd_infosec)
2025-09-25 17:02:25,934 [INFO] root: Route: source=SecLabNews → topic=infosec
2025-09-25 17:02:25,934 [INFO] root: Publish → infosec (@qd_infosec)
2025-09-25 17:02:26,087 [INFO] root: Route: source=SecLabNews → topic=infosec
2025-09-25 17:02:26,088 [INFO] root: Publish → infosec (@qd_infosec)
2025-09-25 17:02:26,250 [INFO] root: Route: source=SecLabNews → topic=infosec
2025-09-25 17:02:26,250 [INFO] root: Publish → infosec (@qd_infosec)
2025-09-25 17:02:26,413 [INFO] root: Route: source=SecLabNews → topic=infosec
2025-09-25 17:02:26,413 [INFO] root: Publish → infosec (@qd_infosec)
2025-09-25 17:02:26,562 [INFO] root: Route: source=SecLabNews → topic=infosec
2025-09-25 17:02:26,563 [INFO] root: Publish → infosec (@qd_infosec)
2025-09-25 17:02:26,732 [INFO] root: Route: source=SecLabNews → topic=infosec
2025-09-25 17:02:26,732 [INFO] root: Publish → infosec (@qd_infosec)
2025-09-25 17:02:32,026 [INFO] root: Route: source=SecLabNews → topic=infosec
2025-09-25 17:02:32,026 [INFO] root: Publish → infosec (@qd_infosec)
2025-09-25 17:02:32,239 [INFO] root: Stay alive for 1200 seconds to handle callbacks…
2025-09-25 17:02:33,669 [ERROR] quadridigest.publish.publisher: Edit failed: The query ID is invalid (caused by SetBotCallbackAnswerRequest)
Traceback (most recent call last):
  File "/Users/oleglapinin/MyProjects/QadriDigest/quadridigest/publish/publisher.py", line 116, in _toggle_edit
    await evt.answer()
  File "/Users/oleglapinin/MyProjects/QadriDigest/.venv/lib/python3.11/site-packages/telethon/events/callbackquery.py", line 245, in answer
    return await self._client(
           ^^^^^^^^^^^^^^^^^^^
  File "/Users/oleglapinin/MyProjects/QadriDigest/.venv/lib/python3.11/site-packages/telethon/client/users.py", line 30, in __call__
    return await self._call(self._sender, request, ordered=ordered)
           ^^^^^^^^^^^^^^^^^^^^^^^^^^^^^^^^^^^^^^^^^^^^^^^^^^^^^^^^
  File "/Users/oleglapinin/MyProjects/QadriDigest/.venv/lib/python3.11/site-packages/telethon/client/users.py", line 87, in _call
    result = await future
             ^^^^^^^^^^^^
telethon.errors.rpcerrorlist.QueryIdInvalidError: The query ID is invalid (caused by SetBotCallbackAnswerRequest)
2025-09-25 17:02:34,086 [ERROR] quadridigest.publish.publisher: Edit failed: The query ID is invalid (caused by SetBotCallbackAnswerRequest)
Traceback (most recent call last):
  File "/Users/oleglapinin/MyProjects/QadriDigest/quadridigest/publish/publisher.py", line 116, in _toggle_edit
    await evt.answer()
  File "/Users/oleglapinin/MyProjects/QadriDigest/.venv/lib/python3.11/site-packages/telethon/events/callbackquery.py", line 245, in answer
    return await self._client(
           ^^^^^^^^^^^^^^^^^^^
  File "/Users/oleglapinin/MyProjects/QadriDigest/.venv/lib/python3.11/site-packages/telethon/client/users.py", line 30, in __call__
    return await self._call(self._sender, request, ordered=ordered)
           ^^^^^^^^^^^^^^^^^^^^^^^^^^^^^^^^^^^^^^^^^^^^^^^^^^^^^^^^
  File "/Users/oleglapinin/MyProjects/QadriDigest/.venv/lib/python3.11/site-packages/telethon/client/users.py", line 87, in _call
    result = await future
             ^^^^^^^^^^^^
telethon.errors.rpcerrorlist.QueryIdInvalidError: The query ID is invalid (caused by SetBotCallbackAnswerRequest)
2025-09-25 17:02:34,410 [ERROR] quadridigest.publish.publisher: Edit failed: The query ID is invalid (caused by SetBotCallbackAnswerRequest)
Traceback (most recent call last):
  File "/Users/oleglapinin/MyProjects/QadriDigest/quadridigest/publish/publisher.py", line 116, in _toggle_edit
    await evt.answer()
  File "/Users/oleglapinin/MyProjects/QadriDigest/.venv/lib/python3.11/site-packages/telethon/events/callbackquery.py", line 245, in answer
    return await self._client(
           ^^^^^^^^^^^^^^^^^^^
  File "/Users/oleglapinin/MyProjects/QadriDigest/.venv/lib/python3.11/site-packages/telethon/client/users.py", line 30, in __call__
    return await self._call(self._sender, request, ordered=ordered)
           ^^^^^^^^^^^^^^^^^^^^^^^^^^^^^^^^^^^^^^^^^^^^^^^^^^^^^^^^
  File "/Users/oleglapinin/MyProjects/QadriDigest/.venv/lib/python3.11/site-packages/telethon/client/users.py", line 87, in _call
    result = await future
             ^^^^^^^^^^^^
telethon.errors.rpcerrorlist.QueryIdInvalidError: The query ID is invalid (caused by SetBotCallbackAnswerRequest)
2025-09-25 17:07:34,744 [INFO] quadridigest.fetch.sources: Fetched 75 messages from 4 sources (user session)
2025-09-25 17:07:34,762 [INFO] root: Route: source=readovkanews → topic=politics
2025-09-25 17:07:34,763 [INFO] root: Publish → politics (@qd_politics)
2025-09-25 17:07:35,023 [INFO] root: Route: source=readovkanews → topic=politics
2025-09-25 17:07:35,023 [INFO] root: Publish → politics (@qd_politics)
2025-09-25 17:07:35,170 [INFO] root: Route: source=readovkanews → topic=politics
2025-09-25 17:07:35,170 [INFO] root: Publish → politics (@qd_politics)
2025-09-25 17:07:35,317 [INFO] root: Route: source=readovkanews → topic=politics
2025-09-25 17:07:35,317 [INFO] root: Publish → politics (@qd_politics)
2025-09-25 17:07:35,469 [INFO] root: Route: source=readovkanews → topic=politics
2025-09-25 17:07:35,469 [INFO] root: Publish → politics (@qd_politics)
2025-09-25 17:07:35,615 [INFO] root: Route: source=readovkanews → topic=politics
2025-09-25 17:07:35,615 [INFO] root: Publish → politics (@qd_politics)
2025-09-25 17:07:40,861 [INFO] root: Route: source=readovkanews → topic=politics
2025-09-25 17:07:40,861 [INFO] root: Publish → politics (@qd_politics)
2025-09-25 17:07:41,018 [INFO] root: Route: source=readovkanews → topic=politics
2025-09-25 17:07:41,018 [INFO] root: Publish → politics (@qd_politics)
2025-09-25 17:07:41,165 [INFO] root: Route: source=readovkanews → topic=politics
2025-09-25 17:07:41,165 [INFO] root: Publish → politics (@qd_politics)
2025-09-25 17:07:41,317 [INFO] root: Route: source=readovkanews → topic=politics
2025-09-25 17:07:41,317 [INFO] root: Publish → politics (@qd_politics)
2025-09-25 17:07:41,470 [INFO] root: Route: source=readovkanews → topic=politics
2025-09-25 17:07:41,471 [INFO] root: Publish → politics (@qd_politics)
2025-09-25 17:07:48,930 [INFO] root: Route: source=readovkanews → topic=politics
2025-09-25 17:07:48,930 [INFO] root: Publish → politics (@qd_politics)
2025-09-25 17:07:49,081 [INFO] root: Route: source=readovkanews → topic=politics
2025-09-25 17:07:49,081 [INFO] root: Publish → politics (@qd_politics)
2025-09-25 17:07:49,246 [INFO] root: Route: source=readovkanews → topic=politics
2025-09-25 17:07:49,246 [INFO] root: Publish → politics (@qd_politics)
2025-09-25 17:07:49,398 [INFO] root: Route: source=readovkanews → topic=politics
2025-09-25 17:07:49,398 [INFO] root: Publish → politics (@qd_politics)
2025-09-25 17:07:49,554 [INFO] root: Route: source=readovkanews → topic=politics
2025-09-25 17:07:49,554 [INFO] root: Publish → politics (@qd_politics)
2025-09-25 17:07:56,959 [INFO] root: Route: source=readovkanews → topic=politics
2025-09-25 17:07:56,959 [INFO] root: Publish → politics (@qd_politics)
2025-09-25 17:07:57,154 [INFO] root: Route: source=readovkanews → topic=politics
2025-09-25 17:07:57,155 [INFO] root: Publish → politics (@qd_politics)
2025-09-25 17:07:57,361 [INFO] root: Route: source=bitkogan → topic=trading
2025-09-25 17:07:57,361 [INFO] root: Publish → trading (@qd_trading)
2025-09-25 17:07:57,850 [INFO] root: Route: source=bitkogan → topic=trading
2025-09-25 17:07:57,851 [INFO] root: Publish → trading (@qd_trading)
2025-09-25 17:07:58,156 [INFO] root: Route: source=bitkogan → topic=trading
2025-09-25 17:07:58,156 [INFO] root: Publish → trading (@qd_trading)
2025-09-25 17:07:58,405 [INFO] root: Route: source=bitkogan → topic=trading
2025-09-25 17:07:58,405 [INFO] root: Publish → trading (@qd_trading)
2025-09-25 17:07:58,588 [INFO] root: Route: source=bitkogan → topic=trading
2025-09-25 17:07:58,588 [INFO] root: Publish → trading (@qd_trading)
2025-09-25 17:07:58,734 [INFO] root: Route: source=bitkogan → topic=trading
2025-09-25 17:07:58,734 [INFO] root: Publish → trading (@qd_trading)
2025-09-25 17:08:02,983 [INFO] root: Route: source=bitkogan → topic=trading
2025-09-25 17:08:02,983 [INFO] root: Publish → trading (@qd_trading)
2025-09-25 17:08:03,129 [INFO] root: Route: source=bitkogan → topic=trading
2025-09-25 17:08:03,129 [INFO] root: Publish → trading (@qd_trading)
2025-09-25 17:08:03,275 [INFO] root: Route: source=bitkogan → topic=trading
2025-09-25 17:08:03,275 [INFO] root: Publish → trading (@qd_trading)
2025-09-25 17:08:03,430 [INFO] root: Route: source=bitkogan → topic=trading
2025-09-25 17:08:03,431 [INFO] root: Publish → trading (@qd_trading)
2025-09-25 17:08:03,579 [INFO] root: Route: source=bitkogan → topic=trading
2025-09-25 17:08:03,580 [INFO] root: Publish → trading (@qd_trading)
2025-09-25 17:08:08,858 [INFO] root: Route: source=bitkogan → topic=trading
2025-09-25 17:08:08,858 [INFO] root: Publish → trading (@qd_trading)
2025-09-25 17:08:09,037 [INFO] root: Route: source=bitkogan → topic=trading
2025-09-25 17:08:09,037 [INFO] root: Publish → trading (@qd_trading)
2025-09-25 17:08:09,241 [INFO] root: Route: source=bitkogan → topic=trading
2025-09-25 17:08:09,241 [INFO] root: Publish → trading (@qd_trading)
2025-09-25 17:08:09,424 [INFO] root: Route: source=bitkogan → topic=trading
2025-09-25 17:08:09,424 [INFO] root: Publish → trading (@qd_trading)
2025-09-25 17:08:09,644 [INFO] root: Route: source=bitkogan → topic=trading
2025-09-25 17:08:09,645 [INFO] root: Publish → trading (@qd_trading)
2025-09-25 17:08:14,063 [INFO] root: Route: source=bitkogan → topic=trading
2025-09-25 17:08:14,063 [INFO] root: Publish → trading (@qd_trading)
2025-09-25 17:08:14,261 [INFO] root: Route: source=bitkogan → topic=trading
2025-09-25 17:08:14,261 [INFO] root: Publish → trading (@qd_trading)
2025-09-25 17:08:14,466 [INFO] root: Route: source=bitkogan → topic=trading
2025-09-25 17:08:14,467 [INFO] root: Publish → trading (@qd_trading)
2025-09-25 17:08:14,653 [INFO] root: Route: source=bitkogan → topic=trading
2025-09-25 17:08:14,653 [INFO] root: Publish → trading (@qd_trading)
2025-09-25 17:08:14,888 [INFO] root: Route: source=hranidengi → topic=pf
2025-09-25 17:08:14,888 [INFO] root: Publish → pf (@qd_personal)
2025-09-25 17:08:15,328 [INFO] root: Route: source=hranidengi → topic=pf
2025-09-25 17:08:15,329 [INFO] root: Publish → pf (@qd_personal)
2025-09-25 17:08:15,560 [INFO] root: Route: source=hranidengi → topic=pf
2025-09-25 17:08:15,560 [INFO] root: Publish → pf (@qd_personal)
2025-09-25 17:08:15,800 [INFO] root: Route: source=hranidengi → topic=pf
2025-09-25 17:08:15,800 [INFO] root: Publish → pf (@qd_personal)
2025-09-25 17:08:16,046 [INFO] root: Route: source=hranidengi → topic=pf
2025-09-25 17:08:16,047 [INFO] root: Publish → pf (@qd_personal)
2025-09-25 17:08:16,335 [INFO] root: Route: source=hranidengi → topic=pf
2025-09-25 17:08:16,335 [INFO] root: Publish → pf (@qd_personal)
2025-09-25 17:08:20,778 [INFO] root: Route: source=hranidengi → topic=pf
2025-09-25 17:08:20,778 [INFO] root: Publish → pf (@qd_personal)
2025-09-25 17:08:21,068 [INFO] root: Route: source=hranidengi → topic=pf
2025-09-25 17:08:21,068 [INFO] root: Publish → pf (@qd_personal)
2025-09-25 17:08:21,332 [INFO] root: Route: source=hranidengi → topic=pf
2025-09-25 17:08:21,332 [INFO] root: Publish → pf (@qd_personal)
2025-09-25 17:08:21,472 [INFO] root: Route: source=hranidengi → topic=pf
2025-09-25 17:08:21,473 [INFO] root: Publish → pf (@qd_personal)
2025-09-25 17:08:21,656 [INFO] root: Route: source=hranidengi → topic=pf
2025-09-25 17:08:21,657 [INFO] root: Publish → pf (@qd_personal)
2025-09-25 17:08:25,911 [INFO] root: Route: source=hranidengi → topic=pf
2025-09-25 17:08:25,912 [INFO] root: Publish → pf (@qd_personal)
2025-09-25 17:08:26,066 [INFO] root: Route: source=hranidengi → topic=pf
2025-09-25 17:08:26,066 [INFO] root: Publish → pf (@qd_personal)
2025-09-25 17:08:26,243 [INFO] root: Route: source=hranidengi → topic=pf
2025-09-25 17:08:26,243 [INFO] root: Publish → pf (@qd_personal)
2025-09-25 17:08:26,410 [INFO] root: Route: source=hranidengi → topic=pf
2025-09-25 17:08:26,410 [INFO] root: Publish → pf (@qd_personal)
2025-09-25 17:08:26,585 [INFO] root: Route: source=hranidengi → topic=pf
2025-09-25 17:08:26,585 [INFO] root: Publish → pf (@qd_personal)
2025-09-25 17:08:33,932 [INFO] root: Route: source=hranidengi → topic=pf
2025-09-25 17:08:33,933 [INFO] root: Publish → pf (@qd_personal)
2025-09-25 17:08:34,098 [INFO] root: Route: source=hranidengi → topic=pf
2025-09-25 17:08:34,098 [INFO] root: Publish → pf (@qd_personal)
2025-09-25 17:08:34,235 [INFO] root: Route: source=hranidengi → topic=pf
2025-09-25 17:08:34,235 [INFO] root: Publish → pf (@qd_personal)
2025-09-25 17:08:34,397 [INFO] root: Route: source=SecLabNews → topic=infosec
2025-09-25 17:08:34,397 [INFO] root: Publish → infosec (@qd_infosec)
2025-09-25 17:08:34,758 [INFO] root: Route: source=SecLabNews → topic=infosec
2025-09-25 17:08:34,758 [INFO] root: Publish → infosec (@qd_infosec)
2025-09-25 17:08:34,988 [INFO] root: Route: source=SecLabNews → topic=infosec
2025-09-25 17:08:34,988 [INFO] root: Publish → infosec (@qd_infosec)
2025-09-25 17:08:35,292 [INFO] root: Route: source=SecLabNews → topic=infosec
2025-09-25 17:08:35,292 [INFO] root: Publish → infosec (@qd_infosec)
2025-09-25 17:08:35,696 [INFO] root: Route: source=SecLabNews → topic=infosec
2025-09-25 17:08:35,697 [INFO] root: Publish → infosec (@qd_infosec)
2025-09-25 17:08:35,932 [INFO] root: Route: source=SecLabNews → topic=infosec
2025-09-25 17:08:35,932 [INFO] root: Publish → infosec (@qd_infosec)
2025-09-25 17:08:42,633 [INFO] root: Route: source=SecLabNews → topic=infosec
2025-09-25 17:08:42,634 [INFO] root: Publish → infosec (@qd_infosec)
2025-09-25 17:08:42,963 [INFO] root: Route: source=SecLabNews → topic=infosec
2025-09-25 17:08:42,964 [INFO] root: Publish → infosec (@qd_infosec)
2025-09-25 17:08:43,232 [INFO] root: Route: source=SecLabNews → topic=infosec
2025-09-25 17:08:43,233 [INFO] root: Publish → infosec (@qd_infosec)
2025-09-25 17:08:43,494 [INFO] root: Route: source=SecLabNews → topic=infosec
2025-09-25 17:08:43,494 [INFO] root: Publish → infosec (@qd_infosec)
2025-09-25 17:08:43,699 [INFO] root: Route: source=SecLabNews → topic=infosec
2025-09-25 17:08:43,699 [INFO] root: Publish → infosec (@qd_infosec)
2025-09-25 17:08:48,011 [INFO] root: Route: source=SecLabNews → topic=infosec
2025-09-25 17:08:48,011 [INFO] root: Publish → infosec (@qd_infosec)
2025-09-25 17:08:48,201 [INFO] root: Route: source=SecLabNews → topic=infosec
2025-09-25 17:08:48,201 [INFO] root: Publish → infosec (@qd_infosec)
2025-09-25 17:08:48,427 [INFO] root: Route: source=SecLabNews → topic=infosec
2025-09-25 17:08:48,427 [INFO] root: Publish → infosec (@qd_infosec)
2025-09-25 17:08:48,695 [INFO] root: Route: source=SecLabNews → topic=infosec
2025-09-25 17:08:48,695 [INFO] root: Publish → infosec (@qd_infosec)
2025-09-25 17:08:48,964 [INFO] root: Route: source=SecLabNews → topic=infosec
2025-09-25 17:08:48,964 [INFO] root: Publish → infosec (@qd_infosec)
2025-09-25 17:08:53,303 [INFO] root: Route: source=SecLabNews → topic=infosec
2025-09-25 17:08:53,303 [INFO] root: Publish → infosec (@qd_infosec)
2025-09-25 17:08:53,443 [INFO] root: Route: source=SecLabNews → topic=infosec
2025-09-25 17:08:53,443 [INFO] root: Publish → infosec (@qd_infosec)
2025-09-25 17:08:53,614 [INFO] root: Stay alive for 1200 seconds to handle callbacks…
2025-09-25 17:21:30,539 [WARNING] quadridigest.fetch.sources: Failed to fetch from investor_catalog: No user has "investor_catalog" as username
2025-09-25 17:22:23,986 [WARNING] quadridigest.fetch.sources: Failed to fetch from cach_in_tablic: No user has "cach_in_tablic" as username
2025-09-25 17:22:25,973 [WARNING] quadridigest.fetch.sources: Telethon RPC error for haccing: Nobody is using this username, or the username is unacceptable. If the latter, it must match r"[a-zA-Z][\w\d]{3,30}[a-zA-Z\d]" (caused by ResolveUsernameRequest)
2025-09-25 17:22:27,813 [INFO] quadridigest.fetch.sources: Fetched 2208 messages from 55 sources (user session)
2025-09-25 17:22:27,818 [INFO] root: Route: source=readovkanews → topic=politics
2025-09-25 17:22:27,818 [INFO] root: [DRY] politics → #politics
2025-09-25 17:22:27,820 [INFO] root: Route: source=readovkanews → topic=politics
2025-09-25 17:22:27,820 [INFO] root: [DRY] politics → #politics
2025-09-25 17:22:27,822 [INFO] root: Route: source=readovkanews → topic=politics
2025-09-25 17:22:27,822 [INFO] root: [DRY] politics → #politics
2025-09-25 17:22:27,825 [INFO] root: Route: source=readovkanews → topic=politics
2025-09-25 17:22:27,825 [INFO] root: [DRY] politics → #politics
2025-09-25 17:22:27,827 [INFO] root: Route: source=readovkanews → topic=politics
2025-09-25 17:22:27,827 [INFO] root: [DRY] politics → #politics
2025-09-25 17:22:27,828 [INFO] root: Route: source=readovkanews → topic=politics
2025-09-25 17:22:27,828 [INFO] root: [DRY] politics → #politics
2025-09-25 17:22:27,830 [INFO] root: Route: source=readovkanews → topic=politics
2025-09-25 17:22:27,830 [INFO] root: [DRY] politics → #politics
2025-09-25 17:22:27,831 [INFO] root: Route: source=readovkanews → topic=politics
2025-09-25 17:22:27,831 [INFO] root: [DRY] politics → #politics
2025-09-25 17:22:27,832 [INFO] root: Route: source=readovkanews → topic=politics
2025-09-25 17:22:27,833 [INFO] root: [DRY] politics → #politics
2025-09-25 17:22:27,834 [INFO] root: Route: source=readovkanews → topic=politics
2025-09-25 17:22:27,834 [INFO] root: [DRY] politics → #politics
2025-09-25 17:22:27,835 [INFO] root: Route: source=readovkanews → topic=politics
2025-09-25 17:22:27,835 [INFO] root: [DRY] politics → #politics
2025-09-25 17:22:27,836 [INFO] root: Route: source=readovkanews → topic=politics
2025-09-25 17:22:27,836 [INFO] root: [DRY] politics → #politics
2025-09-25 17:22:27,839 [INFO] root: Route: source=readovkanews → topic=politics
2025-09-25 17:22:27,839 [INFO] root: [DRY] politics → #politics
2025-09-25 17:22:27,840 [INFO] root: Route: source=readovkanews → topic=politics
2025-09-25 17:22:27,840 [INFO] root: [DRY] politics → #politics
2025-09-25 17:22:27,841 [INFO] root: Route: source=readovkanews → topic=politics
2025-09-25 17:22:27,841 [INFO] root: [DRY] politics → #politics
2025-09-25 17:22:27,842 [INFO] root: Route: source=readovkanews → topic=politics
2025-09-25 17:22:27,843 [INFO] root: [DRY] politics → #politics
2025-09-25 17:22:27,844 [INFO] root: Route: source=readovkanews → topic=politics
2025-09-25 17:22:27,844 [INFO] root: [DRY] politics → #politics
2025-09-25 17:22:27,845 [INFO] root: Route: source=readovkanews → topic=politics
2025-09-25 17:22:27,845 [INFO] root: [DRY] politics → #politics
2025-09-25 17:22:27,846 [INFO] root: Route: source=readovkanews → topic=politics
2025-09-25 17:22:27,846 [INFO] root: [DRY] politics → #politics
2025-09-25 17:22:27,847 [INFO] root: Route: source=readovkanews → topic=politics
2025-09-25 17:22:27,847 [INFO] root: [DRY] politics → #politics
2025-09-25 17:22:27,848 [INFO] root: Route: source=readovkanews → topic=politics
2025-09-25 17:22:27,848 [INFO] root: [DRY] politics → #politics
2025-09-25 17:22:27,849 [INFO] root: Route: source=readovkanews → topic=politics
2025-09-25 17:22:27,849 [INFO] root: [DRY] politics → #politics
2025-09-25 17:22:27,850 [INFO] root: Route: source=readovkanews → topic=politics
2025-09-25 17:22:27,850 [INFO] root: [DRY] politics → #politics
2025-09-25 17:22:27,851 [INFO] root: Route: source=readovkanews → topic=politics
2025-09-25 17:22:27,852 [INFO] root: [DRY] politics → #politics
2025-09-25 17:22:27,853 [INFO] root: Route: source=readovkanews → topic=politics
2025-09-25 17:22:27,853 [INFO] root: [DRY] politics → #politics
2025-09-25 17:22:27,854 [INFO] root: Route: source=readovkanews → topic=politics
2025-09-25 17:22:27,854 [INFO] root: [DRY] politics → #politics
2025-09-25 17:22:27,855 [INFO] root: Route: source=readovkanews → topic=politics
2025-09-25 17:22:27,855 [INFO] root: [DRY] politics → #politics
2025-09-25 17:22:27,856 [INFO] root: Route: source=readovkanews → topic=politics
2025-09-25 17:22:27,856 [INFO] root: [DRY] politics → #politics
2025-09-25 17:22:27,857 [INFO] root: Route: source=readovkanews → topic=politics
2025-09-25 17:22:27,857 [INFO] root: [DRY] politics → #politics
2025-09-25 17:22:27,858 [INFO] root: Route: source=readovkanews → topic=politics
2025-09-25 17:22:27,858 [INFO] root: [DRY] politics → #politics
2025-09-25 17:22:27,859 [INFO] root: Route: source=readovkanews → topic=politics
2025-09-25 17:22:27,859 [INFO] root: [DRY] politics → #politics
2025-09-25 17:22:27,860 [INFO] root: Route: source=readovkanews → topic=politics
2025-09-25 17:22:27,860 [INFO] root: [DRY] politics → #politics
2025-09-25 17:22:27,861 [INFO] root: Route: source=readovkanews → topic=politics
2025-09-25 17:22:27,861 [INFO] root: [DRY] politics → #politics
2025-09-25 17:22:27,863 [INFO] root: Route: source=readovkanews → topic=politics
2025-09-25 17:22:27,863 [INFO] root: [DRY] politics → #politics
2025-09-25 17:22:27,864 [INFO] root: Route: source=readovkanews → topic=politics
2025-09-25 17:22:27,864 [INFO] root: [DRY] politics → #politics
2025-09-25 17:22:27,865 [INFO] root: Route: source=readovkanews → topic=politics
2025-09-25 17:22:27,865 [INFO] root: [DRY] politics → #politics
2025-09-25 17:22:27,865 [INFO] root: Route: source=readovkanews → topic=politics
2025-09-25 17:22:27,865 [INFO] root: [DRY] politics → #politics
2025-09-25 17:22:27,866 [INFO] root: Route: source=readovkanews → topic=politics
2025-09-25 17:22:27,866 [INFO] root: [DRY] politics → #politics
2025-09-25 17:22:27,867 [INFO] root: Route: source=readovkanews → topic=politics
2025-09-25 17:22:27,867 [INFO] root: [DRY] politics → #politics
2025-09-25 17:22:27,868 [INFO] root: Route: source=readovkanews → topic=politics
2025-09-25 17:22:27,868 [INFO] root: [DRY] politics → #politics
2025-09-25 17:22:27,870 [INFO] root: Route: source=readovkanews → topic=politics
2025-09-25 17:22:27,870 [INFO] root: [DRY] politics → #politics
2025-09-25 17:22:27,871 [INFO] root: Route: source=readovkanews → topic=politics
2025-09-25 17:22:27,871 [INFO] root: [DRY] politics → #politics
2025-09-25 17:22:27,871 [INFO] root: Route: source=readovkanews → topic=politics
2025-09-25 17:22:27,871 [INFO] root: [DRY] politics → #politics
2025-09-25 17:22:27,872 [INFO] root: Route: source=readovkanews → topic=politics
2025-09-25 17:22:27,872 [INFO] root: [DRY] politics → #politics
2025-09-25 17:22:27,873 [INFO] root: Route: source=readovkanews → topic=politics
2025-09-25 17:22:27,873 [INFO] root: [DRY] politics → #politics
2025-09-25 17:22:27,885 [INFO] root: Route: source=readovkanews → topic=politics
2025-09-25 17:22:27,885 [INFO] root: [DRY] politics → #politics
2025-09-25 17:22:27,897 [INFO] root: Route: source=readovkanews → topic=politics
2025-09-25 17:22:27,897 [INFO] root: [DRY] politics → #politics
2025-09-25 17:22:27,909 [INFO] root: Route: source=vedomosti → topic=politics
2025-09-25 17:22:27,909 [INFO] root: [DRY] politics → #politics
2025-09-25 17:22:27,920 [INFO] root: Route: source=vedomosti → topic=politics
2025-09-25 17:22:27,920 [INFO] root: [DRY] politics → #politics
2025-09-25 17:22:27,932 [INFO] root: Route: source=vedomosti → topic=politics
2025-09-25 17:22:27,932 [INFO] root: [DRY] politics → #politics
2025-09-25 17:22:27,943 [INFO] root: Route: source=vedomosti → topic=politics
2025-09-25 17:22:27,943 [INFO] root: [DRY] politics → #politics
2025-09-25 17:22:27,954 [INFO] root: Route: source=vedomosti → topic=politics
2025-09-25 17:22:27,954 [INFO] root: [DRY] politics → #politics
2025-09-25 17:22:27,965 [INFO] root: Route: source=vedomosti → topic=politics
2025-09-25 17:22:27,966 [INFO] root: [DRY] politics → #politics
2025-09-25 17:22:27,977 [INFO] root: Route: source=vedomosti → topic=politics
2025-09-25 17:22:27,977 [INFO] root: [DRY] politics → #politics
2025-09-25 17:22:27,988 [INFO] root: Route: source=vedomosti → topic=politics
2025-09-25 17:22:27,988 [INFO] root: [DRY] politics → #politics
2025-09-25 17:22:27,999 [INFO] root: Route: source=vedomosti → topic=politics
2025-09-25 17:22:27,999 [INFO] root: [DRY] politics → #politics
2025-09-25 17:22:28,010 [INFO] root: Route: source=vedomosti → topic=politics
2025-09-25 17:22:28,010 [INFO] root: [DRY] politics → #politics
2025-09-25 17:22:28,021 [INFO] root: Route: source=vedomosti → topic=politics
2025-09-25 17:22:28,021 [INFO] root: [DRY] politics → #politics
2025-09-25 17:22:28,032 [INFO] root: Route: source=vedomosti → topic=politics
2025-09-25 17:22:28,032 [INFO] root: [DRY] politics → #politics
2025-09-25 17:22:28,043 [INFO] root: Route: source=vedomosti → topic=politics
2025-09-25 17:22:28,043 [INFO] root: [DRY] politics → #politics
2025-09-25 17:22:28,054 [INFO] root: Route: source=vedomosti → topic=politics
2025-09-25 17:22:28,054 [INFO] root: [DRY] politics → #politics
2025-09-25 17:22:28,065 [INFO] root: Route: source=vedomosti → topic=politics
2025-09-25 17:22:28,065 [INFO] root: [DRY] politics → #politics
2025-09-25 17:22:28,066 [INFO] root: Route: source=vedomosti → topic=politics
2025-09-25 17:22:28,066 [INFO] root: [DRY] politics → #politics
2025-09-25 17:22:28,067 [INFO] root: Route: source=vedomosti → topic=politics
2025-09-25 17:22:28,067 [INFO] root: [DRY] politics → #politics
2025-09-25 17:22:28,068 [INFO] root: Route: source=vedomosti → topic=politics
2025-09-25 17:22:28,068 [INFO] root: [DRY] politics → #politics
2025-09-25 17:22:28,069 [INFO] root: Route: source=vedomosti → topic=politics
2025-09-25 17:22:28,069 [INFO] root: [DRY] politics → #politics
2025-09-25 17:22:28,070 [INFO] root: Route: source=vedomosti → topic=politics
2025-09-25 17:22:28,070 [INFO] root: [DRY] politics → #politics
2025-09-25 17:22:28,070 [INFO] root: Route: source=vedomosti → topic=politics
2025-09-25 17:22:28,070 [INFO] root: [DRY] politics → #politics
2025-09-25 17:22:28,071 [INFO] root: Route: source=vedomosti → topic=politics
2025-09-25 17:22:28,071 [INFO] root: [DRY] politics → #politics
2025-09-25 17:22:28,072 [INFO] root: Route: source=vedomosti → topic=politics
2025-09-25 17:22:28,072 [INFO] root: [DRY] politics → #politics
2025-09-25 17:22:28,073 [INFO] root: Route: source=vedomosti → topic=politics
2025-09-25 17:22:28,073 [INFO] root: [DRY] politics → #politics
2025-09-25 17:22:28,074 [INFO] root: Route: source=vedomosti → topic=politics
2025-09-25 17:22:28,074 [INFO] root: [DRY] politics → #politics
2025-09-25 17:22:28,075 [INFO] root: Route: source=vedomosti → topic=politics
2025-09-25 17:22:28,075 [INFO] root: [DRY] politics → #politics
2025-09-25 17:22:28,076 [INFO] root: Route: source=vedomosti → topic=politics
2025-09-25 17:22:28,076 [INFO] root: [DRY] politics → #politics
2025-09-25 17:22:28,077 [INFO] root: Route: source=vedomosti → topic=politics
2025-09-25 17:22:28,077 [INFO] root: [DRY] politics → #politics
2025-09-25 17:22:28,078 [INFO] root: Route: source=vedomosti → topic=politics
2025-09-25 17:22:28,078 [INFO] root: [DRY] politics → #politics
2025-09-25 17:22:28,079 [INFO] root: Route: source=vedomosti → topic=politics
2025-09-25 17:22:28,079 [INFO] root: [DRY] politics → #politics
2025-09-25 17:22:28,080 [INFO] root: Route: source=vedomosti → topic=politics
2025-09-25 17:22:28,080 [INFO] root: [DRY] politics → #politics
2025-09-25 17:22:28,080 [INFO] root: Route: source=vedomosti → topic=politics
2025-09-25 17:22:28,080 [INFO] root: [DRY] politics → #politics
2025-09-25 17:22:28,081 [INFO] root: Route: source=vedomosti → topic=politics
2025-09-25 17:22:28,081 [INFO] root: [DRY] politics → #politics
2025-09-25 17:22:28,082 [INFO] root: Route: source=vedomosti → topic=politics
2025-09-25 17:22:28,082 [INFO] root: [DRY] politics → #politics
2025-09-25 17:22:28,083 [INFO] root: Route: source=vedomosti → topic=politics
2025-09-25 17:22:28,083 [INFO] root: [DRY] politics → #politics
2025-09-25 17:22:28,084 [INFO] root: Route: source=vedomosti → topic=politics
2025-09-25 17:22:28,084 [INFO] root: [DRY] politics → #politics
2025-09-25 17:22:28,085 [INFO] root: Route: source=vedomosti → topic=politics
2025-09-25 17:22:28,085 [INFO] root: [DRY] politics → #politics
2025-09-25 17:22:28,096 [INFO] root: Route: source=vedomosti → topic=politics
2025-09-25 17:22:28,096 [INFO] root: [DRY] politics → #politics
2025-09-25 17:22:28,106 [INFO] root: Route: source=vedomosti → topic=politics
2025-09-25 17:22:28,106 [INFO] root: [DRY] politics → #politics
2025-09-25 17:22:28,117 [INFO] root: Route: source=vedomosti → topic=politics
2025-09-25 17:22:28,117 [INFO] root: [DRY] politics → #politics
2025-09-25 17:22:28,128 [INFO] root: Route: source=vedomosti → topic=politics
2025-09-25 17:22:28,128 [INFO] root: [DRY] politics → #politics
2025-09-25 17:22:28,138 [INFO] root: Route: source=vedomosti → topic=politics
2025-09-25 17:22:28,138 [INFO] root: [DRY] politics → #politics
2025-09-25 17:22:28,148 [INFO] root: Route: source=vedomosti → topic=politics
2025-09-25 17:22:28,149 [INFO] root: [DRY] politics → #politics
2025-09-25 17:22:28,159 [INFO] root: Route: source=vedomosti → topic=politics
2025-09-25 17:22:28,159 [INFO] root: [DRY] politics → #politics
2025-09-25 17:22:28,170 [INFO] root: Route: source=vedomosti → topic=politics
2025-09-25 17:22:28,170 [INFO] root: [DRY] politics → #politics
2025-09-25 17:22:28,181 [INFO] root: Route: source=vedomosti → topic=politics
2025-09-25 17:22:28,181 [INFO] root: [DRY] politics → #politics
2025-09-25 17:22:28,191 [INFO] root: Route: source=ostorozhno_novosti → topic=politics
2025-09-25 17:22:28,191 [INFO] root: [DRY] politics → #politics
2025-09-25 17:22:28,202 [INFO] root: Route: source=ostorozhno_novosti → topic=politics
2025-09-25 17:22:28,202 [INFO] root: [DRY] politics → #politics
2025-09-25 17:22:28,212 [INFO] root: Route: source=ostorozhno_novosti → topic=politics
2025-09-25 17:22:28,212 [INFO] root: [DRY] politics → #politics
2025-09-25 17:22:28,223 [INFO] root: Route: source=ostorozhno_novosti → topic=politics
2025-09-25 17:22:28,223 [INFO] root: [DRY] politics → #politics
2025-09-25 17:22:28,233 [INFO] root: Route: source=ostorozhno_novosti → topic=politics
2025-09-25 17:22:28,233 [INFO] root: [DRY] politics → #politics
2025-09-25 17:22:28,244 [INFO] root: Route: source=ostorozhno_novosti → topic=politics
2025-09-25 17:22:28,244 [INFO] root: [DRY] politics → #politics
2025-09-25 17:22:28,254 [INFO] root: Route: source=ostorozhno_novosti → topic=politics
2025-09-25 17:22:28,255 [INFO] root: [DRY] politics → #politics
2025-09-25 17:22:28,265 [INFO] root: Route: source=ostorozhno_novosti → topic=politics
2025-09-25 17:22:28,265 [INFO] root: [DRY] politics → #politics
2025-09-25 17:22:28,276 [INFO] root: Route: source=ostorozhno_novosti → topic=politics
2025-09-25 17:22:28,276 [INFO] root: [DRY] politics → #politics
2025-09-25 17:22:28,286 [INFO] root: Route: source=ostorozhno_novosti → topic=politics
2025-09-25 17:22:28,286 [INFO] root: [DRY] politics → #politics
2025-09-25 17:22:28,297 [INFO] root: Route: source=ostorozhno_novosti → topic=politics
2025-09-25 17:22:28,297 [INFO] root: [DRY] politics → #politics
2025-09-25 17:22:28,308 [INFO] root: Route: source=ostorozhno_novosti → topic=politics
2025-09-25 17:22:28,308 [INFO] root: [DRY] politics → #politics
2025-09-25 17:22:28,318 [INFO] root: Route: source=ostorozhno_novosti → topic=politics
2025-09-25 17:22:28,319 [INFO] root: [DRY] politics → #politics
2025-09-25 17:22:28,329 [INFO] root: Route: source=ostorozhno_novosti → topic=politics
2025-09-25 17:22:28,329 [INFO] root: [DRY] politics → #politics
2025-09-25 17:22:28,340 [INFO] root: Route: source=ostorozhno_novosti → topic=politics
2025-09-25 17:22:28,340 [INFO] root: [DRY] politics → #politics
2025-09-25 17:22:28,350 [INFO] root: Route: source=ostorozhno_novosti → topic=politics
2025-09-25 17:22:28,350 [INFO] root: [DRY] politics → #politics
2025-09-25 17:22:28,361 [INFO] root: Route: source=ostorozhno_novosti → topic=politics
2025-09-25 17:22:28,361 [INFO] root: [DRY] politics → #politics
2025-09-25 17:22:28,362 [INFO] root: Route: source=ostorozhno_novosti → topic=politics
2025-09-25 17:22:28,362 [INFO] root: [DRY] politics → #politics
2025-09-25 17:22:28,363 [INFO] root: Route: source=ostorozhno_novosti → topic=politics
2025-09-25 17:22:28,363 [INFO] root: [DRY] politics → #politics
2025-09-25 17:22:28,363 [INFO] root: Route: source=ostorozhno_novosti → topic=politics
2025-09-25 17:22:28,364 [INFO] root: [DRY] politics → #politics
2025-09-25 17:22:28,364 [INFO] root: Route: source=ostorozhno_novosti → topic=politics
2025-09-25 17:22:28,364 [INFO] root: [DRY] politics → #politics
2025-09-25 17:22:28,365 [INFO] root: Route: source=ostorozhno_novosti → topic=politics
2025-09-25 17:22:28,365 [INFO] root: [DRY] politics → #politics
2025-09-25 17:22:28,366 [INFO] root: Route: source=ostorozhno_novosti → topic=politics
2025-09-25 17:22:28,366 [INFO] root: [DRY] politics → #politics
2025-09-25 17:22:28,367 [INFO] root: Route: source=ostorozhno_novosti → topic=politics
2025-09-25 17:22:28,367 [INFO] root: [DRY] politics → #politics
2025-09-25 17:22:28,368 [INFO] root: Route: source=ostorozhno_novosti → topic=politics
2025-09-25 17:22:28,368 [INFO] root: [DRY] politics → #politics
2025-09-25 17:22:28,369 [INFO] root: Route: source=ostorozhno_novosti → topic=politics
2025-09-25 17:22:28,369 [INFO] root: [DRY] politics → #politics
2025-09-25 17:22:28,370 [INFO] root: Route: source=ostorozhno_novosti → topic=politics
2025-09-25 17:22:28,370 [INFO] root: [DRY] politics → #politics
2025-09-25 17:22:28,370 [INFO] root: Route: source=ostorozhno_novosti → topic=politics
2025-09-25 17:22:28,370 [INFO] root: [DRY] politics → #politics
2025-09-25 17:22:28,371 [INFO] root: Route: source=ostorozhno_novosti → topic=politics
2025-09-25 17:22:28,371 [INFO] root: [DRY] politics → #politics
2025-09-25 17:22:28,372 [INFO] root: Route: source=ostorozhno_novosti → topic=politics
2025-09-25 17:22:28,372 [INFO] root: [DRY] politics → #politics
2025-09-25 17:22:28,373 [INFO] root: Route: source=ostorozhno_novosti → topic=politics
2025-09-25 17:22:28,373 [INFO] root: [DRY] politics → #politics
2025-09-25 17:22:28,374 [INFO] root: Route: source=ostorozhno_novosti → topic=politics
2025-09-25 17:22:28,374 [INFO] root: [DRY] politics → #politics
2025-09-25 17:22:28,375 [INFO] root: Route: source=ostorozhno_novosti → topic=politics
2025-09-25 17:22:28,375 [INFO] root: [DRY] politics → #politics
2025-09-25 17:22:28,376 [INFO] root: Route: source=ostorozhno_novosti → topic=politics
2025-09-25 17:22:28,376 [INFO] root: [DRY] politics → #politics
2025-09-25 17:22:28,386 [INFO] root: Route: source=ostorozhno_novosti → topic=politics
2025-09-25 17:22:28,386 [INFO] root: [DRY] politics → #politics
2025-09-25 17:22:28,397 [INFO] root: Route: source=ostorozhno_novosti → topic=politics
2025-09-25 17:22:28,397 [INFO] root: [DRY] politics → #politics
2025-09-25 17:22:28,408 [INFO] root: Route: source=headlines_geo → topic=politics
2025-09-25 17:22:28,408 [INFO] root: [DRY] politics → #politics
2025-09-25 17:22:28,420 [INFO] root: Route: source=headlines_geo → topic=politics
2025-09-25 17:22:28,421 [INFO] root: [DRY] politics → #politics
2025-09-25 17:22:28,431 [INFO] root: Route: source=headlines_geo → topic=politics
2025-09-25 17:22:28,432 [INFO] root: [DRY] politics → #politics
2025-09-25 17:22:28,443 [INFO] root: Route: source=headlines_geo → topic=politics
2025-09-25 17:22:28,443 [INFO] root: [DRY] politics → #politics
2025-09-25 17:22:28,453 [INFO] root: Route: source=headlines_geo → topic=politics
2025-09-25 17:22:28,453 [INFO] root: [DRY] politics → #politics
2025-09-25 17:22:28,464 [INFO] root: Route: source=headlines_geo → topic=politics
2025-09-25 17:22:28,464 [INFO] root: [DRY] politics → #politics
2025-09-25 17:22:28,475 [INFO] root: Route: source=headlines_geo → topic=politics
2025-09-25 17:22:28,475 [INFO] root: [DRY] politics → #politics
2025-09-25 17:22:28,486 [INFO] root: Route: source=headlines_geo → topic=politics
2025-09-25 17:22:28,486 [INFO] root: [DRY] politics → #politics
2025-09-25 17:22:28,487 [INFO] root: Route: source=headlines_geo → topic=politics
2025-09-25 17:22:28,487 [INFO] root: [DRY] politics → #politics
2025-09-25 17:22:28,498 [INFO] root: Route: source=headlines_geo → topic=politics
2025-09-25 17:22:28,498 [INFO] root: [DRY] politics → #politics
2025-09-25 17:22:28,509 [INFO] root: Route: source=headlines_geo → topic=politics
2025-09-25 17:22:28,509 [INFO] root: [DRY] politics → #politics
2025-09-25 17:22:28,520 [INFO] root: Route: source=headlines_geo → topic=politics
2025-09-25 17:22:28,521 [INFO] root: [DRY] politics → #politics
2025-09-25 17:22:28,531 [INFO] root: Route: source=headlines_geo → topic=politics
2025-09-25 17:22:28,532 [INFO] root: [DRY] politics → #politics
2025-09-25 17:22:28,543 [INFO] root: Route: source=headlines_geo → topic=politics
2025-09-25 17:22:28,543 [INFO] root: [DRY] politics → #politics
2025-09-25 17:22:28,554 [INFO] root: Route: source=headlines_geo → topic=politics
2025-09-25 17:22:28,554 [INFO] root: [DRY] politics → #politics
2025-09-25 17:22:28,565 [INFO] root: Route: source=headlines_geo → topic=politics
2025-09-25 17:22:28,565 [INFO] root: [DRY] politics → #politics
2025-09-25 17:22:28,576 [INFO] root: Route: source=headlines_geo → topic=politics
2025-09-25 17:22:28,576 [INFO] root: [DRY] politics → #politics
2025-09-25 17:22:28,587 [INFO] root: Route: source=headlines_geo → topic=politics
2025-09-25 17:22:28,587 [INFO] root: [DRY] politics → #politics
2025-09-25 17:22:28,598 [INFO] root: Route: source=headlines_geo → topic=politics
2025-09-25 17:22:28,599 [INFO] root: [DRY] politics → #politics
2025-09-25 17:22:28,599 [INFO] root: Duplicate skipped: 0bb3fc0ba525cadb26a2
2025-09-25 17:22:28,610 [INFO] root: Route: source=headlines_geo → topic=politics
2025-09-25 17:22:28,610 [INFO] root: [DRY] politics → #politics
2025-09-25 17:22:28,621 [INFO] root: Route: source=headlines_geo → topic=politics
2025-09-25 17:22:28,621 [INFO] root: [DRY] politics → #politics
2025-09-25 17:22:28,633 [INFO] root: Route: source=headlines_geo → topic=politics
2025-09-25 17:22:28,633 [INFO] root: [DRY] politics → #politics
2025-09-25 17:22:28,644 [INFO] root: Route: source=headlines_geo → topic=politics
2025-09-25 17:22:28,644 [INFO] root: [DRY] politics → #politics
2025-09-25 17:22:28,655 [INFO] root: Route: source=headlines_geo → topic=politics
2025-09-25 17:22:28,655 [INFO] root: [DRY] politics → #politics
2025-09-25 17:22:28,666 [INFO] root: Route: source=headlines_geo → topic=politics
2025-09-25 17:22:28,667 [INFO] root: [DRY] politics → #politics
2025-09-25 17:22:28,678 [INFO] root: Route: source=headlines_geo → topic=politics
2025-09-25 17:22:28,678 [INFO] root: [DRY] politics → #politics
2025-09-25 17:22:28,689 [INFO] root: Route: source=headlines_geo → topic=politics
2025-09-25 17:22:28,690 [INFO] root: [DRY] politics → #politics
2025-09-25 17:22:28,690 [INFO] root: Route: source=headlines_geo → topic=politics
2025-09-25 17:22:28,690 [INFO] root: [DRY] politics → #politics
2025-09-25 17:22:28,691 [INFO] root: Route: source=headlines_geo → topic=politics
2025-09-25 17:22:28,691 [INFO] root: [DRY] politics → #politics
2025-09-25 17:22:28,691 [INFO] root: Duplicate skipped: 0bb3fc0ba525cadb26a2
2025-09-25 17:22:28,692 [INFO] root: Route: source=headlines_geo → topic=politics
2025-09-25 17:22:28,692 [INFO] root: [DRY] politics → #politics
2025-09-25 17:22:28,693 [INFO] root: Route: source=headlines_geo → topic=politics
2025-09-25 17:22:28,693 [INFO] root: [DRY] politics → #politics
2025-09-25 17:22:28,694 [INFO] root: Route: source=headlines_geo → topic=politics
2025-09-25 17:22:28,694 [INFO] root: [DRY] politics → #politics
2025-09-25 17:22:28,695 [INFO] root: Route: source=headlines_geo → topic=politics
2025-09-25 17:22:28,695 [INFO] root: [DRY] politics → #politics
2025-09-25 17:22:28,696 [INFO] root: Route: source=headlines_geo → topic=politics
2025-09-25 17:22:28,696 [INFO] root: [DRY] politics → #politics
2025-09-25 17:22:28,697 [INFO] root: Route: source=headlines_geo → topic=politics
2025-09-25 17:22:28,697 [INFO] root: [DRY] politics → #politics
2025-09-25 17:22:28,697 [INFO] root: Route: source=headlines_geo → topic=politics
2025-09-25 17:22:28,697 [INFO] root: [DRY] politics → #politics
2025-09-25 17:22:28,697 [INFO] root: Duplicate skipped: 0bb3fc0ba525cadb26a2
2025-09-25 17:22:28,698 [INFO] root: Route: source=headlines_geo → topic=politics
2025-09-25 17:22:28,698 [INFO] root: [DRY] politics → #politics
2025-09-25 17:22:28,699 [INFO] root: Route: source=headlines_geo → topic=politics
2025-09-25 17:22:28,699 [INFO] root: [DRY] politics → #politics
2025-09-25 17:22:28,700 [INFO] root: Route: source=headlines_geo → topic=politics
2025-09-25 17:22:28,700 [INFO] root: [DRY] politics → #politics
2025-09-25 17:22:28,701 [INFO] root: Route: source=headlines_geo → topic=politics
2025-09-25 17:22:28,701 [INFO] root: [DRY] politics → #politics
2025-09-25 17:22:28,702 [INFO] root: Route: source=headlines_geo → topic=politics
2025-09-25 17:22:28,702 [INFO] root: [DRY] politics → #politics
2025-09-25 17:22:28,703 [INFO] root: Route: source=headlines_geo → topic=politics
2025-09-25 17:22:28,703 [INFO] root: [DRY] politics → #politics
2025-09-25 17:22:28,704 [INFO] root: Route: source=headlines_geo → topic=politics
2025-09-25 17:22:28,704 [INFO] root: [DRY] politics → #politics
2025-09-25 17:22:28,705 [INFO] root: Route: source=headlines_geo → topic=politics
2025-09-25 17:22:28,705 [INFO] root: [DRY] politics → #politics
2025-09-25 17:22:28,717 [INFO] root: Route: source=interfaxonline → topic=politics
2025-09-25 17:22:28,717 [INFO] root: [DRY] politics → #politics
2025-09-25 17:22:28,728 [INFO] root: Route: source=interfaxonline → topic=politics
2025-09-25 17:22:28,728 [INFO] root: [DRY] politics → #politics
2025-09-25 17:22:28,739 [INFO] root: Route: source=interfaxonline → topic=politics
2025-09-25 17:22:28,739 [INFO] root: [DRY] politics → #politics
2025-09-25 17:22:28,751 [INFO] root: Route: source=interfaxonline → topic=politics
2025-09-25 17:22:28,751 [INFO] root: [DRY] politics → #politics
2025-09-25 17:22:28,762 [INFO] root: Route: source=interfaxonline → topic=politics
2025-09-25 17:22:28,762 [INFO] root: [DRY] politics → #politics
2025-09-25 17:22:28,774 [INFO] root: Route: source=interfaxonline → topic=politics
2025-09-25 17:22:28,774 [INFO] root: [DRY] politics → #politics
2025-09-25 17:22:28,786 [INFO] root: Route: source=interfaxonline → topic=politics
2025-09-25 17:22:28,786 [INFO] root: [DRY] politics → #politics
2025-09-25 17:22:28,797 [INFO] root: Route: source=interfaxonline → topic=politics
2025-09-25 17:22:28,797 [INFO] root: [DRY] politics → #politics
2025-09-25 17:22:28,809 [INFO] root: Route: source=interfaxonline → topic=politics
2025-09-25 17:22:28,809 [INFO] root: [DRY] politics → #politics
2025-09-25 17:22:28,820 [INFO] root: Route: source=interfaxonline → topic=politics
2025-09-25 17:22:28,820 [INFO] root: [DRY] politics → #politics
2025-09-25 17:22:28,832 [INFO] root: Route: source=interfaxonline → topic=politics
2025-09-25 17:22:28,832 [INFO] root: [DRY] politics → #politics
2025-09-25 17:22:28,844 [INFO] root: Route: source=interfaxonline → topic=politics
2025-09-25 17:22:28,844 [INFO] root: [DRY] politics → #politics
2025-09-25 17:22:28,856 [INFO] root: Route: source=interfaxonline → topic=politics
2025-09-25 17:22:28,856 [INFO] root: [DRY] politics → #politics
2025-09-25 17:22:28,870 [INFO] root: Route: source=interfaxonline → topic=politics
2025-09-25 17:22:28,871 [INFO] root: [DRY] politics → #politics
2025-09-25 17:22:28,895 [INFO] root: Route: source=interfaxonline → topic=politics
2025-09-25 17:22:28,895 [INFO] root: [DRY] politics → #politics
2025-09-25 17:22:28,907 [INFO] root: Route: source=interfaxonline → topic=politics
2025-09-25 17:22:28,907 [INFO] root: [DRY] politics → #politics
2025-09-25 17:22:28,919 [INFO] root: Route: source=interfaxonline → topic=politics
2025-09-25 17:22:28,919 [INFO] root: [DRY] politics → #politics
2025-09-25 17:22:28,930 [INFO] root: Route: source=interfaxonline → topic=politics
2025-09-25 17:22:28,930 [INFO] root: [DRY] politics → #politics
2025-09-25 17:22:28,942 [INFO] root: Route: source=interfaxonline → topic=politics
2025-09-25 17:22:28,942 [INFO] root: [DRY] politics → #politics
2025-09-25 17:22:28,954 [INFO] root: Route: source=interfaxonline → topic=politics
2025-09-25 17:22:28,954 [INFO] root: [DRY] politics → #politics
2025-09-25 17:22:28,966 [INFO] root: Route: source=interfaxonline → topic=politics
2025-09-25 17:22:28,966 [INFO] root: [DRY] politics → #politics
2025-09-25 17:22:28,967 [INFO] root: Route: source=interfaxonline → topic=politics
2025-09-25 17:22:28,967 [INFO] root: [DRY] politics → #politics
2025-09-25 17:22:28,968 [INFO] root: Route: source=interfaxonline → topic=politics
2025-09-25 17:22:28,968 [INFO] root: [DRY] politics → #politics
2025-09-25 17:22:28,968 [INFO] root: Route: source=interfaxonline → topic=politics
2025-09-25 17:22:28,968 [INFO] root: [DRY] politics → #politics
2025-09-25 17:22:28,969 [INFO] root: Route: source=interfaxonline → topic=politics
2025-09-25 17:22:28,969 [INFO] root: [DRY] politics → #politics
2025-09-25 17:22:28,970 [INFO] root: Route: source=interfaxonline → topic=politics
2025-09-25 17:22:28,970 [INFO] root: [DRY] politics → #politics
2025-09-25 17:22:28,971 [INFO] root: Route: source=interfaxonline → topic=politics
2025-09-25 17:22:28,971 [INFO] root: [DRY] politics → #politics
2025-09-25 17:22:28,972 [INFO] root: Route: source=interfaxonline → topic=politics
2025-09-25 17:22:28,972 [INFO] root: [DRY] politics → #politics
2025-09-25 17:22:28,972 [INFO] root: Route: source=interfaxonline → topic=politics
2025-09-25 17:22:28,973 [INFO] root: [DRY] politics → #politics
2025-09-25 17:22:28,973 [INFO] root: Route: source=interfaxonline → topic=politics
2025-09-25 17:22:28,973 [INFO] root: [DRY] politics → #politics
2025-09-25 17:22:28,974 [INFO] root: Route: source=interfaxonline → topic=politics
2025-09-25 17:22:28,974 [INFO] root: [DRY] politics → #politics
2025-09-25 17:22:28,975 [INFO] root: Route: source=interfaxonline → topic=politics
2025-09-25 17:22:28,975 [INFO] root: [DRY] politics → #politics
2025-09-25 17:22:28,976 [INFO] root: Route: source=interfaxonline → topic=politics
2025-09-25 17:22:28,976 [INFO] root: [DRY] politics → #politics
2025-09-25 17:22:28,977 [INFO] root: Route: source=interfaxonline → topic=politics
2025-09-25 17:22:28,977 [INFO] root: [DRY] politics → #politics
2025-09-25 17:22:28,978 [INFO] root: Route: source=interfaxonline → topic=politics
2025-09-25 17:22:28,978 [INFO] root: [DRY] politics → #politics
2025-09-25 17:22:28,979 [INFO] root: Route: source=interfaxonline → topic=politics
2025-09-25 17:22:28,979 [INFO] root: [DRY] politics → #politics
2025-09-25 17:22:28,980 [INFO] root: Route: source=interfaxonline → topic=politics
2025-09-25 17:22:28,980 [INFO] root: [DRY] politics → #politics
2025-09-25 17:22:28,980 [INFO] root: Route: source=interfaxonline → topic=politics
2025-09-25 17:22:28,980 [INFO] root: [DRY] politics → #politics
2025-09-25 17:22:28,981 [INFO] root: Route: source=interfaxonline → topic=politics
2025-09-25 17:22:28,981 [INFO] root: [DRY] politics → #politics
2025-09-25 17:22:28,982 [INFO] root: Route: source=interfaxonline → topic=politics
2025-09-25 17:22:28,982 [INFO] root: [DRY] politics → #politics
2025-09-25 17:22:28,983 [INFO] root: Route: source=interfaxonline → topic=politics
2025-09-25 17:22:28,983 [INFO] root: [DRY] politics → #politics
2025-09-25 17:22:28,995 [INFO] root: Route: source=interfaxonline → topic=politics
2025-09-25 17:22:28,995 [INFO] root: [DRY] politics → #politics
2025-09-25 17:22:29,007 [INFO] root: Route: source=interfaxonline → topic=politics
2025-09-25 17:22:29,007 [INFO] root: [DRY] politics → #politics
2025-09-25 17:22:29,019 [INFO] root: Route: source=interfaxonline → topic=politics
2025-09-25 17:22:29,019 [INFO] root: [DRY] politics → #politics
2025-09-25 17:22:29,030 [INFO] root: Route: source=interfaxonline → topic=politics
2025-09-25 17:22:29,031 [INFO] root: [DRY] politics → #politics
2025-09-25 17:22:29,042 [INFO] root: Route: source=interfaxonline → topic=politics
2025-09-25 17:22:29,042 [INFO] root: [DRY] politics → #politics
2025-09-25 17:22:29,054 [INFO] root: Route: source=interfaxonline → topic=politics
2025-09-25 17:22:29,054 [INFO] root: [DRY] politics → #politics
2025-09-25 17:22:29,067 [INFO] root: Route: source=bloomberg_ru → topic=politics
2025-09-25 17:22:29,067 [INFO] root: [DRY] politics → #politics
2025-09-25 17:22:29,079 [INFO] root: Route: source=bloomberg_ru → topic=politics
2025-09-25 17:22:29,079 [INFO] root: [DRY] politics → #politics
2025-09-25 17:22:29,080 [INFO] root: Route: source=bloomberg_ru → topic=politics
2025-09-25 17:22:29,080 [INFO] root: [DRY] politics → #politics
2025-09-25 17:22:29,091 [INFO] root: Route: source=bloomberg_ru → topic=politics
2025-09-25 17:22:29,091 [INFO] root: [DRY] politics → #politics
2025-09-25 17:22:29,103 [INFO] root: Route: source=bloomberg_ru → topic=politics
2025-09-25 17:22:29,103 [INFO] root: [DRY] politics → #politics
2025-09-25 17:22:29,116 [INFO] root: Route: source=bloomberg_ru → topic=politics
2025-09-25 17:22:29,116 [INFO] root: [DRY] politics → #politics
2025-09-25 17:22:29,128 [INFO] root: Route: source=bloomberg_ru → topic=politics
2025-09-25 17:22:29,128 [INFO] root: [DRY] politics → #politics
2025-09-25 17:22:29,140 [INFO] root: Route: source=bloomberg_ru → topic=politics
2025-09-25 17:22:29,140 [INFO] root: [DRY] politics → #politics
2025-09-25 17:22:29,152 [INFO] root: Route: source=bloomberg_ru → topic=politics
2025-09-25 17:22:29,152 [INFO] root: [DRY] politics → #politics
2025-09-25 17:22:29,164 [INFO] root: Route: source=bloomberg_ru → topic=politics
2025-09-25 17:22:29,164 [INFO] root: [DRY] politics → #politics
2025-09-25 17:22:29,177 [INFO] root: Route: source=bloomberg_ru → topic=politics
2025-09-25 17:22:29,177 [INFO] root: [DRY] politics → #politics
2025-09-25 17:22:29,189 [INFO] root: Route: source=bloomberg_ru → topic=politics
2025-09-25 17:22:29,189 [INFO] root: [DRY] politics → #politics
2025-09-25 17:22:29,201 [INFO] root: Route: source=bloomberg_ru → topic=politics
2025-09-25 17:22:29,201 [INFO] root: [DRY] politics → #politics
2025-09-25 17:22:29,213 [INFO] root: Route: source=bloomberg_ru → topic=politics
2025-09-25 17:22:29,213 [INFO] root: [DRY] politics → #politics
2025-09-25 17:22:29,225 [INFO] root: Route: source=bloomberg_ru → topic=politics
2025-09-25 17:22:29,225 [INFO] root: [DRY] politics → #politics
2025-09-25 17:22:29,237 [INFO] root: Route: source=bloomberg_ru → topic=politics
2025-09-25 17:22:29,237 [INFO] root: [DRY] politics → #politics
2025-09-25 17:22:29,250 [INFO] root: Route: source=bloomberg_ru → topic=politics
2025-09-25 17:22:29,250 [INFO] root: [DRY] politics → #politics
2025-09-25 17:22:29,262 [INFO] root: Route: source=bloomberg_ru → topic=politics
2025-09-25 17:22:29,262 [INFO] root: [DRY] politics → #politics
2025-09-25 17:22:29,274 [INFO] root: Route: source=bloomberg_ru → topic=politics
2025-09-25 17:22:29,274 [INFO] root: [DRY] politics → #politics
2025-09-25 17:22:29,274 [INFO] root: Duplicate skipped: bbd6b60331c4bd6af6ac
2025-09-25 17:22:29,287 [INFO] root: Route: source=bloomberg_ru → topic=politics
2025-09-25 17:22:29,287 [INFO] root: [DRY] politics → #politics
2025-09-25 17:22:29,299 [INFO] root: Route: source=bloomberg_ru → topic=politics
2025-09-25 17:22:29,299 [INFO] root: [DRY] politics → #politics
2025-09-25 17:22:29,311 [INFO] root: Route: source=bloomberg_ru → topic=politics
2025-09-25 17:22:29,311 [INFO] root: [DRY] politics → #politics
2025-09-25 17:22:29,324 [INFO] root: Route: source=bloomberg_ru → topic=politics
2025-09-25 17:22:29,324 [INFO] root: [DRY] politics → #politics
2025-09-25 17:22:29,336 [INFO] root: Route: source=bloomberg_ru → topic=politics
2025-09-25 17:22:29,336 [INFO] root: [DRY] politics → #politics
2025-09-25 17:22:29,348 [INFO] root: Route: source=bloomberg_ru → topic=politics
2025-09-25 17:22:29,348 [INFO] root: [DRY] politics → #politics
2025-09-25 17:22:29,348 [INFO] root: Duplicate skipped: bbd6b60331c4bd6af6ac
2025-09-25 17:22:29,361 [INFO] root: Route: source=bloomberg_ru → topic=politics
2025-09-25 17:22:29,361 [INFO] root: [DRY] politics → #politics
2025-09-25 17:22:29,373 [INFO] root: Route: source=bloomberg_ru → topic=politics
2025-09-25 17:22:29,373 [INFO] root: [DRY] politics → #politics
2025-09-25 17:22:29,374 [INFO] root: Route: source=bloomberg_ru → topic=politics
2025-09-25 17:22:29,374 [INFO] root: [DRY] politics → #politics
2025-09-25 17:22:29,375 [INFO] root: Route: source=bloomberg_ru → topic=politics
2025-09-25 17:22:29,375 [INFO] root: [DRY] politics → #politics
2025-09-25 17:22:29,376 [INFO] root: Route: source=bloomberg_ru → topic=politics
2025-09-25 17:22:29,376 [INFO] root: [DRY] politics → #politics
2025-09-25 17:22:29,377 [INFO] root: Route: source=bloomberg_ru → topic=politics
2025-09-25 17:22:29,377 [INFO] root: [DRY] politics → #politics
2025-09-25 17:22:29,377 [INFO] root: Route: source=bloomberg_ru → topic=politics
2025-09-25 17:22:29,377 [INFO] root: [DRY] politics → #politics
2025-09-25 17:22:29,378 [INFO] root: Route: source=bloomberg_ru → topic=politics
2025-09-25 17:22:29,378 [INFO] root: [DRY] politics → #politics
2025-09-25 17:22:29,378 [INFO] root: Duplicate skipped: bbd6b60331c4bd6af6ac
2025-09-25 17:22:29,379 [INFO] root: Route: source=bloomberg_ru → topic=politics
2025-09-25 17:22:29,379 [INFO] root: [DRY] politics → #politics
2025-09-25 17:22:29,380 [INFO] root: Route: source=bloomberg_ru → topic=politics
2025-09-25 17:22:29,380 [INFO] root: [DRY] politics → #politics
2025-09-25 17:22:29,381 [INFO] root: Route: source=bloomberg_ru → topic=politics
2025-09-25 17:22:29,381 [INFO] root: [DRY] politics → #politics
2025-09-25 17:22:29,382 [INFO] root: Route: source=bloomberg_ru → topic=politics
2025-09-25 17:22:29,382 [INFO] root: [DRY] politics → #politics
2025-09-25 17:22:29,382 [INFO] root: Route: source=bloomberg_ru → topic=politics
2025-09-25 17:22:29,382 [INFO] root: [DRY] politics → #politics
2025-09-25 17:22:29,383 [INFO] root: Route: source=bloomberg_ru → topic=politics
2025-09-25 17:22:29,383 [INFO] root: [DRY] politics → #politics
2025-09-25 17:22:29,384 [INFO] root: Route: source=bloomberg_ru → topic=politics
2025-09-25 17:22:29,384 [INFO] root: [DRY] politics → #politics
2025-09-25 17:22:29,385 [INFO] root: Route: source=bloomberg_ru → topic=politics
2025-09-25 17:22:29,385 [INFO] root: [DRY] politics → #politics
2025-09-25 17:22:29,385 [INFO] root: Duplicate skipped: bbd6b60331c4bd6af6ac
2025-09-25 17:22:29,386 [INFO] root: Route: source=bloomberg_ru → topic=politics
2025-09-25 17:22:29,386 [INFO] root: [DRY] politics → #politics
2025-09-25 17:22:29,387 [INFO] root: Route: source=bloomberg_ru → topic=politics
2025-09-25 17:22:29,387 [INFO] root: [DRY] politics → #politics
2025-09-25 17:22:29,388 [INFO] root: Route: source=bloomberg_ru → topic=politics
2025-09-25 17:22:29,388 [INFO] root: [DRY] politics → #politics
2025-09-25 17:22:29,400 [INFO] root: Route: source=bloomberg_ru → topic=politics
2025-09-25 17:22:29,400 [INFO] root: [DRY] politics → #politics
2025-09-25 17:22:29,412 [INFO] root: Route: source=kommersant → topic=politics
2025-09-25 17:22:29,413 [INFO] root: [DRY] politics → #politics
2025-09-25 17:22:29,425 [INFO] root: Route: source=kommersant → topic=politics
2025-09-25 17:22:29,425 [INFO] root: [DRY] politics → #politics
2025-09-25 17:22:29,438 [INFO] root: Route: source=kommersant → topic=politics
2025-09-25 17:22:29,438 [INFO] root: [DRY] politics → #politics
2025-09-25 17:22:29,450 [INFO] root: Route: source=kommersant → topic=politics
2025-09-25 17:22:29,450 [INFO] root: [DRY] politics → #politics
2025-09-25 17:22:29,464 [INFO] root: Route: source=kommersant → topic=politics
2025-09-25 17:22:29,464 [INFO] root: [DRY] politics → #politics
2025-09-25 17:22:29,477 [INFO] root: Route: source=kommersant → topic=politics
2025-09-25 17:22:29,477 [INFO] root: [DRY] politics → #politics
2025-09-25 17:22:29,490 [INFO] root: Route: source=kommersant → topic=politics
2025-09-25 17:22:29,490 [INFO] root: [DRY] politics → #politics
2025-09-25 17:22:29,502 [INFO] root: Route: source=kommersant → topic=politics
2025-09-25 17:22:29,502 [INFO] root: [DRY] politics → #politics
2025-09-25 17:22:29,515 [INFO] root: Route: source=kommersant → topic=politics
2025-09-25 17:22:29,515 [INFO] root: [DRY] politics → #politics
2025-09-25 17:22:29,528 [INFO] root: Route: source=kommersant → topic=politics
2025-09-25 17:22:29,528 [INFO] root: [DRY] politics → #politics
2025-09-25 17:22:29,540 [INFO] root: Route: source=kommersant → topic=politics
2025-09-25 17:22:29,540 [INFO] root: [DRY] politics → #politics
2025-09-25 17:22:29,553 [INFO] root: Route: source=kommersant → topic=politics
2025-09-25 17:22:29,553 [INFO] root: [DRY] politics → #politics
2025-09-25 17:22:29,566 [INFO] root: Route: source=kommersant → topic=politics
2025-09-25 17:22:29,566 [INFO] root: [DRY] politics → #politics
2025-09-25 17:22:29,578 [INFO] root: Route: source=kommersant → topic=politics
2025-09-25 17:22:29,578 [INFO] root: [DRY] politics → #politics
2025-09-25 17:22:29,579 [INFO] root: Route: source=kommersant → topic=politics
2025-09-25 17:22:29,579 [INFO] root: [DRY] politics → #politics
2025-09-25 17:22:29,580 [INFO] root: Route: source=kommersant → topic=politics
2025-09-25 17:22:29,580 [INFO] root: [DRY] politics → #politics
2025-09-25 17:22:29,581 [INFO] root: Route: source=kommersant → topic=politics
2025-09-25 17:22:29,581 [INFO] root: [DRY] politics → #politics
2025-09-25 17:22:29,582 [INFO] root: Route: source=kommersant → topic=politics
2025-09-25 17:22:29,582 [INFO] root: [DRY] politics → #politics
2025-09-25 17:22:29,582 [INFO] root: Route: source=kommersant → topic=politics
2025-09-25 17:22:29,582 [INFO] root: [DRY] politics → #politics
2025-09-25 17:22:29,583 [INFO] root: Route: source=kommersant → topic=politics
2025-09-25 17:22:29,583 [INFO] root: [DRY] politics → #politics
2025-09-25 17:22:29,584 [INFO] root: Route: source=kommersant → topic=politics
2025-09-25 17:22:29,584 [INFO] root: [DRY] politics → #politics
2025-09-25 17:22:29,585 [INFO] root: Route: source=kommersant → topic=politics
2025-09-25 17:22:29,585 [INFO] root: [DRY] politics → #politics
2025-09-25 17:22:29,586 [INFO] root: Route: source=kommersant → topic=politics
2025-09-25 17:22:29,586 [INFO] root: [DRY] politics → #politics
2025-09-25 17:22:29,587 [INFO] root: Route: source=kommersant → topic=politics
2025-09-25 17:22:29,587 [INFO] root: [DRY] politics → #politics
2025-09-25 17:22:29,587 [INFO] root: Route: source=kommersant → topic=politics
2025-09-25 17:22:29,587 [INFO] root: [DRY] politics → #politics
2025-09-25 17:22:29,588 [INFO] root: Route: source=kommersant → topic=politics
2025-09-25 17:22:29,588 [INFO] root: [DRY] politics → #politics
2025-09-25 17:22:29,589 [INFO] root: Route: source=kommersant → topic=politics
2025-09-25 17:22:29,589 [INFO] root: [DRY] politics → #politics
2025-09-25 17:22:29,590 [INFO] root: Route: source=kommersant → topic=politics
2025-09-25 17:22:29,590 [INFO] root: [DRY] politics → #politics
2025-09-25 17:22:29,591 [INFO] root: Route: source=kommersant → topic=politics
2025-09-25 17:22:29,591 [INFO] root: [DRY] politics → #politics
2025-09-25 17:22:29,591 [INFO] root: Route: source=kommersant → topic=politics
2025-09-25 17:22:29,592 [INFO] root: [DRY] politics → #politics
2025-09-25 17:22:29,592 [INFO] root: Route: source=kommersant → topic=politics
2025-09-25 17:22:29,592 [INFO] root: [DRY] politics → #politics
2025-09-25 17:22:29,593 [INFO] root: Route: source=kommersant → topic=politics
2025-09-25 17:22:29,593 [INFO] root: [DRY] politics → #politics
2025-09-25 17:22:29,594 [INFO] root: Route: source=kommersant → topic=politics
2025-09-25 17:22:29,594 [INFO] root: [DRY] politics → #politics
2025-09-25 17:22:29,595 [INFO] root: Route: source=kommersant → topic=politics
2025-09-25 17:22:29,595 [INFO] root: [DRY] politics → #politics
2025-09-25 17:22:29,608 [INFO] root: Route: source=kommersant → topic=politics
2025-09-25 17:22:29,608 [INFO] root: [DRY] politics → #politics
2025-09-25 17:22:29,620 [INFO] root: Route: source=kommersant → topic=politics
2025-09-25 17:22:29,620 [INFO] root: [DRY] politics → #politics
2025-09-25 17:22:29,633 [INFO] root: Route: source=kommersant → topic=politics
2025-09-25 17:22:29,633 [INFO] root: [DRY] politics → #politics
2025-09-25 17:22:29,646 [INFO] root: Route: source=kommersant → topic=politics
2025-09-25 17:22:29,646 [INFO] root: [DRY] politics → #politics
2025-09-25 17:22:29,658 [INFO] root: Route: source=kommersant → topic=politics
2025-09-25 17:22:29,659 [INFO] root: [DRY] politics → #politics
2025-09-25 17:22:29,671 [INFO] root: Route: source=kommersant → topic=politics
2025-09-25 17:22:29,671 [INFO] root: [DRY] politics → #politics
2025-09-25 17:22:29,684 [INFO] root: Route: source=kommersant → topic=politics
2025-09-25 17:22:29,684 [INFO] root: [DRY] politics → #politics
2025-09-25 17:22:29,697 [INFO] root: Route: source=kommersant → topic=politics
2025-09-25 17:22:29,697 [INFO] root: [DRY] politics → #politics
2025-09-25 17:22:29,709 [INFO] root: Route: source=kommersant → topic=politics
2025-09-25 17:22:29,709 [INFO] root: [DRY] politics → #politics
2025-09-25 17:22:29,710 [INFO] root: Route: source=bitkogan → topic=trading
2025-09-25 17:22:29,710 [INFO] root: [DRY] trading → #trading
2025-09-25 17:22:29,711 [INFO] root: Route: source=bitkogan → topic=trading
2025-09-25 17:22:29,711 [INFO] root: [DRY] trading → #trading
2025-09-25 17:22:29,712 [INFO] root: Route: source=bitkogan → topic=trading
2025-09-25 17:22:29,712 [INFO] root: [DRY] trading → #trading
2025-09-25 17:22:29,713 [INFO] root: Route: source=bitkogan → topic=trading
2025-09-25 17:22:29,713 [INFO] root: [DRY] trading → #trading
2025-09-25 17:22:29,714 [INFO] root: Route: source=bitkogan → topic=trading
2025-09-25 17:22:29,714 [INFO] root: [DRY] trading → #trading
2025-09-25 17:22:29,715 [INFO] root: Route: source=bitkogan → topic=trading
2025-09-25 17:22:29,715 [INFO] root: [DRY] trading → #trading
2025-09-25 17:22:29,716 [INFO] root: Route: source=bitkogan → topic=trading
2025-09-25 17:22:29,716 [INFO] root: [DRY] trading → #trading
2025-09-25 17:22:29,716 [INFO] root: Route: source=bitkogan → topic=trading
2025-09-25 17:22:29,716 [INFO] root: [DRY] trading → #trading
2025-09-25 17:22:29,717 [INFO] root: Route: source=bitkogan → topic=trading
2025-09-25 17:22:29,717 [INFO] root: [DRY] trading → #trading
2025-09-25 17:22:29,718 [INFO] root: Route: source=bitkogan → topic=trading
2025-09-25 17:22:29,718 [INFO] root: [DRY] trading → #trading
2025-09-25 17:22:29,719 [INFO] root: Route: source=bitkogan → topic=trading
2025-09-25 17:22:29,719 [INFO] root: [DRY] trading → #trading
2025-09-25 17:22:29,720 [INFO] root: Route: source=bitkogan → topic=trading
2025-09-25 17:22:29,720 [INFO] root: [DRY] trading → #trading
2025-09-25 17:22:29,721 [INFO] root: Route: source=bitkogan → topic=trading
2025-09-25 17:22:29,721 [INFO] root: [DRY] trading → #trading
2025-09-25 17:22:29,722 [INFO] root: Route: source=bitkogan → topic=trading
2025-09-25 17:22:29,722 [INFO] root: [DRY] trading → #trading
2025-09-25 17:22:29,723 [INFO] root: Route: source=bitkogan → topic=trading
2025-09-25 17:22:29,723 [INFO] root: [DRY] trading → #trading
2025-09-25 17:22:29,723 [INFO] root: Route: source=bitkogan → topic=trading
2025-09-25 17:22:29,723 [INFO] root: [DRY] trading → #trading
2025-09-25 17:22:29,725 [INFO] root: Route: source=bitkogan → topic=trading
2025-09-25 17:22:29,725 [INFO] root: [DRY] trading → #trading
2025-09-25 17:22:29,726 [INFO] root: Route: source=bitkogan → topic=trading
2025-09-25 17:22:29,726 [INFO] root: [DRY] trading → #trading
2025-09-25 17:22:29,726 [INFO] root: Route: source=bitkogan → topic=trading
2025-09-25 17:22:29,726 [INFO] root: [DRY] trading → #trading
2025-09-25 17:22:29,727 [INFO] root: Route: source=bitkogan → topic=trading
2025-09-25 17:22:29,727 [INFO] root: [DRY] trading → #trading
2025-09-25 17:22:29,728 [INFO] root: Route: source=bitkogan → topic=trading
2025-09-25 17:22:29,728 [INFO] root: [DRY] trading → #trading
2025-09-25 17:22:29,729 [INFO] root: Route: source=bitkogan → topic=trading
2025-09-25 17:22:29,729 [INFO] root: [DRY] trading → #trading
2025-09-25 17:22:29,730 [INFO] root: Route: source=bitkogan → topic=trading
2025-09-25 17:22:29,730 [INFO] root: [DRY] trading → #trading
2025-09-25 17:22:29,731 [INFO] root: Route: source=bitkogan → topic=trading
2025-09-25 17:22:29,731 [INFO] root: [DRY] trading → #trading
2025-09-25 17:22:29,731 [INFO] root: Route: source=bitkogan → topic=trading
2025-09-25 17:22:29,731 [INFO] root: [DRY] trading → #trading
2025-09-25 17:22:29,732 [INFO] root: Route: source=bitkogan → topic=trading
2025-09-25 17:22:29,732 [INFO] root: [DRY] trading → #trading
2025-09-25 17:22:29,733 [INFO] root: Route: source=bitkogan → topic=trading
2025-09-25 17:22:29,733 [INFO] root: [DRY] trading → #trading
2025-09-25 17:22:29,734 [INFO] root: Route: source=bitkogan → topic=trading
2025-09-25 17:22:29,734 [INFO] root: [DRY] trading → #trading
2025-09-25 17:22:29,735 [INFO] root: Route: source=bitkogan → topic=trading
2025-09-25 17:22:29,735 [INFO] root: [DRY] trading → #trading
2025-09-25 17:22:29,736 [INFO] root: Route: source=bitkogan → topic=trading
2025-09-25 17:22:29,736 [INFO] root: [DRY] trading → #trading
2025-09-25 17:22:29,737 [INFO] root: Route: source=bitkogan → topic=trading
2025-09-25 17:22:29,737 [INFO] root: [DRY] trading → #trading
2025-09-25 17:22:29,737 [INFO] root: Route: source=bitkogan → topic=trading
2025-09-25 17:22:29,737 [INFO] root: [DRY] trading → #trading
2025-09-25 17:22:29,738 [INFO] root: Route: source=bitkogan → topic=trading
2025-09-25 17:22:29,738 [INFO] root: [DRY] trading → #trading
2025-09-25 17:22:29,739 [INFO] root: Route: source=bitkogan → topic=trading
2025-09-25 17:22:29,739 [INFO] root: [DRY] trading → #trading
2025-09-25 17:22:29,740 [INFO] root: Route: source=bitkogan → topic=trading
2025-09-25 17:22:29,740 [INFO] root: [DRY] trading → #trading
2025-09-25 17:22:29,741 [INFO] root: Route: source=bitkogan → topic=trading
2025-09-25 17:22:29,741 [INFO] root: [DRY] trading → #trading
2025-09-25 17:22:29,742 [INFO] root: Route: source=bitkogan → topic=trading
2025-09-25 17:22:29,742 [INFO] root: [DRY] trading → #trading
2025-09-25 17:22:29,743 [INFO] root: Route: source=bitkogan → topic=trading
2025-09-25 17:22:29,743 [INFO] root: [DRY] trading → #trading
2025-09-25 17:22:29,744 [INFO] root: Route: source=bitkogan → topic=trading
2025-09-25 17:22:29,744 [INFO] root: [DRY] trading → #trading
2025-09-25 17:22:29,745 [INFO] root: Route: source=bitkogan → topic=trading
2025-09-25 17:22:29,745 [INFO] root: [DRY] trading → #trading
2025-09-25 17:22:29,746 [INFO] root: Route: source=bitkogan → topic=trading
2025-09-25 17:22:29,746 [INFO] root: [DRY] trading → #trading
2025-09-25 17:22:29,746 [INFO] root: Route: source=bitkogan → topic=trading
2025-09-25 17:22:29,746 [INFO] root: [DRY] trading → #trading
2025-09-25 17:22:29,747 [INFO] root: Route: source=bitkogan → topic=trading
2025-09-25 17:22:29,747 [INFO] root: [DRY] trading → #trading
2025-09-25 17:22:29,748 [INFO] root: Route: source=bitkogan → topic=trading
2025-09-25 17:22:29,748 [INFO] root: [DRY] trading → #trading
2025-09-25 17:22:29,749 [INFO] root: Route: source=bitkogan → topic=trading
2025-09-25 17:22:29,749 [INFO] root: [DRY] trading → #trading
2025-09-25 17:22:29,750 [INFO] root: Route: source=bitkogan → topic=trading
2025-09-25 17:22:29,750 [INFO] root: [DRY] trading → #trading
2025-09-25 17:22:29,751 [INFO] root: Route: source=bitkogan → topic=trading
2025-09-25 17:22:29,751 [INFO] root: [DRY] trading → #trading
2025-09-25 17:22:29,752 [INFO] root: Route: source=bitkogan → topic=trading
2025-09-25 17:22:29,752 [INFO] root: [DRY] trading → #trading
2025-09-25 17:22:29,753 [INFO] root: Route: source=bitkogan → topic=trading
2025-09-25 17:22:29,753 [INFO] root: [DRY] trading → #trading
2025-09-25 17:22:29,754 [INFO] root: Route: source=bitkogan → topic=trading
2025-09-25 17:22:29,754 [INFO] root: [DRY] trading → #trading
2025-09-25 17:22:29,767 [INFO] root: Route: source=tb_invest_official → topic=trading
2025-09-25 17:22:29,767 [INFO] root: [DRY] trading → #trading
2025-09-25 17:22:29,780 [INFO] root: Route: source=tb_invest_official → topic=trading
2025-09-25 17:22:29,780 [INFO] root: [DRY] trading → #trading
2025-09-25 17:22:29,793 [INFO] root: Route: source=tb_invest_official → topic=trading
2025-09-25 17:22:29,793 [INFO] root: [DRY] trading → #trading
2025-09-25 17:22:29,805 [INFO] root: Route: source=tb_invest_official → topic=trading
2025-09-25 17:22:29,805 [INFO] root: [DRY] trading → #trading
2025-09-25 17:22:29,819 [INFO] root: Route: source=tb_invest_official → topic=trading
2025-09-25 17:22:29,819 [INFO] root: [DRY] trading → #trading
2025-09-25 17:22:29,832 [INFO] root: Route: source=tb_invest_official → topic=trading
2025-09-25 17:22:29,832 [INFO] root: [DRY] trading → #trading
2025-09-25 17:22:29,845 [INFO] root: Route: source=tb_invest_official → topic=trading
2025-09-25 17:22:29,845 [INFO] root: [DRY] trading → #trading
2025-09-25 17:22:29,858 [INFO] root: Route: source=tb_invest_official → topic=trading
2025-09-25 17:22:29,858 [INFO] root: [DRY] trading → #trading
2025-09-25 17:22:29,871 [INFO] root: Route: source=tb_invest_official → topic=trading
2025-09-25 17:22:29,871 [INFO] root: [DRY] trading → #trading
2025-09-25 17:22:29,884 [INFO] root: Route: source=tb_invest_official → topic=trading
2025-09-25 17:22:29,884 [INFO] root: [DRY] trading → #trading
2025-09-25 17:22:29,897 [INFO] root: Route: source=tb_invest_official → topic=trading
2025-09-25 17:22:29,897 [INFO] root: [DRY] trading → #trading
2025-09-25 17:22:29,910 [INFO] root: Route: source=tb_invest_official → topic=trading
2025-09-25 17:22:29,910 [INFO] root: [DRY] trading → #trading
2025-09-25 17:22:29,923 [INFO] root: Route: source=tb_invest_official → topic=trading
2025-09-25 17:22:29,923 [INFO] root: [DRY] trading → #trading
2025-09-25 17:22:29,936 [INFO] root: Route: source=tb_invest_official → topic=trading
2025-09-25 17:22:29,936 [INFO] root: [DRY] trading → #trading
2025-09-25 17:22:29,949 [INFO] root: Route: source=tb_invest_official → topic=trading
2025-09-25 17:22:29,949 [INFO] root: [DRY] trading → #trading
2025-09-25 17:22:29,963 [INFO] root: Route: source=tb_invest_official → topic=trading
2025-09-25 17:22:29,963 [INFO] root: [DRY] trading → #trading
2025-09-25 17:22:29,976 [INFO] root: Route: source=tb_invest_official → topic=trading
2025-09-25 17:22:29,976 [INFO] root: [DRY] trading → #trading
2025-09-25 17:22:29,977 [INFO] root: Route: source=tb_invest_official → topic=trading
2025-09-25 17:22:29,977 [INFO] root: [DRY] trading → #trading
2025-09-25 17:22:29,978 [INFO] root: Route: source=tb_invest_official → topic=trading
2025-09-25 17:22:29,978 [INFO] root: [DRY] trading → #trading
2025-09-25 17:22:29,979 [INFO] root: Route: source=tb_invest_official → topic=trading
2025-09-25 17:22:29,979 [INFO] root: [DRY] trading → #trading
2025-09-25 17:22:29,980 [INFO] root: Route: source=tb_invest_official → topic=trading
2025-09-25 17:22:29,980 [INFO] root: [DRY] trading → #trading
2025-09-25 17:22:29,980 [INFO] root: Route: source=tb_invest_official → topic=trading
2025-09-25 17:22:29,980 [INFO] root: [DRY] trading → #trading
2025-09-25 17:22:29,981 [INFO] root: Route: source=tb_invest_official → topic=trading
2025-09-25 17:22:29,981 [INFO] root: [DRY] trading → #trading
2025-09-25 17:22:29,982 [INFO] root: Route: source=tb_invest_official → topic=trading
2025-09-25 17:22:29,982 [INFO] root: [DRY] trading → #trading
2025-09-25 17:22:29,983 [INFO] root: Route: source=tb_invest_official → topic=trading
2025-09-25 17:22:29,983 [INFO] root: [DRY] trading → #trading
2025-09-25 17:22:29,984 [INFO] root: Route: source=tb_invest_official → topic=trading
2025-09-25 17:22:29,984 [INFO] root: [DRY] trading → #trading
2025-09-25 17:22:29,985 [INFO] root: Route: source=tb_invest_official → topic=trading
2025-09-25 17:22:29,985 [INFO] root: [DRY] trading → #trading
2025-09-25 17:22:29,986 [INFO] root: Route: source=tb_invest_official → topic=trading
2025-09-25 17:22:29,986 [INFO] root: [DRY] trading → #trading
2025-09-25 17:22:29,987 [INFO] root: Route: source=tb_invest_official → topic=trading
2025-09-25 17:22:29,987 [INFO] root: [DRY] trading → #trading
2025-09-25 17:22:29,987 [INFO] root: Route: source=tb_invest_official → topic=trading
2025-09-25 17:22:29,987 [INFO] root: [DRY] trading → #trading
2025-09-25 17:22:29,988 [INFO] root: Route: source=markettwits → topic=trading
2025-09-25 17:22:29,988 [INFO] root: [DRY] trading → #trading
2025-09-25 17:22:29,989 [INFO] root: Route: source=markettwits → topic=trading
2025-09-25 17:22:29,989 [INFO] root: [DRY] trading → #trading
2025-09-25 17:22:29,990 [INFO] root: Route: source=markettwits → topic=trading
2025-09-25 17:22:29,990 [INFO] root: [DRY] trading → #trading
2025-09-25 17:22:29,991 [INFO] root: Route: source=markettwits → topic=trading
2025-09-25 17:22:29,991 [INFO] root: [DRY] trading → #trading
2025-09-25 17:22:29,992 [INFO] root: Route: source=markettwits → topic=trading
2025-09-25 17:22:29,992 [INFO] root: [DRY] trading → #trading
2025-09-25 17:22:29,993 [INFO] root: Route: source=markettwits → topic=trading
2025-09-25 17:22:29,993 [INFO] root: [DRY] trading → #trading
2025-09-25 17:22:29,994 [INFO] root: Route: source=markettwits → topic=trading
2025-09-25 17:22:29,994 [INFO] root: [DRY] trading → #trading
2025-09-25 17:22:29,994 [INFO] root: Route: source=markettwits → topic=trading
2025-09-25 17:22:29,994 [INFO] root: [DRY] trading → #trading
2025-09-25 17:22:29,995 [INFO] root: Route: source=markettwits → topic=trading
2025-09-25 17:22:29,995 [INFO] root: [DRY] trading → #trading
2025-09-25 17:22:29,996 [INFO] root: Route: source=markettwits → topic=trading
2025-09-25 17:22:29,996 [INFO] root: [DRY] trading → #trading
2025-09-25 17:22:29,997 [INFO] root: Route: source=markettwits → topic=trading
2025-09-25 17:22:29,997 [INFO] root: [DRY] trading → #trading
2025-09-25 17:22:29,998 [INFO] root: Route: source=markettwits → topic=trading
2025-09-25 17:22:29,998 [INFO] root: [DRY] trading → #trading
2025-09-25 17:22:30,012 [INFO] root: Route: source=markettwits → topic=trading
2025-09-25 17:22:30,012 [INFO] root: [DRY] trading → #trading
2025-09-25 17:22:30,025 [INFO] root: Route: source=markettwits → topic=trading
2025-09-25 17:22:30,025 [INFO] root: [DRY] trading → #trading
2025-09-25 17:22:30,039 [INFO] root: Route: source=markettwits → topic=trading
2025-09-25 17:22:30,039 [INFO] root: [DRY] trading → #trading
2025-09-25 17:22:30,052 [INFO] root: Route: source=markettwits → topic=trading
2025-09-25 17:22:30,052 [INFO] root: [DRY] trading → #trading
2025-09-25 17:22:30,065 [INFO] root: Route: source=markettwits → topic=trading
2025-09-25 17:22:30,066 [INFO] root: [DRY] trading → #trading
2025-09-25 17:22:30,079 [INFO] root: Route: source=markettwits → topic=trading
2025-09-25 17:22:30,079 [INFO] root: [DRY] trading → #trading
2025-09-25 17:22:30,092 [INFO] root: Route: source=markettwits → topic=trading
2025-09-25 17:22:30,092 [INFO] root: [DRY] trading → #trading
2025-09-25 17:22:30,106 [INFO] root: Route: source=markettwits → topic=trading
2025-09-25 17:22:30,106 [INFO] root: [DRY] trading → #trading
2025-09-25 17:22:30,119 [INFO] root: Route: source=markettwits → topic=trading
2025-09-25 17:22:30,119 [INFO] root: [DRY] trading → #trading
2025-09-25 17:22:30,132 [INFO] root: Route: source=markettwits → topic=trading
2025-09-25 17:22:30,132 [INFO] root: [DRY] trading → #trading
2025-09-25 17:22:30,146 [INFO] root: Route: source=markettwits → topic=trading
2025-09-25 17:22:30,146 [INFO] root: [DRY] trading → #trading
2025-09-25 17:22:30,159 [INFO] root: Route: source=markettwits → topic=trading
2025-09-25 17:22:30,159 [INFO] root: [DRY] trading → #trading
2025-09-25 17:22:30,172 [INFO] root: Route: source=markettwits → topic=trading
2025-09-25 17:22:30,172 [INFO] root: [DRY] trading → #trading
2025-09-25 17:22:30,186 [INFO] root: Route: source=markettwits → topic=trading
2025-09-25 17:22:30,186 [INFO] root: [DRY] trading → #trading
2025-09-25 17:22:30,199 [INFO] root: Route: source=markettwits → topic=trading
2025-09-25 17:22:30,199 [INFO] root: [DRY] trading → #trading
2025-09-25 17:22:30,213 [INFO] root: Route: source=markettwits → topic=trading
2025-09-25 17:22:30,213 [INFO] root: [DRY] trading → #trading
2025-09-25 17:22:30,226 [INFO] root: Route: source=markettwits → topic=trading
2025-09-25 17:22:30,226 [INFO] root: [DRY] trading → #trading
2025-09-25 17:22:30,240 [INFO] root: Route: source=markettwits → topic=trading
2025-09-25 17:22:30,240 [INFO] root: [DRY] trading → #trading
2025-09-25 17:22:30,254 [INFO] root: Route: source=markettwits → topic=trading
2025-09-25 17:22:30,254 [INFO] root: [DRY] trading → #trading
2025-09-25 17:22:30,267 [INFO] root: Route: source=markettwits → topic=trading
2025-09-25 17:22:30,267 [INFO] root: [DRY] trading → #trading
2025-09-25 17:22:30,280 [INFO] root: Route: source=markettwits → topic=trading
2025-09-25 17:22:30,280 [INFO] root: [DRY] trading → #trading
2025-09-25 17:22:30,294 [INFO] root: Route: source=markettwits → topic=trading
2025-09-25 17:22:30,294 [INFO] root: [DRY] trading → #trading
2025-09-25 17:22:30,308 [INFO] root: Route: source=markettwits → topic=trading
2025-09-25 17:22:30,308 [INFO] root: [DRY] trading → #trading
2025-09-25 17:22:30,321 [INFO] root: Route: source=markettwits → topic=trading
2025-09-25 17:22:30,321 [INFO] root: [DRY] trading → #trading
2025-09-25 17:22:30,335 [INFO] root: Route: source=markettwits → topic=trading
2025-09-25 17:22:30,335 [INFO] root: [DRY] trading → #trading
2025-09-25 17:22:30,348 [INFO] root: Route: source=markettwits → topic=trading
2025-09-25 17:22:30,348 [INFO] root: [DRY] trading → #trading
2025-09-25 17:22:30,362 [INFO] root: Route: source=markettwits → topic=trading
2025-09-25 17:22:30,362 [INFO] root: [DRY] trading → #trading
2025-09-25 17:22:30,376 [INFO] root: Route: source=markettwits → topic=trading
2025-09-25 17:22:30,376 [INFO] root: [DRY] trading → #trading
2025-09-25 17:22:30,389 [INFO] root: Route: source=markettwits → topic=trading
2025-09-25 17:22:30,389 [INFO] root: [DRY] trading → #trading
2025-09-25 17:22:30,403 [INFO] root: Route: source=markettwits → topic=trading
2025-09-25 17:22:30,403 [INFO] root: [DRY] trading → #trading
2025-09-25 17:22:30,416 [INFO] root: Route: source=markettwits → topic=trading
2025-09-25 17:22:30,416 [INFO] root: [DRY] trading → #trading
2025-09-25 17:22:30,430 [INFO] root: Route: source=markettwits → topic=trading
2025-09-25 17:22:30,430 [INFO] root: [DRY] trading → #trading
2025-09-25 17:22:30,444 [INFO] root: Route: source=markettwits → topic=trading
2025-09-25 17:22:30,444 [INFO] root: [DRY] trading → #trading
2025-09-25 17:22:30,457 [INFO] root: Route: source=markettwits → topic=trading
2025-09-25 17:22:30,457 [INFO] root: [DRY] trading → #trading
2025-09-25 17:22:30,471 [INFO] root: Route: source=markettwits → topic=trading
2025-09-25 17:22:30,471 [INFO] root: [DRY] trading → #trading
2025-09-25 17:22:30,484 [INFO] root: Route: source=markettwits → topic=trading
2025-09-25 17:22:30,485 [INFO] root: [DRY] trading → #trading
2025-09-25 17:22:30,499 [INFO] root: Route: source=markettwits → topic=trading
2025-09-25 17:22:30,500 [INFO] root: [DRY] trading → #trading
2025-09-25 17:22:30,526 [INFO] root: Route: source=markettwits → topic=trading
2025-09-25 17:22:30,526 [INFO] root: [DRY] trading → #trading
2025-09-25 17:22:30,540 [INFO] root: Route: source=cbrstocks → topic=trading
2025-09-25 17:22:30,540 [INFO] root: [DRY] trading → #trading
2025-09-25 17:22:30,554 [INFO] root: Route: source=cbrstocks → topic=trading
2025-09-25 17:22:30,554 [INFO] root: [DRY] trading → #trading
2025-09-25 17:22:30,568 [INFO] root: Route: source=cbrstocks → topic=trading
2025-09-25 17:22:30,568 [INFO] root: [DRY] trading → #trading
2025-09-25 17:22:30,582 [INFO] root: Route: source=cbrstocks → topic=trading
2025-09-25 17:22:30,582 [INFO] root: [DRY] trading → #trading
2025-09-25 17:22:30,596 [INFO] root: Route: source=cbrstocks → topic=trading
2025-09-25 17:22:30,596 [INFO] root: [DRY] trading → #trading
2025-09-25 17:22:30,610 [INFO] root: Route: source=cbrstocks → topic=trading
2025-09-25 17:22:30,610 [INFO] root: [DRY] trading → #trading
2025-09-25 17:22:30,623 [INFO] root: Route: source=cbrstocks → topic=trading
2025-09-25 17:22:30,623 [INFO] root: [DRY] trading → #trading
2025-09-25 17:22:30,637 [INFO] root: Route: source=cbrstocks → topic=trading
2025-09-25 17:22:30,637 [INFO] root: [DRY] trading → #trading
2025-09-25 17:22:30,651 [INFO] root: Route: source=cbrstocks → topic=trading
2025-09-25 17:22:30,651 [INFO] root: [DRY] trading → #trading
2025-09-25 17:22:30,665 [INFO] root: Route: source=cbrstocks → topic=trading
2025-09-25 17:22:30,665 [INFO] root: [DRY] trading → #trading
2025-09-25 17:22:30,679 [INFO] root: Route: source=cbrstocks → topic=trading
2025-09-25 17:22:30,679 [INFO] root: [DRY] trading → #trading
2025-09-25 17:22:30,693 [INFO] root: Route: source=cbrstocks → topic=trading
2025-09-25 17:22:30,693 [INFO] root: [DRY] trading → #trading
2025-09-25 17:22:30,707 [INFO] root: Route: source=cbrstocks → topic=trading
2025-09-25 17:22:30,707 [INFO] root: [DRY] trading → #trading
2025-09-25 17:22:30,721 [INFO] root: Route: source=cbrstocks → topic=trading
2025-09-25 17:22:30,721 [INFO] root: [DRY] trading → #trading
2025-09-25 17:22:30,735 [INFO] root: Route: source=cbrstocks → topic=trading
2025-09-25 17:22:30,735 [INFO] root: [DRY] trading → #trading
2025-09-25 17:22:30,749 [INFO] root: Route: source=cbrstocks → topic=trading
2025-09-25 17:22:30,749 [INFO] root: [DRY] trading → #trading
2025-09-25 17:22:30,763 [INFO] root: Route: source=cbrstocks → topic=trading
2025-09-25 17:22:30,763 [INFO] root: [DRY] trading → #trading
2025-09-25 17:22:30,777 [INFO] root: Route: source=cbrstocks → topic=trading
2025-09-25 17:22:30,777 [INFO] root: [DRY] trading → #trading
2025-09-25 17:22:30,791 [INFO] root: Route: source=cbrstocks → topic=trading
2025-09-25 17:22:30,791 [INFO] root: [DRY] trading → #trading
2025-09-25 17:22:30,805 [INFO] root: Route: source=cbrstocks → topic=trading
2025-09-25 17:22:30,805 [INFO] root: [DRY] trading → #trading
2025-09-25 17:22:30,819 [INFO] root: Route: source=cbrstocks → topic=trading
2025-09-25 17:22:30,819 [INFO] root: [DRY] trading → #trading
2025-09-25 17:22:30,833 [INFO] root: Route: source=cbrstocks → topic=trading
2025-09-25 17:22:30,833 [INFO] root: [DRY] trading → #trading
2025-09-25 17:22:30,847 [INFO] root: Route: source=cbrstocks → topic=trading
2025-09-25 17:22:30,847 [INFO] root: [DRY] trading → #trading
2025-09-25 17:22:30,848 [INFO] root: Route: source=cbrstocks → topic=trading
2025-09-25 17:22:30,848 [INFO] root: [DRY] trading → #trading
2025-09-25 17:22:30,849 [INFO] root: Route: source=cbrstocks → topic=trading
2025-09-25 17:22:30,849 [INFO] root: [DRY] trading → #trading
2025-09-25 17:22:30,850 [INFO] root: Route: source=cbrstocks → topic=trading
2025-09-25 17:22:30,850 [INFO] root: [DRY] trading → #trading
2025-09-25 17:22:30,851 [INFO] root: Route: source=cbrstocks → topic=trading
2025-09-25 17:22:30,851 [INFO] root: [DRY] trading → #trading
2025-09-25 17:22:30,851 [INFO] root: Route: source=cbrstocks → topic=trading
2025-09-25 17:22:30,852 [INFO] root: [DRY] trading → #trading
2025-09-25 17:22:30,852 [INFO] root: Route: source=cbrstocks → topic=trading
2025-09-25 17:22:30,852 [INFO] root: [DRY] trading → #trading
2025-09-25 17:22:30,853 [INFO] root: Route: source=cbrstocks → topic=trading
2025-09-25 17:22:30,853 [INFO] root: [DRY] trading → #trading
2025-09-25 17:22:30,854 [INFO] root: Route: source=cbrstocks → topic=trading
2025-09-25 17:22:30,854 [INFO] root: [DRY] trading → #trading
2025-09-25 17:22:30,855 [INFO] root: Route: source=cbrstocks → topic=trading
2025-09-25 17:22:30,855 [INFO] root: [DRY] trading → #trading
2025-09-25 17:22:30,856 [INFO] root: Route: source=cbrstocks → topic=trading
2025-09-25 17:22:30,856 [INFO] root: [DRY] trading → #trading
2025-09-25 17:22:30,856 [INFO] root: Route: source=cbrstocks → topic=trading
2025-09-25 17:22:30,856 [INFO] root: [DRY] trading → #trading
2025-09-25 17:22:30,857 [INFO] root: Route: source=cbrstocks → topic=trading
2025-09-25 17:22:30,857 [INFO] root: [DRY] trading → #trading
2025-09-25 17:22:30,858 [INFO] root: Route: source=cbrstocks → topic=trading
2025-09-25 17:22:30,858 [INFO] root: [DRY] trading → #trading
2025-09-25 17:22:30,859 [INFO] root: Route: source=cbrstocks → topic=trading
2025-09-25 17:22:30,859 [INFO] root: [DRY] trading → #trading
2025-09-25 17:22:30,860 [INFO] root: Route: source=cbrstocks → topic=trading
2025-09-25 17:22:30,860 [INFO] root: [DRY] trading → #trading
2025-09-25 17:22:30,861 [INFO] root: Route: source=cbrstocks → topic=trading
2025-09-25 17:22:30,861 [INFO] root: [DRY] trading → #trading
2025-09-25 17:22:30,862 [INFO] root: Route: source=cbrstocks → topic=trading
2025-09-25 17:22:30,862 [INFO] root: [DRY] trading → #trading
2025-09-25 17:22:30,862 [INFO] root: Route: source=cbrstocks → topic=trading
2025-09-25 17:22:30,862 [INFO] root: [DRY] trading → #trading
2025-09-25 17:22:30,863 [INFO] root: Route: source=cbrstocks → topic=trading
2025-09-25 17:22:30,863 [INFO] root: [DRY] trading → #trading
2025-09-25 17:22:30,864 [INFO] root: Route: source=cbrstocks → topic=trading
2025-09-25 17:22:30,864 [INFO] root: [DRY] trading → #trading
2025-09-25 17:22:30,879 [INFO] root: Route: source=cbrstocks → topic=trading
2025-09-25 17:22:30,879 [INFO] root: [DRY] trading → #trading
2025-09-25 17:22:30,892 [INFO] root: Route: source=cbrstocks → topic=trading
2025-09-25 17:22:30,893 [INFO] root: [DRY] trading → #trading
2025-09-25 17:22:30,907 [INFO] root: Route: source=cbrstocks → topic=trading
2025-09-25 17:22:30,907 [INFO] root: [DRY] trading → #trading
2025-09-25 17:22:30,920 [INFO] root: Route: source=cbrstocks → topic=trading
2025-09-25 17:22:30,921 [INFO] root: [DRY] trading → #trading
2025-09-25 17:22:30,935 [INFO] root: Route: source=cbrstocks → topic=trading
2025-09-25 17:22:30,935 [INFO] root: [DRY] trading → #trading
2025-09-25 17:22:30,949 [INFO] root: Route: source=banksta → topic=trading
2025-09-25 17:22:30,949 [INFO] root: [DRY] trading → #trading
2025-09-25 17:22:30,963 [INFO] root: Route: source=banksta → topic=trading
2025-09-25 17:22:30,963 [INFO] root: [DRY] trading → #trading
2025-09-25 17:22:30,978 [INFO] root: Route: source=banksta → topic=trading
2025-09-25 17:22:30,978 [INFO] root: [DRY] trading → #trading
2025-09-25 17:22:30,992 [INFO] root: Route: source=banksta → topic=trading
2025-09-25 17:22:30,992 [INFO] root: [DRY] trading → #trading
2025-09-25 17:22:31,006 [INFO] root: Route: source=banksta → topic=trading
2025-09-25 17:22:31,006 [INFO] root: [DRY] trading → #trading
2025-09-25 17:22:31,020 [INFO] root: Route: source=banksta → topic=trading
2025-09-25 17:22:31,020 [INFO] root: [DRY] trading → #trading
2025-09-25 17:22:31,035 [INFO] root: Route: source=banksta → topic=trading
2025-09-25 17:22:31,035 [INFO] root: [DRY] trading → #trading
2025-09-25 17:22:31,049 [INFO] root: Route: source=banksta → topic=trading
2025-09-25 17:22:31,049 [INFO] root: [DRY] trading → #trading
2025-09-25 17:22:31,063 [INFO] root: Route: source=banksta → topic=trading
2025-09-25 17:22:31,063 [INFO] root: [DRY] trading → #trading
2025-09-25 17:22:31,077 [INFO] root: Route: source=banksta → topic=trading
2025-09-25 17:22:31,077 [INFO] root: [DRY] trading → #trading
2025-09-25 17:22:31,092 [INFO] root: Route: source=banksta → topic=trading
2025-09-25 17:22:31,092 [INFO] root: [DRY] trading → #trading
2025-09-25 17:22:31,106 [INFO] root: Route: source=banksta → topic=trading
2025-09-25 17:22:31,106 [INFO] root: [DRY] trading → #trading
2025-09-25 17:22:31,120 [INFO] root: Route: source=banksta → topic=trading
2025-09-25 17:22:31,120 [INFO] root: [DRY] trading → #trading
2025-09-25 17:22:31,135 [INFO] root: Route: source=banksta → topic=trading
2025-09-25 17:22:31,135 [INFO] root: [DRY] trading → #trading
2025-09-25 17:22:31,149 [INFO] root: Route: source=banksta → topic=trading
2025-09-25 17:22:31,149 [INFO] root: [DRY] trading → #trading
2025-09-25 17:22:31,164 [INFO] root: Route: source=banksta → topic=trading
2025-09-25 17:22:31,164 [INFO] root: [DRY] trading → #trading
2025-09-25 17:22:31,178 [INFO] root: Route: source=banksta → topic=trading
2025-09-25 17:22:31,178 [INFO] root: [DRY] trading → #trading
2025-09-25 17:22:31,193 [INFO] root: Route: source=banksta → topic=trading
2025-09-25 17:22:31,193 [INFO] root: [DRY] trading → #trading
2025-09-25 17:22:31,208 [INFO] root: Route: source=banksta → topic=trading
2025-09-25 17:22:31,208 [INFO] root: [DRY] trading → #trading
2025-09-25 17:22:31,222 [INFO] root: Route: source=banksta → topic=trading
2025-09-25 17:22:31,222 [INFO] root: [DRY] trading → #trading
2025-09-25 17:22:31,236 [INFO] root: Route: source=banksta → topic=trading
2025-09-25 17:22:31,236 [INFO] root: [DRY] trading → #trading
2025-09-25 17:22:31,251 [INFO] root: Route: source=banksta → topic=trading
2025-09-25 17:22:31,251 [INFO] root: [DRY] trading → #trading
2025-09-25 17:22:31,252 [INFO] root: Route: source=banksta → topic=trading
2025-09-25 17:22:31,252 [INFO] root: [DRY] trading → #trading
2025-09-25 17:22:31,253 [INFO] root: Route: source=banksta → topic=trading
2025-09-25 17:22:31,253 [INFO] root: [DRY] trading → #trading
2025-09-25 17:22:31,254 [INFO] root: Route: source=banksta → topic=trading
2025-09-25 17:22:31,254 [INFO] root: [DRY] trading → #trading
2025-09-25 17:22:31,255 [INFO] root: Route: source=banksta → topic=trading
2025-09-25 17:22:31,255 [INFO] root: [DRY] trading → #trading
2025-09-25 17:22:31,255 [INFO] root: Route: source=banksta → topic=trading
2025-09-25 17:22:31,255 [INFO] root: [DRY] trading → #trading
2025-09-25 17:22:31,256 [INFO] root: Route: source=banksta → topic=trading
2025-09-25 17:22:31,256 [INFO] root: [DRY] trading → #trading
2025-09-25 17:22:31,257 [INFO] root: Route: source=banksta → topic=trading
2025-09-25 17:22:31,257 [INFO] root: [DRY] trading → #trading
2025-09-25 17:22:31,258 [INFO] root: Route: source=banksta → topic=trading
2025-09-25 17:22:31,258 [INFO] root: [DRY] trading → #trading
2025-09-25 17:22:31,259 [INFO] root: Route: source=banksta → topic=trading
2025-09-25 17:22:31,259 [INFO] root: [DRY] trading → #trading
2025-09-25 17:22:31,260 [INFO] root: Route: source=banksta → topic=trading
2025-09-25 17:22:31,260 [INFO] root: [DRY] trading → #trading
2025-09-25 17:22:31,261 [INFO] root: Route: source=banksta → topic=trading
2025-09-25 17:22:31,261 [INFO] root: [DRY] trading → #trading
2025-09-25 17:22:31,261 [INFO] root: Route: source=banksta → topic=trading
2025-09-25 17:22:31,261 [INFO] root: [DRY] trading → #trading
2025-09-25 17:22:31,262 [INFO] root: Route: source=banksta → topic=trading
2025-09-25 17:22:31,262 [INFO] root: [DRY] trading → #trading
2025-09-25 17:22:31,263 [INFO] root: Route: source=banksta → topic=trading
2025-09-25 17:22:31,263 [INFO] root: [DRY] trading → #trading
2025-09-25 17:22:31,264 [INFO] root: Route: source=banksta → topic=trading
2025-09-25 17:22:31,264 [INFO] root: [DRY] trading → #trading
2025-09-25 17:22:31,265 [INFO] root: Route: source=banksta → topic=trading
2025-09-25 17:22:31,265 [INFO] root: [DRY] trading → #trading
2025-09-25 17:22:31,266 [INFO] root: Route: source=banksta → topic=trading
2025-09-25 17:22:31,266 [INFO] root: [DRY] trading → #trading
2025-09-25 17:22:31,281 [INFO] root: Route: source=banksta → topic=trading
2025-09-25 17:22:31,281 [INFO] root: [DRY] trading → #trading
2025-09-25 17:22:31,295 [INFO] root: Route: source=banksta → topic=trading
2025-09-25 17:22:31,295 [INFO] root: [DRY] trading → #trading
2025-09-25 17:22:31,310 [INFO] root: Route: source=banksta → topic=trading
2025-09-25 17:22:31,310 [INFO] root: [DRY] trading → #trading
2025-09-25 17:22:31,325 [INFO] root: Route: source=banksta → topic=trading
2025-09-25 17:22:31,325 [INFO] root: [DRY] trading → #trading
2025-09-25 17:22:31,339 [INFO] root: Route: source=banksta → topic=trading
2025-09-25 17:22:31,339 [INFO] root: [DRY] trading → #trading
2025-09-25 17:22:31,354 [INFO] root: Route: source=banksta → topic=trading
2025-09-25 17:22:31,354 [INFO] root: [DRY] trading → #trading
2025-09-25 17:22:31,368 [INFO] root: Route: source=banksta → topic=trading
2025-09-25 17:22:31,368 [INFO] root: [DRY] trading → #trading
2025-09-25 17:22:31,383 [INFO] root: Route: source=banksta → topic=trading
2025-09-25 17:22:31,383 [INFO] root: [DRY] trading → #trading
2025-09-25 17:22:31,398 [INFO] root: Route: source=1202159807 → topic=politics
2025-09-25 17:22:31,398 [INFO] root: [DRY] politics → #politics
2025-09-25 17:22:31,413 [INFO] root: Route: source=1202159807 → topic=politics
2025-09-25 17:22:31,413 [INFO] root: [DRY] politics → #politics
2025-09-25 17:22:31,428 [INFO] root: Route: source=1202159807 → topic=politics
2025-09-25 17:22:31,428 [INFO] root: [DRY] politics → #politics
2025-09-25 17:22:31,442 [INFO] root: Route: source=1202159807 → topic=politics
2025-09-25 17:22:31,442 [INFO] root: [DRY] politics → #politics
2025-09-25 17:22:31,457 [INFO] root: Route: source=1202159807 → topic=politics
2025-09-25 17:22:31,457 [INFO] root: [DRY] politics → #politics
2025-09-25 17:22:31,472 [INFO] root: Route: source=1202159807 → topic=politics
2025-09-25 17:22:31,472 [INFO] root: [DRY] politics → #politics
2025-09-25 17:22:31,487 [INFO] root: Route: source=1202159807 → topic=politics
2025-09-25 17:22:31,487 [INFO] root: [DRY] politics → #politics
2025-09-25 17:22:31,502 [INFO] root: Route: source=1202159807 → topic=politics
2025-09-25 17:22:31,502 [INFO] root: [DRY] politics → #politics
2025-09-25 17:22:31,517 [INFO] root: Route: source=1202159807 → topic=politics
2025-09-25 17:22:31,517 [INFO] root: [DRY] politics → #politics
2025-09-25 17:22:31,532 [INFO] root: Route: source=1202159807 → topic=politics
2025-09-25 17:22:31,532 [INFO] root: [DRY] politics → #politics
2025-09-25 17:22:31,547 [INFO] root: Route: source=1202159807 → topic=politics
2025-09-25 17:22:31,547 [INFO] root: [DRY] politics → #politics
2025-09-25 17:22:31,562 [INFO] root: Route: source=1202159807 → topic=politics
2025-09-25 17:22:31,562 [INFO] root: [DRY] politics → #politics
2025-09-25 17:22:31,577 [INFO] root: Route: source=1202159807 → topic=politics
2025-09-25 17:22:31,577 [INFO] root: [DRY] politics → #politics
2025-09-25 17:22:31,592 [INFO] root: Route: source=1202159807 → topic=politics
2025-09-25 17:22:31,592 [INFO] root: [DRY] politics → #politics
2025-09-25 17:22:31,607 [INFO] root: Route: source=1202159807 → topic=politics
2025-09-25 17:22:31,607 [INFO] root: [DRY] politics → #politics
2025-09-25 17:22:31,622 [INFO] root: Route: source=1202159807 → topic=politics
2025-09-25 17:22:31,622 [INFO] root: [DRY] politics → #politics
2025-09-25 17:22:31,637 [INFO] root: Route: source=1202159807 → topic=politics
2025-09-25 17:22:31,638 [INFO] root: [DRY] politics → #politics
2025-09-25 17:22:31,653 [INFO] root: Route: source=1202159807 → topic=politics
2025-09-25 17:22:31,653 [INFO] root: [DRY] politics → #politics
2025-09-25 17:22:31,668 [INFO] root: Route: source=1202159807 → topic=politics
2025-09-25 17:22:31,668 [INFO] root: [DRY] politics → #politics
2025-09-25 17:22:31,683 [INFO] root: Route: source=1202159807 → topic=politics
2025-09-25 17:22:31,683 [INFO] root: [DRY] politics → #politics
2025-09-25 17:22:31,698 [INFO] root: Route: source=1202159807 → topic=politics
2025-09-25 17:22:31,698 [INFO] root: [DRY] politics → #politics
2025-09-25 17:22:31,713 [INFO] root: Route: source=1202159807 → topic=politics
2025-09-25 17:22:31,713 [INFO] root: [DRY] politics → #politics
2025-09-25 17:22:31,714 [INFO] root: Route: source=1202159807 → topic=politics
2025-09-25 17:22:31,714 [INFO] root: [DRY] politics → #politics
2025-09-25 17:22:31,715 [INFO] root: Route: source=1202159807 → topic=politics
2025-09-25 17:22:31,715 [INFO] root: [DRY] politics → #politics
2025-09-25 17:22:31,715 [INFO] root: Route: source=1202159807 → topic=politics
2025-09-25 17:22:31,715 [INFO] root: [DRY] politics → #politics
2025-09-25 17:22:31,716 [INFO] root: Route: source=1202159807 → topic=politics
2025-09-25 17:22:31,716 [INFO] root: [DRY] politics → #politics
2025-09-25 17:22:31,717 [INFO] root: Route: source=1202159807 → topic=politics
2025-09-25 17:22:31,717 [INFO] root: [DRY] politics → #politics
2025-09-25 17:22:31,718 [INFO] root: Route: source=1202159807 → topic=politics
2025-09-25 17:22:31,718 [INFO] root: [DRY] politics → #politics
2025-09-25 17:22:31,719 [INFO] root: Route: source=1202159807 → topic=politics
2025-09-25 17:22:31,719 [INFO] root: [DRY] politics → #politics
2025-09-25 17:22:31,720 [INFO] root: Route: source=1202159807 → topic=politics
2025-09-25 17:22:31,720 [INFO] root: [DRY] politics → #politics
2025-09-25 17:22:31,720 [INFO] root: Route: source=1202159807 → topic=politics
2025-09-25 17:22:31,721 [INFO] root: [DRY] politics → #politics
2025-09-25 17:22:31,721 [INFO] root: Route: source=1202159807 → topic=politics
2025-09-25 17:22:31,721 [INFO] root: [DRY] politics → #politics
2025-09-25 17:22:31,722 [INFO] root: Route: source=1202159807 → topic=politics
2025-09-25 17:22:31,722 [INFO] root: [DRY] politics → #politics
2025-09-25 17:22:31,723 [INFO] root: Route: source=1202159807 → topic=politics
2025-09-25 17:22:31,723 [INFO] root: [DRY] politics → #politics
2025-09-25 17:22:31,724 [INFO] root: Route: source=1202159807 → topic=politics
2025-09-25 17:22:31,724 [INFO] root: [DRY] politics → #politics
2025-09-25 17:22:31,725 [INFO] root: Route: source=1202159807 → topic=politics
2025-09-25 17:22:31,725 [INFO] root: [DRY] politics → #politics
2025-09-25 17:22:31,726 [INFO] root: Route: source=1202159807 → topic=politics
2025-09-25 17:22:31,726 [INFO] root: [DRY] politics → #politics
2025-09-25 17:22:31,726 [INFO] root: Route: source=1202159807 → topic=politics
2025-09-25 17:22:31,726 [INFO] root: [DRY] politics → #politics
2025-09-25 17:22:31,727 [INFO] root: Route: source=1202159807 → topic=politics
2025-09-25 17:22:31,727 [INFO] root: [DRY] politics → #politics
2025-09-25 17:22:31,728 [INFO] root: Route: source=1202159807 → topic=politics
2025-09-25 17:22:31,728 [INFO] root: [DRY] politics → #politics
2025-09-25 17:22:31,743 [INFO] root: Route: source=1202159807 → topic=politics
2025-09-25 17:22:31,743 [INFO] root: [DRY] politics → #politics
2025-09-25 17:22:31,744 [INFO] root: Route: source=1202159807 → topic=politics
2025-09-25 17:22:31,744 [INFO] root: [DRY] politics → #politics
2025-09-25 17:22:31,759 [INFO] root: Route: source=1202159807 → topic=politics
2025-09-25 17:22:31,759 [INFO] root: [DRY] politics → #politics
2025-09-25 17:22:31,774 [INFO] root: Route: source=1202159807 → topic=politics
2025-09-25 17:22:31,774 [INFO] root: [DRY] politics → #politics
2025-09-25 17:22:31,789 [INFO] root: Route: source=1202159807 → topic=politics
2025-09-25 17:22:31,789 [INFO] root: [DRY] politics → #politics
2025-09-25 17:22:31,804 [INFO] root: Route: source=1202159807 → topic=politics
2025-09-25 17:22:31,805 [INFO] root: [DRY] politics → #politics
2025-09-25 17:22:31,820 [INFO] root: Route: source=1202159807 → topic=politics
2025-09-25 17:22:31,820 [INFO] root: [DRY] politics → #politics
2025-09-25 17:22:31,835 [INFO] root: Route: source=1202159807 → topic=politics
2025-09-25 17:22:31,835 [INFO] root: [DRY] politics → #politics
2025-09-25 17:22:31,850 [INFO] root: Route: source=1202159807 → topic=politics
2025-09-25 17:22:31,850 [INFO] root: [DRY] politics → #politics
2025-09-25 17:22:31,866 [INFO] root: Route: source=1202159807 → topic=politics
2025-09-25 17:22:31,866 [INFO] root: [DRY] politics → #politics
2025-09-25 17:22:31,881 [INFO] root: Route: source=newssmartlab → topic=trading
2025-09-25 17:22:31,881 [INFO] root: [DRY] trading → #trading
2025-09-25 17:22:31,896 [INFO] root: Route: source=newssmartlab → topic=trading
2025-09-25 17:22:31,896 [INFO] root: [DRY] trading → #trading
2025-09-25 17:22:31,911 [INFO] root: Route: source=newssmartlab → topic=trading
2025-09-25 17:22:31,911 [INFO] root: [DRY] trading → #trading
2025-09-25 17:22:31,927 [INFO] root: Route: source=newssmartlab → topic=trading
2025-09-25 17:22:31,927 [INFO] root: [DRY] trading → #trading
2025-09-25 17:22:31,942 [INFO] root: Route: source=newssmartlab → topic=trading
2025-09-25 17:22:31,942 [INFO] root: [DRY] trading → #trading
2025-09-25 17:22:31,959 [INFO] root: Route: source=newssmartlab → topic=trading
2025-09-25 17:22:31,960 [INFO] root: [DRY] trading → #trading
2025-09-25 17:22:31,975 [INFO] root: Route: source=newssmartlab → topic=trading
2025-09-25 17:22:31,975 [INFO] root: [DRY] trading → #trading
2025-09-25 17:22:31,990 [INFO] root: Route: source=newssmartlab → topic=trading
2025-09-25 17:22:31,990 [INFO] root: [DRY] trading → #trading
2025-09-25 17:22:32,005 [INFO] root: Route: source=newssmartlab → topic=trading
2025-09-25 17:22:32,006 [INFO] root: [DRY] trading → #trading
2025-09-25 17:22:32,021 [INFO] root: Route: source=newssmartlab → topic=trading
2025-09-25 17:22:32,021 [INFO] root: [DRY] trading → #trading
2025-09-25 17:22:32,036 [INFO] root: Route: source=newssmartlab → topic=trading
2025-09-25 17:22:32,036 [INFO] root: [DRY] trading → #trading
2025-09-25 17:22:32,051 [INFO] root: Route: source=newssmartlab → topic=trading
2025-09-25 17:22:32,051 [INFO] root: [DRY] trading → #trading
2025-09-25 17:22:32,067 [INFO] root: Route: source=newssmartlab → topic=trading
2025-09-25 17:22:32,067 [INFO] root: [DRY] trading → #trading
2025-09-25 17:22:32,082 [INFO] root: Route: source=newssmartlab → topic=trading
2025-09-25 17:22:32,083 [INFO] root: [DRY] trading → #trading
2025-09-25 17:22:32,083 [INFO] root: Route: source=newssmartlab → topic=trading
2025-09-25 17:22:32,083 [INFO] root: [DRY] trading → #trading
2025-09-25 17:22:32,084 [INFO] root: Route: source=newssmartlab → topic=trading
2025-09-25 17:22:32,084 [INFO] root: [DRY] trading → #trading
2025-09-25 17:22:32,085 [INFO] root: Route: source=newssmartlab → topic=trading
2025-09-25 17:22:32,085 [INFO] root: [DRY] trading → #trading
2025-09-25 17:22:32,086 [INFO] root: Route: source=newssmartlab → topic=trading
2025-09-25 17:22:32,086 [INFO] root: [DRY] trading → #trading
2025-09-25 17:22:32,087 [INFO] root: Route: source=newssmartlab → topic=trading
2025-09-25 17:22:32,087 [INFO] root: [DRY] trading → #trading
2025-09-25 17:22:32,087 [INFO] root: Route: source=newssmartlab → topic=trading
2025-09-25 17:22:32,087 [INFO] root: [DRY] trading → #trading
2025-09-25 17:22:32,088 [INFO] root: Route: source=newssmartlab → topic=trading
2025-09-25 17:22:32,088 [INFO] root: [DRY] trading → #trading
2025-09-25 17:22:32,089 [INFO] root: Route: source=newssmartlab → topic=trading
2025-09-25 17:22:32,089 [INFO] root: [DRY] trading → #trading
2025-09-25 17:22:32,090 [INFO] root: Route: source=newssmartlab → topic=trading
2025-09-25 17:22:32,090 [INFO] root: [DRY] trading → #trading
2025-09-25 17:22:32,091 [INFO] root: Route: source=newssmartlab → topic=trading
2025-09-25 17:22:32,091 [INFO] root: [DRY] trading → #trading
2025-09-25 17:22:32,091 [INFO] root: Route: source=newssmartlab → topic=trading
2025-09-25 17:22:32,091 [INFO] root: [DRY] trading → #trading
2025-09-25 17:22:32,092 [INFO] root: Route: source=newssmartlab → topic=trading
2025-09-25 17:22:32,092 [INFO] root: [DRY] trading → #trading
2025-09-25 17:22:32,093 [INFO] root: Route: source=newssmartlab → topic=trading
2025-09-25 17:22:32,093 [INFO] root: [DRY] trading → #trading
2025-09-25 17:22:32,094 [INFO] root: Route: source=newssmartlab → topic=trading
2025-09-25 17:22:32,094 [INFO] root: [DRY] trading → #trading
2025-09-25 17:22:32,095 [INFO] root: Route: source=newssmartlab → topic=trading
2025-09-25 17:22:32,095 [INFO] root: [DRY] trading → #trading
2025-09-25 17:22:32,096 [INFO] root: Route: source=newssmartlab → topic=trading
2025-09-25 17:22:32,096 [INFO] root: [DRY] trading → #trading
2025-09-25 17:22:32,096 [INFO] root: Route: source=newssmartlab → topic=trading
2025-09-25 17:22:32,096 [INFO] root: [DRY] trading → #trading
2025-09-25 17:22:32,097 [INFO] root: Route: source=newssmartlab → topic=trading
2025-09-25 17:22:32,097 [INFO] root: [DRY] trading → #trading
2025-09-25 17:22:32,098 [INFO] root: Route: source=newssmartlab → topic=trading
2025-09-25 17:22:32,098 [INFO] root: [DRY] trading → #trading
2025-09-25 17:22:32,099 [INFO] root: Route: source=newssmartlab → topic=trading
2025-09-25 17:22:32,099 [INFO] root: [DRY] trading → #trading
2025-09-25 17:22:32,115 [INFO] root: Route: source=newssmartlab → topic=trading
2025-09-25 17:22:32,115 [INFO] root: [DRY] trading → #trading
2025-09-25 17:22:32,130 [INFO] root: Route: source=newssmartlab → topic=trading
2025-09-25 17:22:32,130 [INFO] root: [DRY] trading → #trading
2025-09-25 17:22:32,146 [INFO] root: Route: source=newssmartlab → topic=trading
2025-09-25 17:22:32,146 [INFO] root: [DRY] trading → #trading
2025-09-25 17:22:32,161 [INFO] root: Route: source=newssmartlab → topic=trading
2025-09-25 17:22:32,161 [INFO] root: [DRY] trading → #trading
2025-09-25 17:22:32,177 [INFO] root: Route: source=newssmartlab → topic=trading
2025-09-25 17:22:32,177 [INFO] root: [DRY] trading → #trading
2025-09-25 17:22:32,192 [INFO] root: Route: source=newssmartlab → topic=trading
2025-09-25 17:22:32,192 [INFO] root: [DRY] trading → #trading
2025-09-25 17:22:32,208 [INFO] root: Route: source=newssmartlab → topic=trading
2025-09-25 17:22:32,208 [INFO] root: [DRY] trading → #trading
2025-09-25 17:22:32,223 [INFO] root: Route: source=newssmartlab → topic=trading
2025-09-25 17:22:32,223 [INFO] root: [DRY] trading → #trading
2025-09-25 17:22:32,239 [INFO] root: Route: source=newssmartlab → topic=trading
2025-09-25 17:22:32,239 [INFO] root: [DRY] trading → #trading
2025-09-25 17:22:32,254 [INFO] root: Route: source=newssmartlab → topic=trading
2025-09-25 17:22:32,254 [INFO] root: [DRY] trading → #trading
2025-09-25 17:22:32,269 [INFO] root: Route: source=newssmartlab → topic=trading
2025-09-25 17:22:32,269 [INFO] root: [DRY] trading → #trading
2025-09-25 17:22:32,286 [INFO] root: Route: source=newssmartlab → topic=trading
2025-09-25 17:22:32,286 [INFO] root: [DRY] trading → #trading
2025-09-25 17:22:32,301 [INFO] root: Route: source=newssmartlab → topic=trading
2025-09-25 17:22:32,301 [INFO] root: [DRY] trading → #trading
2025-09-25 17:22:32,317 [INFO] root: Route: source=newssmartlab → topic=trading
2025-09-25 17:22:32,317 [INFO] root: [DRY] trading → #trading
2025-09-25 17:22:32,333 [INFO] root: Route: source=newssmartlab → topic=trading
2025-09-25 17:22:32,333 [INFO] root: [DRY] trading → #trading
2025-09-25 17:22:32,348 [INFO] root: Route: source=newssmartlab → topic=trading
2025-09-25 17:22:32,349 [INFO] root: [DRY] trading → #trading
2025-09-25 17:22:32,364 [INFO] root: Route: source=thewallstreetpro → topic=trading
2025-09-25 17:22:32,364 [INFO] root: [DRY] trading → #trading
2025-09-25 17:22:32,380 [INFO] root: Route: source=thewallstreetpro → topic=trading
2025-09-25 17:22:32,380 [INFO] root: [DRY] trading → #trading
2025-09-25 17:22:32,402 [INFO] root: Route: source=thewallstreetpro → topic=trading
2025-09-25 17:22:32,402 [INFO] root: [DRY] trading → #trading
2025-09-25 17:22:32,418 [INFO] root: Route: source=thewallstreetpro → topic=trading
2025-09-25 17:22:32,418 [INFO] root: [DRY] trading → #trading
2025-09-25 17:22:32,434 [INFO] root: Route: source=thewallstreetpro → topic=trading
2025-09-25 17:22:32,434 [INFO] root: [DRY] trading → #trading
2025-09-25 17:22:32,449 [INFO] root: Route: source=thewallstreetpro → topic=trading
2025-09-25 17:22:32,449 [INFO] root: [DRY] trading → #trading
2025-09-25 17:22:32,465 [INFO] root: Route: source=thewallstreetpro → topic=trading
2025-09-25 17:22:32,465 [INFO] root: [DRY] trading → #trading
2025-09-25 17:22:32,481 [INFO] root: Route: source=thewallstreetpro → topic=trading
2025-09-25 17:22:32,481 [INFO] root: [DRY] trading → #trading
2025-09-25 17:22:32,497 [INFO] root: Route: source=thewallstreetpro → topic=trading
2025-09-25 17:22:32,497 [INFO] root: [DRY] trading → #trading
2025-09-25 17:22:32,513 [INFO] root: Route: source=thewallstreetpro → topic=trading
2025-09-25 17:22:32,513 [INFO] root: [DRY] trading → #trading
2025-09-25 17:22:32,529 [INFO] root: Route: source=thewallstreetpro → topic=trading
2025-09-25 17:22:32,529 [INFO] root: [DRY] trading → #trading
2025-09-25 17:22:32,545 [INFO] root: Route: source=thewallstreetpro → topic=trading
2025-09-25 17:22:32,545 [INFO] root: [DRY] trading → #trading
2025-09-25 17:22:32,561 [INFO] root: Route: source=thewallstreetpro → topic=trading
2025-09-25 17:22:32,561 [INFO] root: [DRY] trading → #trading
2025-09-25 17:22:32,576 [INFO] root: Route: source=thewallstreetpro → topic=trading
2025-09-25 17:22:32,577 [INFO] root: [DRY] trading → #trading
2025-09-25 17:22:32,593 [INFO] root: Route: source=thewallstreetpro → topic=trading
2025-09-25 17:22:32,593 [INFO] root: [DRY] trading → #trading
2025-09-25 17:22:32,609 [INFO] root: Route: source=thewallstreetpro → topic=trading
2025-09-25 17:22:32,609 [INFO] root: [DRY] trading → #trading
2025-09-25 17:22:32,624 [INFO] root: Route: source=thewallstreetpro → topic=trading
2025-09-25 17:22:32,625 [INFO] root: [DRY] trading → #trading
2025-09-25 17:22:32,640 [INFO] root: Route: source=thewallstreetpro → topic=trading
2025-09-25 17:22:32,640 [INFO] root: [DRY] trading → #trading
2025-09-25 17:22:32,656 [INFO] root: Route: source=thewallstreetpro → topic=trading
2025-09-25 17:22:32,656 [INFO] root: [DRY] trading → #trading
2025-09-25 17:22:32,672 [INFO] root: Route: source=thewallstreetpro → topic=trading
2025-09-25 17:22:32,672 [INFO] root: [DRY] trading → #trading
2025-09-25 17:22:32,694 [INFO] root: Route: source=thewallstreetpro → topic=trading
2025-09-25 17:22:32,694 [INFO] root: [DRY] trading → #trading
2025-09-25 17:22:32,718 [INFO] root: Route: source=thewallstreetpro → topic=trading
2025-09-25 17:22:32,719 [INFO] root: [DRY] trading → #trading
2025-09-25 17:22:32,735 [INFO] root: Route: source=thewallstreetpro → topic=trading
2025-09-25 17:22:32,735 [INFO] root: [DRY] trading → #trading
2025-09-25 17:22:32,751 [INFO] root: Route: source=thewallstreetpro → topic=trading
2025-09-25 17:22:32,751 [INFO] root: [DRY] trading → #trading
2025-09-25 17:22:32,767 [INFO] root: Route: source=thewallstreetpro → topic=trading
2025-09-25 17:22:32,767 [INFO] root: [DRY] trading → #trading
2025-09-25 17:22:32,783 [INFO] root: Route: source=thewallstreetpro → topic=trading
2025-09-25 17:22:32,783 [INFO] root: [DRY] trading → #trading
2025-09-25 17:22:32,799 [INFO] root: Route: source=thewallstreetpro → topic=trading
2025-09-25 17:22:32,799 [INFO] root: [DRY] trading → #trading
2025-09-25 17:22:32,800 [INFO] root: Route: source=thewallstreetpro → topic=trading
2025-09-25 17:22:32,800 [INFO] root: [DRY] trading → #trading
2025-09-25 17:22:32,801 [INFO] root: Route: source=thewallstreetpro → topic=trading
2025-09-25 17:22:32,801 [INFO] root: [DRY] trading → #trading
2025-09-25 17:22:32,802 [INFO] root: Route: source=thewallstreetpro → topic=trading
2025-09-25 17:22:32,802 [INFO] root: [DRY] trading → #trading
2025-09-25 17:22:32,802 [INFO] root: Route: source=thewallstreetpro → topic=trading
2025-09-25 17:22:32,802 [INFO] root: [DRY] trading → #trading
2025-09-25 17:22:32,803 [INFO] root: Route: source=thewallstreetpro → topic=trading
2025-09-25 17:22:32,803 [INFO] root: [DRY] trading → #trading
2025-09-25 17:22:32,804 [INFO] root: Route: source=thewallstreetpro → topic=trading
2025-09-25 17:22:32,804 [INFO] root: [DRY] trading → #trading
2025-09-25 17:22:32,805 [INFO] root: Route: source=thewallstreetpro → topic=trading
2025-09-25 17:22:32,805 [INFO] root: [DRY] trading → #trading
2025-09-25 17:22:32,806 [INFO] root: Route: source=thewallstreetpro → topic=trading
2025-09-25 17:22:32,806 [INFO] root: [DRY] trading → #trading
2025-09-25 17:22:32,807 [INFO] root: Route: source=thewallstreetpro → topic=trading
2025-09-25 17:22:32,807 [INFO] root: [DRY] trading → #trading
2025-09-25 17:22:32,808 [INFO] root: Route: source=thewallstreetpro → topic=trading
2025-09-25 17:22:32,808 [INFO] root: [DRY] trading → #trading
2025-09-25 17:22:32,808 [INFO] root: Route: source=thewallstreetpro → topic=trading
2025-09-25 17:22:32,808 [INFO] root: [DRY] trading → #trading
2025-09-25 17:22:32,810 [INFO] root: Route: source=thewallstreetpro → topic=trading
2025-09-25 17:22:32,810 [INFO] root: [DRY] trading → #trading
2025-09-25 17:22:32,810 [INFO] root: Route: source=thewallstreetpro → topic=trading
2025-09-25 17:22:32,810 [INFO] root: [DRY] trading → #trading
2025-09-25 17:22:32,811 [INFO] root: Route: source=thewallstreetpro → topic=trading
2025-09-25 17:22:32,811 [INFO] root: [DRY] trading → #trading
2025-09-25 17:22:32,812 [INFO] root: Route: source=thewallstreetpro → topic=trading
2025-09-25 17:22:32,812 [INFO] root: [DRY] trading → #trading
2025-09-25 17:22:32,813 [INFO] root: Route: source=thewallstreetpro → topic=trading
2025-09-25 17:22:32,813 [INFO] root: [DRY] trading → #trading
2025-09-25 17:22:32,829 [INFO] root: Route: source=thewallstreetpro → topic=trading
2025-09-25 17:22:32,829 [INFO] root: [DRY] trading → #trading
2025-09-25 17:22:32,845 [INFO] root: Route: source=selfinvestor → topic=trading
2025-09-25 17:22:32,845 [INFO] root: [DRY] trading → #trading
2025-09-25 17:22:32,862 [INFO] root: Route: source=selfinvestor → topic=trading
2025-09-25 17:22:32,862 [INFO] root: [DRY] trading → #trading
2025-09-25 17:22:32,878 [INFO] root: Route: source=selfinvestor → topic=trading
2025-09-25 17:22:32,878 [INFO] root: [DRY] trading → #trading
2025-09-25 17:22:32,894 [INFO] root: Route: source=selfinvestor → topic=trading
2025-09-25 17:22:32,894 [INFO] root: [DRY] trading → #trading
2025-09-25 17:22:32,910 [INFO] root: Route: source=selfinvestor → topic=trading
2025-09-25 17:22:32,910 [INFO] root: [DRY] trading → #trading
2025-09-25 17:22:32,927 [INFO] root: Route: source=selfinvestor → topic=trading
2025-09-25 17:22:32,927 [INFO] root: [DRY] trading → #trading
2025-09-25 17:22:32,943 [INFO] root: Route: source=selfinvestor → topic=trading
2025-09-25 17:22:32,943 [INFO] root: [DRY] trading → #trading
2025-09-25 17:22:32,959 [INFO] root: Route: source=selfinvestor → topic=trading
2025-09-25 17:22:32,959 [INFO] root: [DRY] trading → #trading
2025-09-25 17:22:32,975 [INFO] root: Route: source=selfinvestor → topic=trading
2025-09-25 17:22:32,976 [INFO] root: [DRY] trading → #trading
2025-09-25 17:22:32,992 [INFO] root: Route: source=selfinvestor → topic=trading
2025-09-25 17:22:32,992 [INFO] root: [DRY] trading → #trading
2025-09-25 17:22:33,008 [INFO] root: Route: source=selfinvestor → topic=trading
2025-09-25 17:22:33,008 [INFO] root: [DRY] trading → #trading
2025-09-25 17:22:33,025 [INFO] root: Route: source=selfinvestor → topic=trading
2025-09-25 17:22:33,025 [INFO] root: [DRY] trading → #trading
2025-09-25 17:22:33,041 [INFO] root: Route: source=selfinvestor → topic=trading
2025-09-25 17:22:33,041 [INFO] root: [DRY] trading → #trading
2025-09-25 17:22:33,058 [INFO] root: Route: source=selfinvestor → topic=trading
2025-09-25 17:22:33,058 [INFO] root: [DRY] trading → #trading
2025-09-25 17:22:33,074 [INFO] root: Route: source=selfinvestor → topic=trading
2025-09-25 17:22:33,074 [INFO] root: [DRY] trading → #trading
2025-09-25 17:22:33,091 [INFO] root: Route: source=selfinvestor → topic=trading
2025-09-25 17:22:33,091 [INFO] root: [DRY] trading → #trading
2025-09-25 17:22:33,107 [INFO] root: Route: source=selfinvestor → topic=trading
2025-09-25 17:22:33,107 [INFO] root: [DRY] trading → #trading
2025-09-25 17:22:33,124 [INFO] root: Route: source=selfinvestor → topic=trading
2025-09-25 17:22:33,124 [INFO] root: [DRY] trading → #trading
2025-09-25 17:22:33,140 [INFO] root: Route: source=selfinvestor → topic=trading
2025-09-25 17:22:33,140 [INFO] root: [DRY] trading → #trading
2025-09-25 17:22:33,157 [INFO] root: Route: source=selfinvestor → topic=trading
2025-09-25 17:22:33,157 [INFO] root: [DRY] trading → #trading
2025-09-25 17:22:33,173 [INFO] root: Route: source=selfinvestor → topic=trading
2025-09-25 17:22:33,173 [INFO] root: [DRY] trading → #trading
2025-09-25 17:22:33,190 [INFO] root: Route: source=selfinvestor → topic=trading
2025-09-25 17:22:33,190 [INFO] root: [DRY] trading → #trading
2025-09-25 17:22:33,207 [INFO] root: Route: source=selfinvestor → topic=trading
2025-09-25 17:22:33,207 [INFO] root: [DRY] trading → #trading
2025-09-25 17:22:33,223 [INFO] root: Route: source=selfinvestor → topic=trading
2025-09-25 17:22:33,223 [INFO] root: [DRY] trading → #trading
2025-09-25 17:22:33,240 [INFO] root: Route: source=selfinvestor → topic=trading
2025-09-25 17:22:33,240 [INFO] root: [DRY] trading → #trading
2025-09-25 17:22:33,257 [INFO] root: Route: source=selfinvestor → topic=trading
2025-09-25 17:22:33,257 [INFO] root: [DRY] trading → #trading
2025-09-25 17:22:33,274 [INFO] root: Route: source=selfinvestor → topic=trading
2025-09-25 17:22:33,274 [INFO] root: [DRY] trading → #trading
2025-09-25 17:22:33,291 [INFO] root: Route: source=selfinvestor → topic=trading
2025-09-25 17:22:33,291 [INFO] root: [DRY] trading → #trading
2025-09-25 17:22:33,291 [INFO] root: Route: source=selfinvestor → topic=trading
2025-09-25 17:22:33,292 [INFO] root: [DRY] trading → #trading
2025-09-25 17:22:33,293 [INFO] root: Route: source=selfinvestor → topic=trading
2025-09-25 17:22:33,293 [INFO] root: [DRY] trading → #trading
2025-09-25 17:22:33,293 [INFO] root: Route: source=selfinvestor → topic=trading
2025-09-25 17:22:33,293 [INFO] root: [DRY] trading → #trading
2025-09-25 17:22:33,294 [INFO] root: Route: source=selfinvestor → topic=trading
2025-09-25 17:22:33,294 [INFO] root: [DRY] trading → #trading
2025-09-25 17:22:33,295 [INFO] root: Route: source=selfinvestor → topic=trading
2025-09-25 17:22:33,295 [INFO] root: [DRY] trading → #trading
2025-09-25 17:22:33,296 [INFO] root: Route: source=selfinvestor → topic=trading
2025-09-25 17:22:33,296 [INFO] root: [DRY] trading → #trading
2025-09-25 17:22:33,297 [INFO] root: Route: source=selfinvestor → topic=trading
2025-09-25 17:22:33,297 [INFO] root: [DRY] trading → #trading
2025-09-25 17:22:33,298 [INFO] root: Route: source=selfinvestor → topic=trading
2025-09-25 17:22:33,298 [INFO] root: [DRY] trading → #trading
2025-09-25 17:22:33,299 [INFO] root: Route: source=selfinvestor → topic=trading
2025-09-25 17:22:33,299 [INFO] root: [DRY] trading → #trading
2025-09-25 17:22:33,299 [INFO] root: Route: source=selfinvestor → topic=trading
2025-09-25 17:22:33,300 [INFO] root: [DRY] trading → #trading
2025-09-25 17:22:33,300 [INFO] root: Route: source=selfinvestor → topic=trading
2025-09-25 17:22:33,300 [INFO] root: [DRY] trading → #trading
2025-09-25 17:22:33,301 [INFO] root: Route: source=selfinvestor → topic=trading
2025-09-25 17:22:33,301 [INFO] root: [DRY] trading → #trading
2025-09-25 17:22:33,302 [INFO] root: Route: source=selfinvestor → topic=trading
2025-09-25 17:22:33,302 [INFO] root: [DRY] trading → #trading
2025-09-25 17:22:33,303 [INFO] root: Route: source=selfinvestor → topic=trading
2025-09-25 17:22:33,303 [INFO] root: [DRY] trading → #trading
2025-09-25 17:22:33,304 [INFO] root: Route: source=selfinvestor → topic=trading
2025-09-25 17:22:33,304 [INFO] root: [DRY] trading → #trading
2025-09-25 17:22:33,321 [INFO] root: Route: source=selfinvestor → topic=trading
2025-09-25 17:22:33,321 [INFO] root: [DRY] trading → #trading
2025-09-25 17:22:33,338 [INFO] root: Route: source=selfinvestor → topic=trading
2025-09-25 17:22:33,338 [INFO] root: [DRY] trading → #trading
2025-09-25 17:22:33,354 [INFO] root: Route: source=if_market_news → topic=trading
2025-09-25 17:22:33,354 [INFO] root: [DRY] trading → #trading
2025-09-25 17:22:33,371 [INFO] root: Route: source=if_market_news → topic=trading
2025-09-25 17:22:33,371 [INFO] root: [DRY] trading → #trading
2025-09-25 17:22:33,388 [INFO] root: Route: source=if_market_news → topic=trading
2025-09-25 17:22:33,388 [INFO] root: [DRY] trading → #trading
2025-09-25 17:22:33,405 [INFO] root: Route: source=if_market_news → topic=trading
2025-09-25 17:22:33,405 [INFO] root: [DRY] trading → #trading
2025-09-25 17:22:33,422 [INFO] root: Route: source=if_market_news → topic=trading
2025-09-25 17:22:33,422 [INFO] root: [DRY] trading → #trading
2025-09-25 17:22:33,439 [INFO] root: Route: source=if_market_news → topic=trading
2025-09-25 17:22:33,439 [INFO] root: [DRY] trading → #trading
2025-09-25 17:22:33,456 [INFO] root: Route: source=if_market_news → topic=trading
2025-09-25 17:22:33,456 [INFO] root: [DRY] trading → #trading
2025-09-25 17:22:33,472 [INFO] root: Route: source=if_market_news → topic=trading
2025-09-25 17:22:33,473 [INFO] root: [DRY] trading → #trading
2025-09-25 17:22:33,490 [INFO] root: Route: source=if_market_news → topic=trading
2025-09-25 17:22:33,490 [INFO] root: [DRY] trading → #trading
2025-09-25 17:22:33,506 [INFO] root: Route: source=if_market_news → topic=trading
2025-09-25 17:22:33,506 [INFO] root: [DRY] trading → #trading
2025-09-25 17:22:33,523 [INFO] root: Route: source=if_market_news → topic=trading
2025-09-25 17:22:33,523 [INFO] root: [DRY] trading → #trading
2025-09-25 17:22:33,540 [INFO] root: Route: source=if_market_news → topic=trading
2025-09-25 17:22:33,540 [INFO] root: [DRY] trading → #trading
2025-09-25 17:22:33,557 [INFO] root: Route: source=if_market_news → topic=trading
2025-09-25 17:22:33,557 [INFO] root: [DRY] trading → #trading
2025-09-25 17:22:33,575 [INFO] root: Route: source=if_market_news → topic=trading
2025-09-25 17:22:33,575 [INFO] root: [DRY] trading → #trading
2025-09-25 17:22:33,592 [INFO] root: Route: source=if_market_news → topic=trading
2025-09-25 17:22:33,592 [INFO] root: [DRY] trading → #trading
2025-09-25 17:22:33,609 [INFO] root: Route: source=if_market_news → topic=trading
2025-09-25 17:22:33,609 [INFO] root: [DRY] trading → #trading
2025-09-25 17:22:33,626 [INFO] root: Route: source=if_market_news → topic=trading
2025-09-25 17:22:33,626 [INFO] root: [DRY] trading → #trading
2025-09-25 17:22:33,643 [INFO] root: Route: source=if_market_news → topic=trading
2025-09-25 17:22:33,643 [INFO] root: [DRY] trading → #trading
2025-09-25 17:22:33,661 [INFO] root: Route: source=if_market_news → topic=trading
2025-09-25 17:22:33,661 [INFO] root: [DRY] trading → #trading
2025-09-25 17:22:33,678 [INFO] root: Route: source=if_market_news → topic=trading
2025-09-25 17:22:33,678 [INFO] root: [DRY] trading → #trading
2025-09-25 17:22:33,695 [INFO] root: Route: source=if_market_news → topic=trading
2025-09-25 17:22:33,696 [INFO] root: [DRY] trading → #trading
2025-09-25 17:22:33,713 [INFO] root: Route: source=if_market_news → topic=trading
2025-09-25 17:22:33,713 [INFO] root: [DRY] trading → #trading
2025-09-25 17:22:33,730 [INFO] root: Route: source=if_market_news → topic=trading
2025-09-25 17:22:33,730 [INFO] root: [DRY] trading → #trading
2025-09-25 17:22:33,747 [INFO] root: Route: source=if_market_news → topic=trading
2025-09-25 17:22:33,747 [INFO] root: [DRY] trading → #trading
2025-09-25 17:22:33,765 [INFO] root: Route: source=if_market_news → topic=trading
2025-09-25 17:22:33,765 [INFO] root: [DRY] trading → #trading
2025-09-25 17:22:33,782 [INFO] root: Route: source=if_market_news → topic=trading
2025-09-25 17:22:33,782 [INFO] root: [DRY] trading → #trading
2025-09-25 17:22:33,800 [INFO] root: Route: source=if_market_news → topic=trading
2025-09-25 17:22:33,800 [INFO] root: [DRY] trading → #trading
2025-09-25 17:22:33,817 [INFO] root: Route: source=if_market_news → topic=trading
2025-09-25 17:22:33,817 [INFO] root: [DRY] trading → #trading
2025-09-25 17:22:33,835 [INFO] root: Route: source=if_market_news → topic=trading
2025-09-25 17:22:33,835 [INFO] root: [DRY] trading → #trading
2025-09-25 17:22:33,852 [INFO] root: Route: source=if_market_news → topic=trading
2025-09-25 17:22:33,852 [INFO] root: [DRY] trading → #trading
2025-09-25 17:22:33,869 [INFO] root: Route: source=if_market_news → topic=trading
2025-09-25 17:22:33,869 [INFO] root: [DRY] trading → #trading
2025-09-25 17:22:33,887 [INFO] root: Route: source=if_market_news → topic=trading
2025-09-25 17:22:33,887 [INFO] root: [DRY] trading → #trading
2025-09-25 17:22:33,905 [INFO] root: Route: source=if_market_news → topic=trading
2025-09-25 17:22:33,905 [INFO] root: [DRY] trading → #trading
2025-09-25 17:22:33,922 [INFO] root: Route: source=if_market_news → topic=trading
2025-09-25 17:22:33,922 [INFO] root: [DRY] trading → #trading
2025-09-25 17:22:33,939 [INFO] root: Route: source=if_market_news → topic=trading
2025-09-25 17:22:33,939 [INFO] root: [DRY] trading → #trading
2025-09-25 17:22:33,957 [INFO] root: Route: source=if_market_news → topic=trading
2025-09-25 17:22:33,957 [INFO] root: [DRY] trading → #trading
2025-09-25 17:22:33,974 [INFO] root: Route: source=if_market_news → topic=trading
2025-09-25 17:22:33,974 [INFO] root: [DRY] trading → #trading
2025-09-25 17:22:33,991 [INFO] root: Route: source=if_market_news → topic=trading
2025-09-25 17:22:33,991 [INFO] root: [DRY] trading → #trading
2025-09-25 17:22:34,009 [INFO] root: Route: source=if_market_news → topic=trading
2025-09-25 17:22:34,009 [INFO] root: [DRY] trading → #trading
2025-09-25 17:22:34,026 [INFO] root: Route: source=if_market_news → topic=trading
2025-09-25 17:22:34,027 [INFO] root: [DRY] trading → #trading
2025-09-25 17:22:34,044 [INFO] root: Route: source=if_market_news → topic=trading
2025-09-25 17:22:34,044 [INFO] root: [DRY] trading → #trading
2025-09-25 17:22:34,061 [INFO] root: Route: source=if_market_news → topic=trading
2025-09-25 17:22:34,062 [INFO] root: [DRY] trading → #trading
2025-09-25 17:22:34,079 [INFO] root: Route: source=if_market_news → topic=trading
2025-09-25 17:22:34,079 [INFO] root: [DRY] trading → #trading
2025-09-25 17:22:34,097 [INFO] root: Route: source=if_market_news → topic=trading
2025-09-25 17:22:34,097 [INFO] root: [DRY] trading → #trading
2025-09-25 17:22:34,115 [INFO] root: Route: source=if_market_news → topic=trading
2025-09-25 17:22:34,115 [INFO] root: [DRY] trading → #trading
2025-09-25 17:22:34,132 [INFO] root: Route: source=if_market_news → topic=trading
2025-09-25 17:22:34,132 [INFO] root: [DRY] trading → #trading
2025-09-25 17:22:34,150 [INFO] root: Route: source=dengi_bitkogan → topic=trading
2025-09-25 17:22:34,150 [INFO] root: [DRY] trading → #trading
2025-09-25 17:22:34,168 [INFO] root: Route: source=dengi_bitkogan → topic=trading
2025-09-25 17:22:34,168 [INFO] root: [DRY] trading → #trading
2025-09-25 17:22:34,186 [INFO] root: Route: source=dengi_bitkogan → topic=trading
2025-09-25 17:22:34,186 [INFO] root: [DRY] trading → #trading
2025-09-25 17:22:34,204 [INFO] root: Route: source=dengi_bitkogan → topic=trading
2025-09-25 17:22:34,204 [INFO] root: [DRY] trading → #trading
2025-09-25 17:22:34,221 [INFO] root: Route: source=dengi_bitkogan → topic=trading
2025-09-25 17:22:34,221 [INFO] root: [DRY] trading → #trading
2025-09-25 17:22:34,239 [INFO] root: Route: source=dengi_bitkogan → topic=trading
2025-09-25 17:22:34,239 [INFO] root: [DRY] trading → #trading
2025-09-25 17:22:34,257 [INFO] root: Route: source=dengi_bitkogan → topic=trading
2025-09-25 17:22:34,257 [INFO] root: [DRY] trading → #trading
2025-09-25 17:22:34,275 [INFO] root: Route: source=dengi_bitkogan → topic=trading
2025-09-25 17:22:34,275 [INFO] root: [DRY] trading → #trading
2025-09-25 17:22:34,292 [INFO] root: Route: source=dengi_bitkogan → topic=trading
2025-09-25 17:22:34,292 [INFO] root: [DRY] trading → #trading
2025-09-25 17:22:34,311 [INFO] root: Route: source=dengi_bitkogan → topic=trading
2025-09-25 17:22:34,311 [INFO] root: [DRY] trading → #trading
2025-09-25 17:22:34,329 [INFO] root: Route: source=dengi_bitkogan → topic=trading
2025-09-25 17:22:34,329 [INFO] root: [DRY] trading → #trading
2025-09-25 17:22:34,346 [INFO] root: Route: source=dengi_bitkogan → topic=trading
2025-09-25 17:22:34,346 [INFO] root: [DRY] trading → #trading
2025-09-25 17:22:34,364 [INFO] root: Route: source=dengi_bitkogan → topic=trading
2025-09-25 17:22:34,364 [INFO] root: [DRY] trading → #trading
2025-09-25 17:22:34,382 [INFO] root: Route: source=dengi_bitkogan → topic=trading
2025-09-25 17:22:34,382 [INFO] root: [DRY] trading → #trading
2025-09-25 17:22:34,400 [INFO] root: Route: source=dengi_bitkogan → topic=trading
2025-09-25 17:22:34,400 [INFO] root: [DRY] trading → #trading
2025-09-25 17:22:34,418 [INFO] root: Route: source=dengi_bitkogan → topic=trading
2025-09-25 17:22:34,418 [INFO] root: [DRY] trading → #trading
2025-09-25 17:22:34,436 [INFO] root: Route: source=dengi_bitkogan → topic=trading
2025-09-25 17:22:34,437 [INFO] root: [DRY] trading → #trading
2025-09-25 17:22:34,454 [INFO] root: Route: source=dengi_bitkogan → topic=trading
2025-09-25 17:22:34,454 [INFO] root: [DRY] trading → #trading
2025-09-25 17:22:34,472 [INFO] root: Route: source=dengi_bitkogan → topic=trading
2025-09-25 17:22:34,472 [INFO] root: [DRY] trading → #trading
2025-09-25 17:22:34,490 [INFO] root: Route: source=dengi_bitkogan → topic=trading
2025-09-25 17:22:34,490 [INFO] root: [DRY] trading → #trading
2025-09-25 17:22:34,508 [INFO] root: Route: source=dengi_bitkogan → topic=trading
2025-09-25 17:22:34,509 [INFO] root: [DRY] trading → #trading
2025-09-25 17:22:34,527 [INFO] root: Route: source=dengi_bitkogan → topic=trading
2025-09-25 17:22:34,527 [INFO] root: [DRY] trading → #trading
2025-09-25 17:22:34,545 [INFO] root: Route: source=dengi_bitkogan → topic=trading
2025-09-25 17:22:34,545 [INFO] root: [DRY] trading → #trading
2025-09-25 17:22:34,563 [INFO] root: Route: source=dengi_bitkogan → topic=trading
2025-09-25 17:22:34,563 [INFO] root: [DRY] trading → #trading
2025-09-25 17:22:34,581 [INFO] root: Route: source=dengi_bitkogan → topic=trading
2025-09-25 17:22:34,581 [INFO] root: [DRY] trading → #trading
2025-09-25 17:22:34,600 [INFO] root: Route: source=dengi_bitkogan → topic=trading
2025-09-25 17:22:34,600 [INFO] root: [DRY] trading → #trading
2025-09-25 17:22:34,618 [INFO] root: Route: source=dengi_bitkogan → topic=trading
2025-09-25 17:22:34,618 [INFO] root: [DRY] trading → #trading
2025-09-25 17:22:34,650 [INFO] root: Route: source=dengi_bitkogan → topic=trading
2025-09-25 17:22:34,650 [INFO] root: [DRY] trading → #trading
2025-09-25 17:22:34,669 [INFO] root: Route: source=dengi_bitkogan → topic=trading
2025-09-25 17:22:34,669 [INFO] root: [DRY] trading → #trading
2025-09-25 17:22:34,688 [INFO] root: Route: source=dengi_bitkogan → topic=trading
2025-09-25 17:22:34,688 [INFO] root: [DRY] trading → #trading
2025-09-25 17:22:34,707 [INFO] root: Route: source=dengi_bitkogan → topic=trading
2025-09-25 17:22:34,707 [INFO] root: [DRY] trading → #trading
2025-09-25 17:22:34,725 [INFO] root: Route: source=dengi_bitkogan → topic=trading
2025-09-25 17:22:34,725 [INFO] root: [DRY] trading → #trading
2025-09-25 17:22:34,744 [INFO] root: Route: source=dengi_bitkogan → topic=trading
2025-09-25 17:22:34,744 [INFO] root: [DRY] trading → #trading
2025-09-25 17:22:34,762 [INFO] root: Route: source=dengi_bitkogan → topic=trading
2025-09-25 17:22:34,762 [INFO] root: [DRY] trading → #trading
2025-09-25 17:22:34,781 [INFO] root: Route: source=dengi_bitkogan → topic=trading
2025-09-25 17:22:34,781 [INFO] root: [DRY] trading → #trading
2025-09-25 17:22:34,800 [INFO] root: Route: source=dengi_bitkogan → topic=trading
2025-09-25 17:22:34,800 [INFO] root: [DRY] trading → #trading
2025-09-25 17:22:34,818 [INFO] root: Route: source=dengi_bitkogan → topic=trading
2025-09-25 17:22:34,818 [INFO] root: [DRY] trading → #trading
2025-09-25 17:22:34,837 [INFO] root: Route: source=dengi_bitkogan → topic=trading
2025-09-25 17:22:34,837 [INFO] root: [DRY] trading → #trading
2025-09-25 17:22:34,837 [INFO] root: Duplicate skipped: 113a2c4f5a8974cb9af9
2025-09-25 17:22:34,855 [INFO] root: Route: source=dengi_bitkogan → topic=trading
2025-09-25 17:22:34,855 [INFO] root: [DRY] trading → #trading
2025-09-25 17:22:34,874 [INFO] root: Route: source=dengi_bitkogan → topic=trading
2025-09-25 17:22:34,874 [INFO] root: [DRY] trading → #trading
2025-09-25 17:22:34,893 [INFO] root: Route: source=dengi_bitkogan → topic=trading
2025-09-25 17:22:34,893 [INFO] root: [DRY] trading → #trading
2025-09-25 17:22:34,911 [INFO] root: Route: source=nefte_baza → topic=trading
2025-09-25 17:22:34,911 [INFO] root: [DRY] trading → #trading
2025-09-25 17:22:34,930 [INFO] root: Route: source=nefte_baza → topic=trading
2025-09-25 17:22:34,930 [INFO] root: [DRY] trading → #trading
2025-09-25 17:22:34,948 [INFO] root: Route: source=nefte_baza → topic=trading
2025-09-25 17:22:34,949 [INFO] root: [DRY] trading → #trading
2025-09-25 17:22:34,967 [INFO] root: Route: source=nefte_baza → topic=trading
2025-09-25 17:22:34,967 [INFO] root: [DRY] trading → #trading
2025-09-25 17:22:34,986 [INFO] root: Route: source=nefte_baza → topic=trading
2025-09-25 17:22:34,986 [INFO] root: [DRY] trading → #trading
2025-09-25 17:22:35,005 [INFO] root: Route: source=nefte_baza → topic=trading
2025-09-25 17:22:35,005 [INFO] root: [DRY] trading → #trading
2025-09-25 17:22:35,024 [INFO] root: Route: source=nefte_baza → topic=trading
2025-09-25 17:22:35,024 [INFO] root: [DRY] trading → #trading
2025-09-25 17:22:35,043 [INFO] root: Route: source=nefte_baza → topic=trading
2025-09-25 17:22:35,043 [INFO] root: [DRY] trading → #trading
2025-09-25 17:22:35,062 [INFO] root: Route: source=nefte_baza → topic=trading
2025-09-25 17:22:35,062 [INFO] root: [DRY] trading → #trading
2025-09-25 17:22:35,081 [INFO] root: Route: source=nefte_baza → topic=trading
2025-09-25 17:22:35,081 [INFO] root: [DRY] trading → #trading
2025-09-25 17:22:35,100 [INFO] root: Route: source=nefte_baza → topic=trading
2025-09-25 17:22:35,100 [INFO] root: [DRY] trading → #trading
2025-09-25 17:22:35,119 [INFO] root: Route: source=nefte_baza → topic=trading
2025-09-25 17:22:35,119 [INFO] root: [DRY] trading → #trading
2025-09-25 17:22:35,138 [INFO] root: Route: source=nefte_baza → topic=trading
2025-09-25 17:22:35,138 [INFO] root: [DRY] trading → #trading
2025-09-25 17:22:35,156 [INFO] root: Route: source=nefte_baza → topic=trading
2025-09-25 17:22:35,156 [INFO] root: [DRY] trading → #trading
2025-09-25 17:22:35,175 [INFO] root: Route: source=nefte_baza → topic=trading
2025-09-25 17:22:35,176 [INFO] root: [DRY] trading → #trading
2025-09-25 17:22:35,195 [INFO] root: Route: source=nefte_baza → topic=trading
2025-09-25 17:22:35,195 [INFO] root: [DRY] trading → #trading
2025-09-25 17:22:35,213 [INFO] root: Route: source=nefte_baza → topic=trading
2025-09-25 17:22:35,213 [INFO] root: [DRY] trading → #trading
2025-09-25 17:22:35,232 [INFO] root: Route: source=nefte_baza → topic=trading
2025-09-25 17:22:35,232 [INFO] root: [DRY] trading → #trading
2025-09-25 17:22:35,251 [INFO] root: Route: source=nefte_baza → topic=trading
2025-09-25 17:22:35,252 [INFO] root: [DRY] trading → #trading
2025-09-25 17:22:35,270 [INFO] root: Route: source=nefte_baza → topic=trading
2025-09-25 17:22:35,271 [INFO] root: [DRY] trading → #trading
2025-09-25 17:22:35,289 [INFO] root: Route: source=nefte_baza → topic=trading
2025-09-25 17:22:35,289 [INFO] root: [DRY] trading → #trading
2025-09-25 17:22:35,308 [INFO] root: Route: source=nefte_baza → topic=trading
2025-09-25 17:22:35,308 [INFO] root: [DRY] trading → #trading
2025-09-25 17:22:35,328 [INFO] root: Route: source=nefte_baza → topic=trading
2025-09-25 17:22:35,328 [INFO] root: [DRY] trading → #trading
2025-09-25 17:22:35,346 [INFO] root: Route: source=nefte_baza → topic=trading
2025-09-25 17:22:35,347 [INFO] root: [DRY] trading → #trading
2025-09-25 17:22:35,366 [INFO] root: Route: source=nefte_baza → topic=trading
2025-09-25 17:22:35,366 [INFO] root: [DRY] trading → #trading
2025-09-25 17:22:35,385 [INFO] root: Route: source=nefte_baza → topic=trading
2025-09-25 17:22:35,385 [INFO] root: [DRY] trading → #trading
2025-09-25 17:22:35,404 [INFO] root: Route: source=nefte_baza → topic=trading
2025-09-25 17:22:35,404 [INFO] root: [DRY] trading → #trading
2025-09-25 17:22:35,423 [INFO] root: Route: source=nefte_baza → topic=trading
2025-09-25 17:22:35,423 [INFO] root: [DRY] trading → #trading
2025-09-25 17:22:35,442 [INFO] root: Route: source=nefte_baza → topic=trading
2025-09-25 17:22:35,442 [INFO] root: [DRY] trading → #trading
2025-09-25 17:22:35,462 [INFO] root: Route: source=nefte_baza → topic=trading
2025-09-25 17:22:35,462 [INFO] root: [DRY] trading → #trading
2025-09-25 17:22:35,481 [INFO] root: Route: source=nefte_baza → topic=trading
2025-09-25 17:22:35,481 [INFO] root: [DRY] trading → #trading
2025-09-25 17:22:35,500 [INFO] root: Route: source=nefte_baza → topic=trading
2025-09-25 17:22:35,500 [INFO] root: [DRY] trading → #trading
2025-09-25 17:22:35,520 [INFO] root: Route: source=nefte_baza → topic=trading
2025-09-25 17:22:35,520 [INFO] root: [DRY] trading → #trading
2025-09-25 17:22:35,539 [INFO] root: Route: source=nefte_baza → topic=trading
2025-09-25 17:22:35,539 [INFO] root: [DRY] trading → #trading
2025-09-25 17:22:35,558 [INFO] root: Route: source=nefte_baza → topic=trading
2025-09-25 17:22:35,558 [INFO] root: [DRY] trading → #trading
2025-09-25 17:22:35,578 [INFO] root: Route: source=nefte_baza → topic=trading
2025-09-25 17:22:35,578 [INFO] root: [DRY] trading → #trading
2025-09-25 17:22:35,598 [INFO] root: Route: source=nefte_baza → topic=trading
2025-09-25 17:22:35,598 [INFO] root: [DRY] trading → #trading
2025-09-25 17:22:35,617 [INFO] root: Route: source=nefte_baza → topic=trading
2025-09-25 17:22:35,617 [INFO] root: [DRY] trading → #trading
2025-09-25 17:22:35,637 [INFO] root: Route: source=nefte_baza → topic=trading
2025-09-25 17:22:35,637 [INFO] root: [DRY] trading → #trading
2025-09-25 17:22:35,656 [INFO] root: Route: source=nefte_baza → topic=trading
2025-09-25 17:22:35,656 [INFO] root: [DRY] trading → #trading
2025-09-25 17:22:35,675 [INFO] root: Route: source=nefte_baza → topic=trading
2025-09-25 17:22:35,675 [INFO] root: [DRY] trading → #trading
2025-09-25 17:22:35,695 [INFO] root: Route: source=nefte_baza → topic=trading
2025-09-25 17:22:35,695 [INFO] root: [DRY] trading → #trading
2025-09-25 17:22:35,715 [INFO] root: Route: source=nefte_baza → topic=trading
2025-09-25 17:22:35,715 [INFO] root: [DRY] trading → #trading
2025-09-25 17:22:35,734 [INFO] root: Route: source=nefte_baza → topic=trading
2025-09-25 17:22:35,734 [INFO] root: [DRY] trading → #trading
2025-09-25 17:22:35,753 [INFO] root: Route: source=nefte_baza → topic=trading
2025-09-25 17:22:35,754 [INFO] root: [DRY] trading → #trading
2025-09-25 17:22:35,773 [INFO] root: Route: source=nefte_baza → topic=trading
2025-09-25 17:22:35,773 [INFO] root: [DRY] trading → #trading
2025-09-25 17:22:35,793 [INFO] root: Route: source=nefte_baza → topic=trading
2025-09-25 17:22:35,793 [INFO] root: [DRY] trading → #trading
2025-09-25 17:22:35,814 [INFO] root: Route: source=nefte_baza → topic=trading
2025-09-25 17:22:35,814 [INFO] root: [DRY] trading → #trading
2025-09-25 17:22:35,834 [INFO] root: Route: source=smartlabnews → topic=trading
2025-09-25 17:22:35,834 [INFO] root: [DRY] trading → #trading
2025-09-25 17:22:35,853 [INFO] root: Route: source=smartlabnews → topic=trading
2025-09-25 17:22:35,853 [INFO] root: [DRY] trading → #trading
2025-09-25 17:22:35,873 [INFO] root: Route: source=smartlabnews → topic=trading
2025-09-25 17:22:35,873 [INFO] root: [DRY] trading → #trading
2025-09-25 17:22:35,893 [INFO] root: Route: source=smartlabnews → topic=trading
2025-09-25 17:22:35,893 [INFO] root: [DRY] trading → #trading
2025-09-25 17:22:35,913 [INFO] root: Route: source=smartlabnews → topic=trading
2025-09-25 17:22:35,913 [INFO] root: [DRY] trading → #trading
2025-09-25 17:22:35,933 [INFO] root: Route: source=smartlabnews → topic=trading
2025-09-25 17:22:35,933 [INFO] root: [DRY] trading → #trading
2025-09-25 17:22:35,953 [INFO] root: Route: source=smartlabnews → topic=trading
2025-09-25 17:22:35,953 [INFO] root: [DRY] trading → #trading
2025-09-25 17:22:35,973 [INFO] root: Route: source=smartlabnews → topic=trading
2025-09-25 17:22:35,973 [INFO] root: [DRY] trading → #trading
2025-09-25 17:22:35,992 [INFO] root: Route: source=smartlabnews → topic=trading
2025-09-25 17:22:35,992 [INFO] root: [DRY] trading → #trading
2025-09-25 17:22:36,012 [INFO] root: Route: source=smartlabnews → topic=trading
2025-09-25 17:22:36,012 [INFO] root: [DRY] trading → #trading
2025-09-25 17:22:36,032 [INFO] root: Route: source=smartlabnews → topic=trading
2025-09-25 17:22:36,032 [INFO] root: [DRY] trading → #trading
2025-09-25 17:22:36,053 [INFO] root: Route: source=smartlabnews → topic=trading
2025-09-25 17:22:36,053 [INFO] root: [DRY] trading → #trading
2025-09-25 17:22:36,072 [INFO] root: Route: source=smartlabnews → topic=trading
2025-09-25 17:22:36,073 [INFO] root: [DRY] trading → #trading
2025-09-25 17:22:36,093 [INFO] root: Route: source=smartlabnews → topic=trading
2025-09-25 17:22:36,093 [INFO] root: [DRY] trading → #trading
2025-09-25 17:22:36,113 [INFO] root: Route: source=smartlabnews → topic=trading
2025-09-25 17:22:36,113 [INFO] root: [DRY] trading → #trading
2025-09-25 17:22:36,132 [INFO] root: Route: source=smartlabnews → topic=trading
2025-09-25 17:22:36,133 [INFO] root: [DRY] trading → #trading
2025-09-25 17:22:36,153 [INFO] root: Route: source=smartlabnews → topic=trading
2025-09-25 17:22:36,153 [INFO] root: [DRY] trading → #trading
2025-09-25 17:22:36,173 [INFO] root: Route: source=smartlabnews → topic=trading
2025-09-25 17:22:36,173 [INFO] root: [DRY] trading → #trading
2025-09-25 17:22:36,193 [INFO] root: Route: source=smartlabnews → topic=trading
2025-09-25 17:22:36,193 [INFO] root: [DRY] trading → #trading
2025-09-25 17:22:36,213 [INFO] root: Route: source=smartlabnews → topic=trading
2025-09-25 17:22:36,213 [INFO] root: [DRY] trading → #trading
2025-09-25 17:22:36,233 [INFO] root: Route: source=smartlabnews → topic=trading
2025-09-25 17:22:36,233 [INFO] root: [DRY] trading → #trading
2025-09-25 17:22:36,254 [INFO] root: Route: source=smartlabnews → topic=trading
2025-09-25 17:22:36,254 [INFO] root: [DRY] trading → #trading
2025-09-25 17:22:36,274 [INFO] root: Route: source=smartlabnews → topic=trading
2025-09-25 17:22:36,274 [INFO] root: [DRY] trading → #trading
2025-09-25 17:22:36,294 [INFO] root: Route: source=smartlabnews → topic=trading
2025-09-25 17:22:36,294 [INFO] root: [DRY] trading → #trading
2025-09-25 17:22:36,315 [INFO] root: Route: source=smartlabnews → topic=trading
2025-09-25 17:22:36,315 [INFO] root: [DRY] trading → #trading
2025-09-25 17:22:36,335 [INFO] root: Route: source=smartlabnews → topic=trading
2025-09-25 17:22:36,335 [INFO] root: [DRY] trading → #trading
2025-09-25 17:22:36,355 [INFO] root: Route: source=smartlabnews → topic=trading
2025-09-25 17:22:36,355 [INFO] root: [DRY] trading → #trading
2025-09-25 17:22:36,376 [INFO] root: Route: source=smartlabnews → topic=trading
2025-09-25 17:22:36,376 [INFO] root: [DRY] trading → #trading
2025-09-25 17:22:36,396 [INFO] root: Route: source=smartlabnews → topic=trading
2025-09-25 17:22:36,396 [INFO] root: [DRY] trading → #trading
2025-09-25 17:22:36,415 [INFO] root: Route: source=smartlabnews → topic=trading
2025-09-25 17:22:36,415 [INFO] root: [DRY] trading → #trading
2025-09-25 17:22:36,437 [INFO] root: Route: source=smartlabnews → topic=trading
2025-09-25 17:22:36,437 [INFO] root: [DRY] trading → #trading
2025-09-25 17:22:36,457 [INFO] root: Route: source=smartlabnews → topic=trading
2025-09-25 17:22:36,457 [INFO] root: [DRY] trading → #trading
2025-09-25 17:22:36,477 [INFO] root: Route: source=smartlabnews → topic=trading
2025-09-25 17:22:36,477 [INFO] root: [DRY] trading → #trading
2025-09-25 17:22:36,498 [INFO] root: Route: source=smartlabnews → topic=trading
2025-09-25 17:22:36,498 [INFO] root: [DRY] trading → #trading
2025-09-25 17:22:36,518 [INFO] root: Route: source=smartlabnews → topic=trading
2025-09-25 17:22:36,518 [INFO] root: [DRY] trading → #trading
2025-09-25 17:22:36,538 [INFO] root: Route: source=smartlabnews → topic=trading
2025-09-25 17:22:36,538 [INFO] root: [DRY] trading → #trading
2025-09-25 17:22:36,559 [INFO] root: Route: source=smartlabnews → topic=trading
2025-09-25 17:22:36,559 [INFO] root: [DRY] trading → #trading
2025-09-25 17:22:36,579 [INFO] root: Route: source=smartlabnews → topic=trading
2025-09-25 17:22:36,579 [INFO] root: [DRY] trading → #trading
2025-09-25 17:22:36,600 [INFO] root: Route: source=smartlabnews → topic=trading
2025-09-25 17:22:36,600 [INFO] root: [DRY] trading → #trading
2025-09-25 17:22:36,620 [INFO] root: Route: source=smartlabnews → topic=trading
2025-09-25 17:22:36,620 [INFO] root: [DRY] trading → #trading
2025-09-25 17:22:36,641 [INFO] root: Route: source=smartlabnews → topic=trading
2025-09-25 17:22:36,641 [INFO] root: [DRY] trading → #trading
2025-09-25 17:22:36,661 [INFO] root: Route: source=smartlabnews → topic=trading
2025-09-25 17:22:36,662 [INFO] root: [DRY] trading → #trading
2025-09-25 17:22:36,682 [INFO] root: Route: source=smartlabnews → topic=trading
2025-09-25 17:22:36,682 [INFO] root: [DRY] trading → #trading
2025-09-25 17:22:36,703 [INFO] root: Route: source=smartlabnews → topic=trading
2025-09-25 17:22:36,703 [INFO] root: [DRY] trading → #trading
2025-09-25 17:22:36,703 [INFO] root: Duplicate skipped: a6c900351e41d2ca3781
2025-09-25 17:22:36,723 [INFO] root: Route: source=smartlabnews → topic=trading
2025-09-25 17:22:36,723 [INFO] root: [DRY] trading → #trading
2025-09-25 17:22:36,744 [INFO] root: Route: source=headlines_for_traders → topic=trading
2025-09-25 17:22:36,744 [INFO] root: [DRY] trading → #trading
2025-09-25 17:22:36,765 [INFO] root: Route: source=headlines_for_traders → topic=trading
2025-09-25 17:22:36,765 [INFO] root: [DRY] trading → #trading
2025-09-25 17:22:36,785 [INFO] root: Route: source=headlines_for_traders → topic=trading
2025-09-25 17:22:36,785 [INFO] root: [DRY] trading → #trading
2025-09-25 17:22:36,806 [INFO] root: Route: source=headlines_for_traders → topic=trading
2025-09-25 17:22:36,806 [INFO] root: [DRY] trading → #trading
2025-09-25 17:22:36,827 [INFO] root: Route: source=headlines_for_traders → topic=trading
2025-09-25 17:22:36,827 [INFO] root: [DRY] trading → #trading
2025-09-25 17:22:36,847 [INFO] root: Route: source=headlines_for_traders → topic=trading
2025-09-25 17:22:36,848 [INFO] root: [DRY] trading → #trading
2025-09-25 17:22:36,868 [INFO] root: Route: source=headlines_for_traders → topic=trading
2025-09-25 17:22:36,868 [INFO] root: [DRY] trading → #trading
2025-09-25 17:22:36,889 [INFO] root: Route: source=headlines_for_traders → topic=trading
2025-09-25 17:22:36,889 [INFO] root: [DRY] trading → #trading
2025-09-25 17:22:36,909 [INFO] root: Route: source=headlines_for_traders → topic=trading
2025-09-25 17:22:36,910 [INFO] root: [DRY] trading → #trading
2025-09-25 17:22:36,930 [INFO] root: Route: source=headlines_for_traders → topic=trading
2025-09-25 17:22:36,930 [INFO] root: [DRY] trading → #trading
2025-09-25 17:22:36,951 [INFO] root: Route: source=headlines_for_traders → topic=trading
2025-09-25 17:22:36,951 [INFO] root: [DRY] trading → #trading
2025-09-25 17:22:36,972 [INFO] root: Route: source=headlines_for_traders → topic=trading
2025-09-25 17:22:36,972 [INFO] root: [DRY] trading → #trading
2025-09-25 17:22:36,992 [INFO] root: Route: source=headlines_for_traders → topic=trading
2025-09-25 17:22:36,992 [INFO] root: [DRY] trading → #trading
2025-09-25 17:22:37,013 [INFO] root: Route: source=headlines_for_traders → topic=trading
2025-09-25 17:22:37,013 [INFO] root: [DRY] trading → #trading
2025-09-25 17:22:37,034 [INFO] root: Route: source=headlines_for_traders → topic=trading
2025-09-25 17:22:37,034 [INFO] root: [DRY] trading → #trading
2025-09-25 17:22:37,055 [INFO] root: Route: source=headlines_for_traders → topic=trading
2025-09-25 17:22:37,055 [INFO] root: [DRY] trading → #trading
2025-09-25 17:22:37,076 [INFO] root: Route: source=headlines_for_traders → topic=trading
2025-09-25 17:22:37,076 [INFO] root: [DRY] trading → #trading
2025-09-25 17:22:37,097 [INFO] root: Route: source=headlines_for_traders → topic=trading
2025-09-25 17:22:37,097 [INFO] root: [DRY] trading → #trading
2025-09-25 17:22:37,117 [INFO] root: Route: source=headlines_for_traders → topic=trading
2025-09-25 17:22:37,117 [INFO] root: [DRY] trading → #trading
2025-09-25 17:22:37,138 [INFO] root: Route: source=headlines_for_traders → topic=trading
2025-09-25 17:22:37,138 [INFO] root: [DRY] trading → #trading
2025-09-25 17:22:37,163 [INFO] root: Route: source=headlines_for_traders → topic=trading
2025-09-25 17:22:37,163 [INFO] root: [DRY] trading → #trading
2025-09-25 17:22:37,184 [INFO] root: Route: source=headlines_for_traders → topic=trading
2025-09-25 17:22:37,184 [INFO] root: [DRY] trading → #trading
2025-09-25 17:22:37,205 [INFO] root: Route: source=headlines_for_traders → topic=trading
2025-09-25 17:22:37,205 [INFO] root: [DRY] trading → #trading
2025-09-25 17:22:37,226 [INFO] root: Route: source=headlines_for_traders → topic=trading
2025-09-25 17:22:37,226 [INFO] root: [DRY] trading → #trading
2025-09-25 17:22:37,246 [INFO] root: Route: source=headlines_for_traders → topic=trading
2025-09-25 17:22:37,247 [INFO] root: [DRY] trading → #trading
2025-09-25 17:22:37,267 [INFO] root: Route: source=headlines_for_traders → topic=trading
2025-09-25 17:22:37,268 [INFO] root: [DRY] trading → #trading
2025-09-25 17:22:37,289 [INFO] root: Route: source=headlines_for_traders → topic=trading
2025-09-25 17:22:37,289 [INFO] root: [DRY] trading → #trading
2025-09-25 17:22:37,310 [INFO] root: Route: source=headlines_for_traders → topic=trading
2025-09-25 17:22:37,310 [INFO] root: [DRY] trading → #trading
2025-09-25 17:22:37,331 [INFO] root: Route: source=headlines_for_traders → topic=trading
2025-09-25 17:22:37,331 [INFO] root: [DRY] trading → #trading
2025-09-25 17:22:37,351 [INFO] root: Route: source=headlines_for_traders → topic=trading
2025-09-25 17:22:37,351 [INFO] root: [DRY] trading → #trading
2025-09-25 17:22:37,372 [INFO] root: Route: source=headlines_for_traders → topic=trading
2025-09-25 17:22:37,372 [INFO] root: [DRY] trading → #trading
2025-09-25 17:22:37,393 [INFO] root: Route: source=headlines_for_traders → topic=trading
2025-09-25 17:22:37,393 [INFO] root: [DRY] trading → #trading
2025-09-25 17:22:37,414 [INFO] root: Route: source=headlines_for_traders → topic=trading
2025-09-25 17:22:37,414 [INFO] root: [DRY] trading → #trading
2025-09-25 17:22:37,436 [INFO] root: Route: source=headlines_for_traders → topic=trading
2025-09-25 17:22:37,436 [INFO] root: [DRY] trading → #trading
2025-09-25 17:22:37,456 [INFO] root: Route: source=headlines_for_traders → topic=trading
2025-09-25 17:22:37,456 [INFO] root: [DRY] trading → #trading
2025-09-25 17:22:37,477 [INFO] root: Route: source=headlines_for_traders → topic=trading
2025-09-25 17:22:37,477 [INFO] root: [DRY] trading → #trading
2025-09-25 17:22:37,499 [INFO] root: Route: source=headlines_for_traders → topic=trading
2025-09-25 17:22:37,499 [INFO] root: [DRY] trading → #trading
2025-09-25 17:22:37,520 [INFO] root: Route: source=headlines_for_traders → topic=trading
2025-09-25 17:22:37,520 [INFO] root: [DRY] trading → #trading
2025-09-25 17:22:37,541 [INFO] root: Route: source=headlines_for_traders → topic=trading
2025-09-25 17:22:37,541 [INFO] root: [DRY] trading → #trading
2025-09-25 17:22:37,562 [INFO] root: Route: source=headlines_for_traders → topic=trading
2025-09-25 17:22:37,562 [INFO] root: [DRY] trading → #trading
2025-09-25 17:22:37,583 [INFO] root: Route: source=headlines_for_traders → topic=trading
2025-09-25 17:22:37,583 [INFO] root: [DRY] trading → #trading
2025-09-25 17:22:37,604 [INFO] root: Route: source=headlines_for_traders → topic=trading
2025-09-25 17:22:37,604 [INFO] root: [DRY] trading → #trading
2025-09-25 17:22:37,625 [INFO] root: Route: source=headlines_for_traders → topic=trading
2025-09-25 17:22:37,625 [INFO] root: [DRY] trading → #trading
2025-09-25 17:22:37,646 [INFO] root: Route: source=headlines_for_traders → topic=trading
2025-09-25 17:22:37,646 [INFO] root: [DRY] trading → #trading
2025-09-25 17:22:37,667 [INFO] root: Route: source=headlines_for_traders → topic=trading
2025-09-25 17:22:37,667 [INFO] root: [DRY] trading → #trading
2025-09-25 17:22:37,688 [INFO] root: Route: source=headlines_for_traders → topic=trading
2025-09-25 17:22:37,688 [INFO] root: [DRY] trading → #trading
2025-09-25 17:22:37,709 [INFO] root: Route: source=headlines_for_traders → topic=trading
2025-09-25 17:22:37,709 [INFO] root: [DRY] trading → #trading
2025-09-25 17:22:37,730 [INFO] root: Route: source=headlines_for_traders → topic=trading
2025-09-25 17:22:37,731 [INFO] root: [DRY] trading → #trading
2025-09-25 17:22:37,752 [INFO] root: Route: source=headlines_for_traders → topic=trading
2025-09-25 17:22:37,752 [INFO] root: [DRY] trading → #trading
2025-09-25 17:22:37,773 [INFO] root: Route: source=headlines_for_traders → topic=trading
2025-09-25 17:22:37,773 [INFO] root: [DRY] trading → #trading
2025-09-25 17:22:37,794 [INFO] root: Route: source=headlines_quants → topic=trading
2025-09-25 17:22:37,794 [INFO] root: [DRY] trading → #trading
2025-09-25 17:22:37,816 [INFO] root: Route: source=headlines_quants → topic=trading
2025-09-25 17:22:37,816 [INFO] root: [DRY] trading → #trading
2025-09-25 17:22:37,837 [INFO] root: Route: source=headlines_quants → topic=trading
2025-09-25 17:22:37,837 [INFO] root: [DRY] trading → #trading
2025-09-25 17:22:37,872 [INFO] root: Route: source=headlines_quants → topic=trading
2025-09-25 17:22:37,872 [INFO] root: [DRY] trading → #trading
2025-09-25 17:22:37,893 [INFO] root: Route: source=headlines_quants → topic=trading
2025-09-25 17:22:37,894 [INFO] root: [DRY] trading → #trading
2025-09-25 17:22:37,915 [INFO] root: Route: source=headlines_quants → topic=trading
2025-09-25 17:22:37,915 [INFO] root: [DRY] trading → #trading
2025-09-25 17:22:37,937 [INFO] root: Route: source=headlines_quants → topic=trading
2025-09-25 17:22:37,937 [INFO] root: [DRY] trading → #trading
2025-09-25 17:22:37,959 [INFO] root: Route: source=headlines_quants → topic=trading
2025-09-25 17:22:37,959 [INFO] root: [DRY] trading → #trading
2025-09-25 17:22:37,981 [INFO] root: Route: source=headlines_quants → topic=trading
2025-09-25 17:22:37,981 [INFO] root: [DRY] trading → #trading
2025-09-25 17:22:38,002 [INFO] root: Route: source=headlines_quants → topic=trading
2025-09-25 17:22:38,002 [INFO] root: [DRY] trading → #trading
2025-09-25 17:22:38,023 [INFO] root: Route: source=headlines_quants → topic=trading
2025-09-25 17:22:38,024 [INFO] root: [DRY] trading → #trading
2025-09-25 17:22:38,045 [INFO] root: Route: source=headlines_quants → topic=trading
2025-09-25 17:22:38,045 [INFO] root: [DRY] trading → #trading
2025-09-25 17:22:38,067 [INFO] root: Route: source=headlines_quants → topic=trading
2025-09-25 17:22:38,067 [INFO] root: [DRY] trading → #trading
2025-09-25 17:22:38,088 [INFO] root: Route: source=headlines_quants → topic=trading
2025-09-25 17:22:38,088 [INFO] root: [DRY] trading → #trading
2025-09-25 17:22:38,109 [INFO] root: Route: source=headlines_quants → topic=trading
2025-09-25 17:22:38,109 [INFO] root: [DRY] trading → #trading
2025-09-25 17:22:38,131 [INFO] root: Route: source=headlines_quants → topic=trading
2025-09-25 17:22:38,131 [INFO] root: [DRY] trading → #trading
2025-09-25 17:22:38,153 [INFO] root: Route: source=headlines_quants → topic=trading
2025-09-25 17:22:38,153 [INFO] root: [DRY] trading → #trading
2025-09-25 17:22:38,174 [INFO] root: Route: source=headlines_quants → topic=trading
2025-09-25 17:22:38,174 [INFO] root: [DRY] trading → #trading
2025-09-25 17:22:38,196 [INFO] root: Route: source=headlines_quants → topic=trading
2025-09-25 17:22:38,196 [INFO] root: [DRY] trading → #trading
2025-09-25 17:22:38,217 [INFO] root: Route: source=headlines_quants → topic=trading
2025-09-25 17:22:38,218 [INFO] root: [DRY] trading → #trading
2025-09-25 17:22:38,239 [INFO] root: Route: source=headlines_quants → topic=trading
2025-09-25 17:22:38,239 [INFO] root: [DRY] trading → #trading
2025-09-25 17:22:38,261 [INFO] root: Route: source=headlines_quants → topic=trading
2025-09-25 17:22:38,261 [INFO] root: [DRY] trading → #trading
2025-09-25 17:22:38,282 [INFO] root: Route: source=headlines_quants → topic=trading
2025-09-25 17:22:38,282 [INFO] root: [DRY] trading → #trading
2025-09-25 17:22:38,304 [INFO] root: Route: source=headlines_quants → topic=trading
2025-09-25 17:22:38,304 [INFO] root: [DRY] trading → #trading
2025-09-25 17:22:38,326 [INFO] root: Route: source=headlines_quants → topic=trading
2025-09-25 17:22:38,326 [INFO] root: [DRY] trading → #trading
2025-09-25 17:22:38,348 [INFO] root: Route: source=headlines_quants → topic=trading
2025-09-25 17:22:38,348 [INFO] root: [DRY] trading → #trading
2025-09-25 17:22:38,369 [INFO] root: Route: source=headlines_quants → topic=trading
2025-09-25 17:22:38,369 [INFO] root: [DRY] trading → #trading
2025-09-25 17:22:38,391 [INFO] root: Route: source=headlines_quants → topic=trading
2025-09-25 17:22:38,391 [INFO] root: [DRY] trading → #trading
2025-09-25 17:22:38,413 [INFO] root: Route: source=headlines_quants → topic=trading
2025-09-25 17:22:38,413 [INFO] root: [DRY] trading → #trading
2025-09-25 17:22:38,434 [INFO] root: Route: source=headlines_quants → topic=trading
2025-09-25 17:22:38,435 [INFO] root: [DRY] trading → #trading
2025-09-25 17:22:38,456 [INFO] root: Route: source=headlines_quants → topic=trading
2025-09-25 17:22:38,456 [INFO] root: [DRY] trading → #trading
2025-09-25 17:22:38,478 [INFO] root: Route: source=headlines_quants → topic=trading
2025-09-25 17:22:38,478 [INFO] root: [DRY] trading → #trading
2025-09-25 17:22:38,500 [INFO] root: Route: source=headlines_quants → topic=trading
2025-09-25 17:22:38,500 [INFO] root: [DRY] trading → #trading
2025-09-25 17:22:38,522 [INFO] root: Route: source=headlines_quants → topic=trading
2025-09-25 17:22:38,522 [INFO] root: [DRY] trading → #trading
2025-09-25 17:22:38,543 [INFO] root: Route: source=headlines_quants → topic=trading
2025-09-25 17:22:38,544 [INFO] root: [DRY] trading → #trading
2025-09-25 17:22:38,565 [INFO] root: Route: source=headlines_quants → topic=trading
2025-09-25 17:22:38,565 [INFO] root: [DRY] trading → #trading
2025-09-25 17:22:38,587 [INFO] root: Route: source=headlines_quants → topic=trading
2025-09-25 17:22:38,587 [INFO] root: [DRY] trading → #trading
2025-09-25 17:22:38,609 [INFO] root: Route: source=headlines_quants → topic=trading
2025-09-25 17:22:38,609 [INFO] root: [DRY] trading → #trading
2025-09-25 17:22:38,631 [INFO] root: Route: source=headlines_quants → topic=trading
2025-09-25 17:22:38,631 [INFO] root: [DRY] trading → #trading
2025-09-25 17:22:38,653 [INFO] root: Route: source=headlines_quants → topic=trading
2025-09-25 17:22:38,653 [INFO] root: [DRY] trading → #trading
2025-09-25 17:22:38,675 [INFO] root: Route: source=headlines_quants → topic=trading
2025-09-25 17:22:38,675 [INFO] root: [DRY] trading → #trading
2025-09-25 17:22:38,697 [INFO] root: Route: source=headlines_quants → topic=trading
2025-09-25 17:22:38,698 [INFO] root: [DRY] trading → #trading
2025-09-25 17:22:38,719 [INFO] root: Route: source=headlines_quants → topic=trading
2025-09-25 17:22:38,719 [INFO] root: [DRY] trading → #trading
2025-09-25 17:22:38,741 [INFO] root: Route: source=headlines_quants → topic=trading
2025-09-25 17:22:38,741 [INFO] root: [DRY] trading → #trading
2025-09-25 17:22:38,763 [INFO] root: Route: source=headlines_quants → topic=trading
2025-09-25 17:22:38,763 [INFO] root: [DRY] trading → #trading
2025-09-25 17:22:38,785 [INFO] root: Route: source=headlines_quants → topic=trading
2025-09-25 17:22:38,785 [INFO] root: [DRY] trading → #trading
2025-09-25 17:22:38,807 [INFO] root: Route: source=headlines_quants → topic=trading
2025-09-25 17:22:38,807 [INFO] root: [DRY] trading → #trading
2025-09-25 17:22:38,829 [INFO] root: Route: source=headlines_quants → topic=trading
2025-09-25 17:22:38,829 [INFO] root: [DRY] trading → #trading
2025-09-25 17:22:38,852 [INFO] root: Route: source=headlines_macro → topic=trading
2025-09-25 17:22:38,852 [INFO] root: [DRY] trading → #trading
2025-09-25 17:22:38,874 [INFO] root: Route: source=headlines_macro → topic=trading
2025-09-25 17:22:38,874 [INFO] root: [DRY] trading → #trading
2025-09-25 17:22:38,896 [INFO] root: Route: source=headlines_macro → topic=trading
2025-09-25 17:22:38,896 [INFO] root: [DRY] trading → #trading
2025-09-25 17:22:38,918 [INFO] root: Route: source=headlines_macro → topic=trading
2025-09-25 17:22:38,918 [INFO] root: [DRY] trading → #trading
2025-09-25 17:22:38,940 [INFO] root: Route: source=headlines_macro → topic=trading
2025-09-25 17:22:38,940 [INFO] root: [DRY] trading → #trading
2025-09-25 17:22:38,962 [INFO] root: Route: source=headlines_macro → topic=trading
2025-09-25 17:22:38,963 [INFO] root: [DRY] trading → #trading
2025-09-25 17:22:38,985 [INFO] root: Route: source=headlines_macro → topic=trading
2025-09-25 17:22:38,985 [INFO] root: [DRY] trading → #trading
2025-09-25 17:22:39,007 [INFO] root: Route: source=headlines_macro → topic=trading
2025-09-25 17:22:39,007 [INFO] root: [DRY] trading → #trading
2025-09-25 17:22:39,029 [INFO] root: Route: source=headlines_macro → topic=trading
2025-09-25 17:22:39,029 [INFO] root: [DRY] trading → #trading
2025-09-25 17:22:39,051 [INFO] root: Route: source=headlines_macro → topic=trading
2025-09-25 17:22:39,051 [INFO] root: [DRY] trading → #trading
2025-09-25 17:22:39,074 [INFO] root: Route: source=headlines_macro → topic=trading
2025-09-25 17:22:39,074 [INFO] root: [DRY] trading → #trading
2025-09-25 17:22:39,096 [INFO] root: Route: source=headlines_macro → topic=trading
2025-09-25 17:22:39,096 [INFO] root: [DRY] trading → #trading
2025-09-25 17:22:39,118 [INFO] root: Route: source=headlines_macro → topic=trading
2025-09-25 17:22:39,118 [INFO] root: [DRY] trading → #trading
2025-09-25 17:22:39,141 [INFO] root: Route: source=headlines_macro → topic=trading
2025-09-25 17:22:39,141 [INFO] root: [DRY] trading → #trading
2025-09-25 17:22:39,163 [INFO] root: Route: source=headlines_macro → topic=trading
2025-09-25 17:22:39,163 [INFO] root: [DRY] trading → #trading
2025-09-25 17:22:39,186 [INFO] root: Route: source=headlines_macro → topic=trading
2025-09-25 17:22:39,186 [INFO] root: [DRY] trading → #trading
2025-09-25 17:22:39,208 [INFO] root: Route: source=headlines_macro → topic=trading
2025-09-25 17:22:39,208 [INFO] root: [DRY] trading → #trading
2025-09-25 17:22:39,231 [INFO] root: Route: source=headlines_macro → topic=trading
2025-09-25 17:22:39,231 [INFO] root: [DRY] trading → #trading
2025-09-25 17:22:39,253 [INFO] root: Route: source=headlines_macro → topic=trading
2025-09-25 17:22:39,253 [INFO] root: [DRY] trading → #trading
2025-09-25 17:22:39,276 [INFO] root: Route: source=headlines_macro → topic=trading
2025-09-25 17:22:39,276 [INFO] root: [DRY] trading → #trading
2025-09-25 17:22:39,299 [INFO] root: Route: source=headlines_macro → topic=trading
2025-09-25 17:22:39,299 [INFO] root: [DRY] trading → #trading
2025-09-25 17:22:39,321 [INFO] root: Route: source=headlines_macro → topic=trading
2025-09-25 17:22:39,321 [INFO] root: [DRY] trading → #trading
2025-09-25 17:22:39,344 [INFO] root: Route: source=headlines_macro → topic=trading
2025-09-25 17:22:39,344 [INFO] root: [DRY] trading → #trading
2025-09-25 17:22:39,366 [INFO] root: Route: source=headlines_macro → topic=trading
2025-09-25 17:22:39,366 [INFO] root: [DRY] trading → #trading
2025-09-25 17:22:39,389 [INFO] root: Route: source=headlines_macro → topic=trading
2025-09-25 17:22:39,389 [INFO] root: [DRY] trading → #trading
2025-09-25 17:22:39,412 [INFO] root: Route: source=headlines_macro → topic=trading
2025-09-25 17:22:39,412 [INFO] root: [DRY] trading → #trading
2025-09-25 17:22:39,434 [INFO] root: Route: source=headlines_macro → topic=trading
2025-09-25 17:22:39,434 [INFO] root: [DRY] trading → #trading
2025-09-25 17:22:39,457 [INFO] root: Route: source=headlines_macro → topic=trading
2025-09-25 17:22:39,457 [INFO] root: [DRY] trading → #trading
2025-09-25 17:22:39,480 [INFO] root: Route: source=headlines_macro → topic=trading
2025-09-25 17:22:39,480 [INFO] root: [DRY] trading → #trading
2025-09-25 17:22:39,502 [INFO] root: Route: source=headlines_macro → topic=trading
2025-09-25 17:22:39,502 [INFO] root: [DRY] trading → #trading
2025-09-25 17:22:39,524 [INFO] root: Route: source=headlines_macro → topic=trading
2025-09-25 17:22:39,525 [INFO] root: [DRY] trading → #trading
2025-09-25 17:22:39,547 [INFO] root: Route: source=headlines_macro → topic=trading
2025-09-25 17:22:39,547 [INFO] root: [DRY] trading → #trading
2025-09-25 17:22:39,570 [INFO] root: Route: source=headlines_macro → topic=trading
2025-09-25 17:22:39,570 [INFO] root: [DRY] trading → #trading
2025-09-25 17:22:39,593 [INFO] root: Route: source=headlines_macro → topic=trading
2025-09-25 17:22:39,593 [INFO] root: [DRY] trading → #trading
2025-09-25 17:22:39,615 [INFO] root: Route: source=headlines_macro → topic=trading
2025-09-25 17:22:39,616 [INFO] root: [DRY] trading → #trading
2025-09-25 17:22:39,638 [INFO] root: Route: source=headlines_macro → topic=trading
2025-09-25 17:22:39,638 [INFO] root: [DRY] trading → #trading
2025-09-25 17:22:39,661 [INFO] root: Route: source=headlines_macro → topic=trading
2025-09-25 17:22:39,661 [INFO] root: [DRY] trading → #trading
2025-09-25 17:22:39,683 [INFO] root: Route: source=headlines_macro → topic=trading
2025-09-25 17:22:39,683 [INFO] root: [DRY] trading → #trading
2025-09-25 17:22:39,683 [INFO] root: Duplicate skipped: 38d31650b64bb0357718
2025-09-25 17:22:39,706 [INFO] root: Route: source=headlines_macro → topic=trading
2025-09-25 17:22:39,706 [INFO] root: [DRY] trading → #trading
2025-09-25 17:22:39,729 [INFO] root: Route: source=headlines_macro → topic=trading
2025-09-25 17:22:39,729 [INFO] root: [DRY] trading → #trading
2025-09-25 17:22:39,752 [INFO] root: Route: source=headlines_macro → topic=trading
2025-09-25 17:22:39,752 [INFO] root: [DRY] trading → #trading
2025-09-25 17:22:39,774 [INFO] root: Route: source=headlines_macro → topic=trading
2025-09-25 17:22:39,774 [INFO] root: [DRY] trading → #trading
2025-09-25 17:22:39,797 [INFO] root: Route: source=headlines_macro → topic=trading
2025-09-25 17:22:39,797 [INFO] root: [DRY] trading → #trading
2025-09-25 17:22:39,820 [INFO] root: Route: source=headlines_macro → topic=trading
2025-09-25 17:22:39,820 [INFO] root: [DRY] trading → #trading
2025-09-25 17:22:39,843 [INFO] root: Route: source=headlines_macro → topic=trading
2025-09-25 17:22:39,843 [INFO] root: [DRY] trading → #trading
2025-09-25 17:22:39,866 [INFO] root: Route: source=headlines_macro → topic=trading
2025-09-25 17:22:39,866 [INFO] root: [DRY] trading → #trading
2025-09-25 17:22:39,889 [INFO] root: Route: source=headlines_macro → topic=trading
2025-09-25 17:22:39,889 [INFO] root: [DRY] trading → #trading
2025-09-25 17:22:39,912 [INFO] root: Route: source=headlines_macro → topic=trading
2025-09-25 17:22:39,912 [INFO] root: [DRY] trading → #trading
2025-09-25 17:22:39,912 [INFO] root: Duplicate skipped: e3942db1447a58510dba
2025-09-25 17:22:39,935 [INFO] root: Route: source=ak47pfl → topic=trading
2025-09-25 17:22:39,935 [INFO] root: [DRY] trading → #trading
2025-09-25 17:22:39,958 [INFO] root: Route: source=ak47pfl → topic=trading
2025-09-25 17:22:39,958 [INFO] root: [DRY] trading → #trading
2025-09-25 17:22:39,981 [INFO] root: Route: source=ak47pfl → topic=trading
2025-09-25 17:22:39,981 [INFO] root: [DRY] trading → #trading
2025-09-25 17:22:40,004 [INFO] root: Route: source=ak47pfl → topic=trading
2025-09-25 17:22:40,004 [INFO] root: [DRY] trading → #trading
2025-09-25 17:22:40,028 [INFO] root: Route: source=ak47pfl → topic=trading
2025-09-25 17:22:40,028 [INFO] root: [DRY] trading → #trading
2025-09-25 17:22:40,052 [INFO] root: Route: source=ak47pfl → topic=trading
2025-09-25 17:22:40,052 [INFO] root: [DRY] trading → #trading
2025-09-25 17:22:40,075 [INFO] root: Route: source=ak47pfl → topic=trading
2025-09-25 17:22:40,075 [INFO] root: [DRY] trading → #trading
2025-09-25 17:22:40,075 [INFO] root: Duplicate skipped: 06536cc7bf9015e2f469
2025-09-25 17:22:40,098 [INFO] root: Route: source=ak47pfl → topic=trading
2025-09-25 17:22:40,098 [INFO] root: [DRY] trading → #trading
2025-09-25 17:22:40,122 [INFO] root: Route: source=ak47pfl → topic=trading
2025-09-25 17:22:40,122 [INFO] root: [DRY] trading → #trading
2025-09-25 17:22:40,145 [INFO] root: Route: source=ak47pfl → topic=trading
2025-09-25 17:22:40,145 [INFO] root: [DRY] trading → #trading
2025-09-25 17:22:40,168 [INFO] root: Route: source=ak47pfl → topic=trading
2025-09-25 17:22:40,168 [INFO] root: [DRY] trading → #trading
2025-09-25 17:22:40,192 [INFO] root: Route: source=ak47pfl → topic=trading
2025-09-25 17:22:40,192 [INFO] root: [DRY] trading → #trading
2025-09-25 17:22:40,215 [INFO] root: Route: source=ak47pfl → topic=trading
2025-09-25 17:22:40,215 [INFO] root: [DRY] trading → #trading
2025-09-25 17:22:40,238 [INFO] root: Route: source=ak47pfl → topic=trading
2025-09-25 17:22:40,238 [INFO] root: [DRY] trading → #trading
2025-09-25 17:22:40,261 [INFO] root: Route: source=ak47pfl → topic=trading
2025-09-25 17:22:40,261 [INFO] root: [DRY] trading → #trading
2025-09-25 17:22:40,285 [INFO] root: Route: source=ak47pfl → topic=trading
2025-09-25 17:22:40,285 [INFO] root: [DRY] trading → #trading
2025-09-25 17:22:40,308 [INFO] root: Route: source=ak47pfl → topic=trading
2025-09-25 17:22:40,308 [INFO] root: [DRY] trading → #trading
2025-09-25 17:22:40,332 [INFO] root: Route: source=ak47pfl → topic=trading
2025-09-25 17:22:40,332 [INFO] root: [DRY] trading → #trading
2025-09-25 17:22:40,355 [INFO] root: Route: source=ak47pfl → topic=trading
2025-09-25 17:22:40,355 [INFO] root: [DRY] trading → #trading
2025-09-25 17:22:40,379 [INFO] root: Route: source=ak47pfl → topic=trading
2025-09-25 17:22:40,379 [INFO] root: [DRY] trading → #trading
2025-09-25 17:22:40,402 [INFO] root: Route: source=ak47pfl → topic=trading
2025-09-25 17:22:40,402 [INFO] root: [DRY] trading → #trading
2025-09-25 17:22:40,425 [INFO] root: Route: source=ak47pfl → topic=trading
2025-09-25 17:22:40,425 [INFO] root: [DRY] trading → #trading
2025-09-25 17:22:40,449 [INFO] root: Route: source=ak47pfl → topic=trading
2025-09-25 17:22:40,449 [INFO] root: [DRY] trading → #trading
2025-09-25 17:22:40,472 [INFO] root: Route: source=ak47pfl → topic=trading
2025-09-25 17:22:40,472 [INFO] root: [DRY] trading → #trading
2025-09-25 17:22:40,495 [INFO] root: Route: source=ak47pfl → topic=trading
2025-09-25 17:22:40,495 [INFO] root: [DRY] trading → #trading
2025-09-25 17:22:40,519 [INFO] root: Route: source=ak47pfl → topic=trading
2025-09-25 17:22:40,519 [INFO] root: [DRY] trading → #trading
2025-09-25 17:22:40,542 [INFO] root: Route: source=ak47pfl → topic=trading
2025-09-25 17:22:40,542 [INFO] root: [DRY] trading → #trading
2025-09-25 17:22:40,566 [INFO] root: Route: source=ak47pfl → topic=trading
2025-09-25 17:22:40,566 [INFO] root: [DRY] trading → #trading
2025-09-25 17:22:40,589 [INFO] root: Route: source=ak47pfl → topic=trading
2025-09-25 17:22:40,589 [INFO] root: [DRY] trading → #trading
2025-09-25 17:22:40,613 [INFO] root: Route: source=ak47pfl → topic=trading
2025-09-25 17:22:40,613 [INFO] root: [DRY] trading → #trading
2025-09-25 17:22:40,637 [INFO] root: Route: source=ak47pfl → topic=trading
2025-09-25 17:22:40,637 [INFO] root: [DRY] trading → #trading
2025-09-25 17:22:40,660 [INFO] root: Route: source=ak47pfl → topic=trading
2025-09-25 17:22:40,661 [INFO] root: [DRY] trading → #trading
2025-09-25 17:22:40,684 [INFO] root: Route: source=ak47pfl → topic=trading
2025-09-25 17:22:40,684 [INFO] root: [DRY] trading → #trading
2025-09-25 17:22:40,708 [INFO] root: Route: source=ak47pfl → topic=trading
2025-09-25 17:22:40,708 [INFO] root: [DRY] trading → #trading
2025-09-25 17:22:40,731 [INFO] root: Route: source=ak47pfl → topic=trading
2025-09-25 17:22:40,731 [INFO] root: [DRY] trading → #trading
2025-09-25 17:22:40,731 [INFO] root: Duplicate skipped: 9b20fa26d6894570118c
2025-09-25 17:22:40,755 [INFO] root: Route: source=ak47pfl → topic=trading
2025-09-25 17:22:40,755 [INFO] root: [DRY] trading → #trading
2025-09-25 17:22:40,779 [INFO] root: Route: source=ak47pfl → topic=trading
2025-09-25 17:22:40,779 [INFO] root: [DRY] trading → #trading
2025-09-25 17:22:40,803 [INFO] root: Route: source=ak47pfl → topic=trading
2025-09-25 17:22:40,803 [INFO] root: [DRY] trading → #trading
2025-09-25 17:22:40,826 [INFO] root: Route: source=ak47pfl → topic=trading
2025-09-25 17:22:40,826 [INFO] root: [DRY] trading → #trading
2025-09-25 17:22:40,850 [INFO] root: Route: source=sberinvestments → topic=trading
2025-09-25 17:22:40,850 [INFO] root: [DRY] trading → #trading
2025-09-25 17:22:40,874 [INFO] root: Route: source=sberinvestments → topic=trading
2025-09-25 17:22:40,874 [INFO] root: [DRY] trading → #trading
2025-09-25 17:22:40,898 [INFO] root: Route: source=sberinvestments → topic=trading
2025-09-25 17:22:40,898 [INFO] root: [DRY] trading → #trading
2025-09-25 17:22:40,921 [INFO] root: Route: source=sberinvestments → topic=trading
2025-09-25 17:22:40,921 [INFO] root: [DRY] trading → #trading
2025-09-25 17:22:40,945 [INFO] root: Route: source=sberinvestments → topic=trading
2025-09-25 17:22:40,945 [INFO] root: [DRY] trading → #trading
2025-09-25 17:22:40,969 [INFO] root: Route: source=sberinvestments → topic=trading
2025-09-25 17:22:40,969 [INFO] root: [DRY] trading → #trading
2025-09-25 17:22:40,993 [INFO] root: Route: source=sberinvestments → topic=trading
2025-09-25 17:22:40,993 [INFO] root: [DRY] trading → #trading
2025-09-25 17:22:41,017 [INFO] root: Route: source=sberinvestments → topic=trading
2025-09-25 17:22:41,017 [INFO] root: [DRY] trading → #trading
2025-09-25 17:22:41,041 [INFO] root: Route: source=sberinvestments → topic=trading
2025-09-25 17:22:41,041 [INFO] root: [DRY] trading → #trading
2025-09-25 17:22:41,065 [INFO] root: Route: source=sberinvestments → topic=trading
2025-09-25 17:22:41,065 [INFO] root: [DRY] trading → #trading
2025-09-25 17:22:41,089 [INFO] root: Route: source=sberinvestments → topic=trading
2025-09-25 17:22:41,089 [INFO] root: [DRY] trading → #trading
2025-09-25 17:22:41,112 [INFO] root: Route: source=sberinvestments → topic=trading
2025-09-25 17:22:41,112 [INFO] root: [DRY] trading → #trading
2025-09-25 17:22:41,137 [INFO] root: Route: source=sberinvestments → topic=trading
2025-09-25 17:22:41,137 [INFO] root: [DRY] trading → #trading
2025-09-25 17:22:41,163 [INFO] root: Route: source=sberinvestments → topic=trading
2025-09-25 17:22:41,163 [INFO] root: [DRY] trading → #trading
2025-09-25 17:22:41,187 [INFO] root: Route: source=sberinvestments → topic=trading
2025-09-25 17:22:41,187 [INFO] root: [DRY] trading → #trading
2025-09-25 17:22:41,210 [INFO] root: Route: source=sberinvestments → topic=trading
2025-09-25 17:22:41,210 [INFO] root: [DRY] trading → #trading
2025-09-25 17:22:41,234 [INFO] root: Route: source=sberinvestments → topic=trading
2025-09-25 17:22:41,235 [INFO] root: [DRY] trading → #trading
2025-09-25 17:22:41,259 [INFO] root: Route: source=sberinvestments → topic=trading
2025-09-25 17:22:41,259 [INFO] root: [DRY] trading → #trading
2025-09-25 17:22:41,283 [INFO] root: Route: source=sberinvestments → topic=trading
2025-09-25 17:22:41,283 [INFO] root: [DRY] trading → #trading
2025-09-25 17:22:41,307 [INFO] root: Route: source=sberinvestments → topic=trading
2025-09-25 17:22:41,307 [INFO] root: [DRY] trading → #trading
2025-09-25 17:22:41,344 [INFO] root: Route: source=sberinvestments → topic=trading
2025-09-25 17:22:41,344 [INFO] root: [DRY] trading → #trading
2025-09-25 17:22:41,370 [INFO] root: Route: source=sberinvestments → topic=trading
2025-09-25 17:22:41,370 [INFO] root: [DRY] trading → #trading
2025-09-25 17:22:41,394 [INFO] root: Route: source=sberinvestments → topic=trading
2025-09-25 17:22:41,394 [INFO] root: [DRY] trading → #trading
2025-09-25 17:22:41,418 [INFO] root: Route: source=sberinvestments → topic=trading
2025-09-25 17:22:41,418 [INFO] root: [DRY] trading → #trading
2025-09-25 17:22:41,442 [INFO] root: Route: source=sberinvestments → topic=trading
2025-09-25 17:22:41,442 [INFO] root: [DRY] trading → #trading
2025-09-25 17:22:41,466 [INFO] root: Route: source=sberinvestments → topic=trading
2025-09-25 17:22:41,466 [INFO] root: [DRY] trading → #trading
2025-09-25 17:22:41,491 [INFO] root: Route: source=sberinvestments → topic=trading
2025-09-25 17:22:41,491 [INFO] root: [DRY] trading → #trading
2025-09-25 17:22:41,515 [INFO] root: Route: source=sberinvestments → topic=trading
2025-09-25 17:22:41,515 [INFO] root: [DRY] trading → #trading
2025-09-25 17:22:41,539 [INFO] root: Route: source=sberinvestments → topic=trading
2025-09-25 17:22:41,539 [INFO] root: [DRY] trading → #trading
2025-09-25 17:22:41,564 [INFO] root: Route: source=sberinvestments → topic=trading
2025-09-25 17:22:41,564 [INFO] root: [DRY] trading → #trading
2025-09-25 17:22:41,588 [INFO] root: Route: source=sberinvestments → topic=trading
2025-09-25 17:22:41,588 [INFO] root: [DRY] trading → #trading
2025-09-25 17:22:41,612 [INFO] root: Route: source=sberinvestments → topic=trading
2025-09-25 17:22:41,612 [INFO] root: [DRY] trading → #trading
2025-09-25 17:22:41,636 [INFO] root: Route: source=sberinvestments → topic=trading
2025-09-25 17:22:41,636 [INFO] root: [DRY] trading → #trading
2025-09-25 17:22:41,661 [INFO] root: Route: source=sberinvestments → topic=trading
2025-09-25 17:22:41,661 [INFO] root: [DRY] trading → #trading
2025-09-25 17:22:41,685 [INFO] root: Route: source=sberinvestments → topic=trading
2025-09-25 17:22:41,685 [INFO] root: [DRY] trading → #trading
2025-09-25 17:22:41,709 [INFO] root: Route: source=sberinvestments → topic=trading
2025-09-25 17:22:41,709 [INFO] root: [DRY] trading → #trading
2025-09-25 17:22:41,734 [INFO] root: Route: source=sberinvestments → topic=trading
2025-09-25 17:22:41,734 [INFO] root: [DRY] trading → #trading
2025-09-25 17:22:41,758 [INFO] root: Route: source=sberinvestments → topic=trading
2025-09-25 17:22:41,758 [INFO] root: [DRY] trading → #trading
2025-09-25 17:22:41,783 [INFO] root: Route: source=sberinvestments → topic=trading
2025-09-25 17:22:41,783 [INFO] root: [DRY] trading → #trading
2025-09-25 17:22:41,807 [INFO] root: Route: source=bitkogan_hotline → topic=trading
2025-09-25 17:22:41,807 [INFO] root: [DRY] trading → #trading
2025-09-25 17:22:41,832 [INFO] root: Route: source=bitkogan_hotline → topic=trading
2025-09-25 17:22:41,832 [INFO] root: [DRY] trading → #trading
2025-09-25 17:22:41,856 [INFO] root: Route: source=bitkogan_hotline → topic=trading
2025-09-25 17:22:41,856 [INFO] root: [DRY] trading → #trading
2025-09-25 17:22:41,881 [INFO] root: Route: source=bitkogan_hotline → topic=trading
2025-09-25 17:22:41,881 [INFO] root: [DRY] trading → #trading
2025-09-25 17:22:41,905 [INFO] root: Route: source=bitkogan_hotline → topic=trading
2025-09-25 17:22:41,906 [INFO] root: [DRY] trading → #trading
2025-09-25 17:22:41,930 [INFO] root: Route: source=bitkogan_hotline → topic=trading
2025-09-25 17:22:41,930 [INFO] root: [DRY] trading → #trading
2025-09-25 17:22:41,955 [INFO] root: Route: source=bitkogan_hotline → topic=trading
2025-09-25 17:22:41,955 [INFO] root: [DRY] trading → #trading
2025-09-25 17:22:41,979 [INFO] root: Route: source=bitkogan_hotline → topic=trading
2025-09-25 17:22:41,979 [INFO] root: [DRY] trading → #trading
2025-09-25 17:22:42,004 [INFO] root: Route: source=bitkogan_hotline → topic=trading
2025-09-25 17:22:42,004 [INFO] root: [DRY] trading → #trading
2025-09-25 17:22:42,029 [INFO] root: Route: source=bitkogan_hotline → topic=trading
2025-09-25 17:22:42,029 [INFO] root: [DRY] trading → #trading
2025-09-25 17:22:42,054 [INFO] root: Route: source=bitkogan_hotline → topic=trading
2025-09-25 17:22:42,054 [INFO] root: [DRY] trading → #trading
2025-09-25 17:22:42,078 [INFO] root: Route: source=bitkogan_hotline → topic=trading
2025-09-25 17:22:42,078 [INFO] root: [DRY] trading → #trading
2025-09-25 17:22:42,103 [INFO] root: Route: source=bitkogan_hotline → topic=trading
2025-09-25 17:22:42,103 [INFO] root: [DRY] trading → #trading
2025-09-25 17:22:42,128 [INFO] root: Route: source=bitkogan_hotline → topic=trading
2025-09-25 17:22:42,128 [INFO] root: [DRY] trading → #trading
2025-09-25 17:22:42,153 [INFO] root: Route: source=bitkogan_hotline → topic=trading
2025-09-25 17:22:42,153 [INFO] root: [DRY] trading → #trading
2025-09-25 17:22:42,178 [INFO] root: Route: source=bitkogan_hotline → topic=trading
2025-09-25 17:22:42,178 [INFO] root: [DRY] trading → #trading
2025-09-25 17:22:42,203 [INFO] root: Route: source=bitkogan_hotline → topic=trading
2025-09-25 17:22:42,203 [INFO] root: [DRY] trading → #trading
2025-09-25 17:22:42,228 [INFO] root: Route: source=bitkogan_hotline → topic=trading
2025-09-25 17:22:42,228 [INFO] root: [DRY] trading → #trading
2025-09-25 17:22:42,228 [INFO] root: Duplicate skipped: 44165b3e09ecb5304f40
2025-09-25 17:22:42,228 [INFO] root: Duplicate skipped: 28f347e424ffd5cf895d
2025-09-25 17:22:42,253 [INFO] root: Route: source=bitkogan_hotline → topic=trading
2025-09-25 17:22:42,253 [INFO] root: [DRY] trading → #trading
2025-09-25 17:22:42,278 [INFO] root: Route: source=bitkogan_hotline → topic=trading
2025-09-25 17:22:42,278 [INFO] root: [DRY] trading → #trading
2025-09-25 17:22:42,302 [INFO] root: Route: source=bitkogan_hotline → topic=trading
2025-09-25 17:22:42,302 [INFO] root: [DRY] trading → #trading
2025-09-25 17:22:42,327 [INFO] root: Route: source=bitkogan_hotline → topic=trading
2025-09-25 17:22:42,327 [INFO] root: [DRY] trading → #trading
2025-09-25 17:22:42,352 [INFO] root: Route: source=bitkogan_hotline → topic=trading
2025-09-25 17:22:42,352 [INFO] root: [DRY] trading → #trading
2025-09-25 17:22:42,377 [INFO] root: Route: source=bitkogan_hotline → topic=trading
2025-09-25 17:22:42,377 [INFO] root: [DRY] trading → #trading
2025-09-25 17:22:42,402 [INFO] root: Route: source=bitkogan_hotline → topic=trading
2025-09-25 17:22:42,402 [INFO] root: [DRY] trading → #trading
2025-09-25 17:22:42,427 [INFO] root: Route: source=bitkogan_hotline → topic=trading
2025-09-25 17:22:42,428 [INFO] root: [DRY] trading → #trading
2025-09-25 17:22:42,452 [INFO] root: Route: source=bitkogan_hotline → topic=trading
2025-09-25 17:22:42,453 [INFO] root: [DRY] trading → #trading
2025-09-25 17:22:42,478 [INFO] root: Route: source=bitkogan_hotline → topic=trading
2025-09-25 17:22:42,478 [INFO] root: [DRY] trading → #trading
2025-09-25 17:22:42,503 [INFO] root: Route: source=bitkogan_hotline → topic=trading
2025-09-25 17:22:42,503 [INFO] root: [DRY] trading → #trading
2025-09-25 17:22:42,528 [INFO] root: Route: source=bitkogan_hotline → topic=trading
2025-09-25 17:22:42,528 [INFO] root: [DRY] trading → #trading
2025-09-25 17:22:42,557 [INFO] root: Route: source=bitkogan_hotline → topic=trading
2025-09-25 17:22:42,557 [INFO] root: [DRY] trading → #trading
2025-09-25 17:22:42,582 [INFO] root: Route: source=bitkogan_hotline → topic=trading
2025-09-25 17:22:42,582 [INFO] root: [DRY] trading → #trading
2025-09-25 17:22:42,607 [INFO] root: Route: source=bitkogan_hotline → topic=trading
2025-09-25 17:22:42,607 [INFO] root: [DRY] trading → #trading
2025-09-25 17:22:42,607 [INFO] root: Duplicate skipped: 44165b3e09ecb5304f40
2025-09-25 17:22:42,607 [INFO] root: Duplicate skipped: 28f347e424ffd5cf895d
2025-09-25 17:22:42,632 [INFO] root: Route: source=bitkogan_hotline → topic=trading
2025-09-25 17:22:42,632 [INFO] root: [DRY] trading → #trading
2025-09-25 17:22:42,657 [INFO] root: Route: source=bitkogan_hotline → topic=trading
2025-09-25 17:22:42,657 [INFO] root: [DRY] trading → #trading
2025-09-25 17:22:42,682 [INFO] root: Route: source=bitkogan_hotline → topic=trading
2025-09-25 17:22:42,683 [INFO] root: [DRY] trading → #trading
2025-09-25 17:22:42,708 [INFO] root: Route: source=bitkogan_hotline → topic=trading
2025-09-25 17:22:42,708 [INFO] root: [DRY] trading → #trading
2025-09-25 17:22:42,733 [INFO] root: Route: source=bitkogan_hotline → topic=trading
2025-09-25 17:22:42,733 [INFO] root: [DRY] trading → #trading
2025-09-25 17:22:42,758 [INFO] root: Route: source=bitkogan_hotline → topic=trading
2025-09-25 17:22:42,758 [INFO] root: [DRY] trading → #trading
2025-09-25 17:22:42,783 [INFO] root: Route: source=bitkogan_hotline → topic=trading
2025-09-25 17:22:42,783 [INFO] root: [DRY] trading → #trading
2025-09-25 17:22:42,808 [INFO] root: Route: source=bitkogan_hotline → topic=trading
2025-09-25 17:22:42,808 [INFO] root: [DRY] trading → #trading
2025-09-25 17:22:42,834 [INFO] root: Route: source=bitkogan_hotline → topic=trading
2025-09-25 17:22:42,834 [INFO] root: [DRY] trading → #trading
2025-09-25 17:22:42,859 [INFO] root: Route: source=bitkogan_hotline → topic=trading
2025-09-25 17:22:42,859 [INFO] root: [DRY] trading → #trading
2025-09-25 17:22:42,885 [INFO] root: Route: source=bcs_express → topic=trading
2025-09-25 17:22:42,885 [INFO] root: [DRY] trading → #trading
2025-09-25 17:22:42,910 [INFO] root: Route: source=bcs_express → topic=trading
2025-09-25 17:22:42,910 [INFO] root: [DRY] trading → #trading
2025-09-25 17:22:42,935 [INFO] root: Route: source=bcs_express → topic=trading
2025-09-25 17:22:42,935 [INFO] root: [DRY] trading → #trading
2025-09-25 17:22:42,961 [INFO] root: Route: source=bcs_express → topic=trading
2025-09-25 17:22:42,961 [INFO] root: [DRY] trading → #trading
2025-09-25 17:22:42,986 [INFO] root: Route: source=bcs_express → topic=trading
2025-09-25 17:22:42,986 [INFO] root: [DRY] trading → #trading
2025-09-25 17:22:43,011 [INFO] root: Route: source=bcs_express → topic=trading
2025-09-25 17:22:43,012 [INFO] root: [DRY] trading → #trading
2025-09-25 17:22:43,037 [INFO] root: Route: source=bcs_express → topic=trading
2025-09-25 17:22:43,037 [INFO] root: [DRY] trading → #trading
2025-09-25 17:22:43,063 [INFO] root: Route: source=bcs_express → topic=trading
2025-09-25 17:22:43,063 [INFO] root: [DRY] trading → #trading
2025-09-25 17:22:43,088 [INFO] root: Route: source=bcs_express → topic=trading
2025-09-25 17:22:43,088 [INFO] root: [DRY] trading → #trading
2025-09-25 17:22:43,114 [INFO] root: Route: source=bcs_express → topic=trading
2025-09-25 17:22:43,114 [INFO] root: [DRY] trading → #trading
2025-09-25 17:22:43,139 [INFO] root: Route: source=bcs_express → topic=trading
2025-09-25 17:22:43,139 [INFO] root: [DRY] trading → #trading
2025-09-25 17:22:43,165 [INFO] root: Route: source=bcs_express → topic=trading
2025-09-25 17:22:43,165 [INFO] root: [DRY] trading → #trading
2025-09-25 17:22:43,191 [INFO] root: Route: source=bcs_express → topic=trading
2025-09-25 17:22:43,191 [INFO] root: [DRY] trading → #trading
2025-09-25 17:22:43,216 [INFO] root: Route: source=bcs_express → topic=trading
2025-09-25 17:22:43,216 [INFO] root: [DRY] trading → #trading
2025-09-25 17:22:43,242 [INFO] root: Route: source=bcs_express → topic=trading
2025-09-25 17:22:43,242 [INFO] root: [DRY] trading → #trading
2025-09-25 17:22:43,268 [INFO] root: Route: source=bcs_express → topic=trading
2025-09-25 17:22:43,268 [INFO] root: [DRY] trading → #trading
2025-09-25 17:22:43,268 [INFO] root: Duplicate skipped: e72c20058a7ad748dfeb
2025-09-25 17:22:43,294 [INFO] root: Route: source=bcs_express → topic=trading
2025-09-25 17:22:43,294 [INFO] root: [DRY] trading → #trading
2025-09-25 17:22:43,320 [INFO] root: Route: source=bcs_express → topic=trading
2025-09-25 17:22:43,320 [INFO] root: [DRY] trading → #trading
2025-09-25 17:22:43,346 [INFO] root: Route: source=bcs_express → topic=trading
2025-09-25 17:22:43,346 [INFO] root: [DRY] trading → #trading
2025-09-25 17:22:43,371 [INFO] root: Route: source=bcs_express → topic=trading
2025-09-25 17:22:43,371 [INFO] root: [DRY] trading → #trading
2025-09-25 17:22:43,397 [INFO] root: Route: source=bcs_express → topic=trading
2025-09-25 17:22:43,397 [INFO] root: [DRY] trading → #trading
2025-09-25 17:22:43,423 [INFO] root: Route: source=bcs_express → topic=trading
2025-09-25 17:22:43,423 [INFO] root: [DRY] trading → #trading
2025-09-25 17:22:43,449 [INFO] root: Route: source=bcs_express → topic=trading
2025-09-25 17:22:43,449 [INFO] root: [DRY] trading → #trading
2025-09-25 17:22:43,474 [INFO] root: Route: source=bcs_express → topic=trading
2025-09-25 17:22:43,475 [INFO] root: [DRY] trading → #trading
2025-09-25 17:22:43,501 [INFO] root: Route: source=bcs_express → topic=trading
2025-09-25 17:22:43,501 [INFO] root: [DRY] trading → #trading
2025-09-25 17:22:43,501 [INFO] root: Duplicate skipped: e72c20058a7ad748dfeb
2025-09-25 17:22:43,526 [INFO] root: Route: source=bcs_express → topic=trading
2025-09-25 17:22:43,527 [INFO] root: [DRY] trading → #trading
2025-09-25 17:22:43,553 [INFO] root: Route: source=bcs_express → topic=trading
2025-09-25 17:22:43,553 [INFO] root: [DRY] trading → #trading
2025-09-25 17:22:43,578 [INFO] root: Route: source=bcs_express → topic=trading
2025-09-25 17:22:43,578 [INFO] root: [DRY] trading → #trading
2025-09-25 17:22:43,604 [INFO] root: Route: source=bcs_express → topic=trading
2025-09-25 17:22:43,604 [INFO] root: [DRY] trading → #trading
2025-09-25 17:22:43,630 [INFO] root: Route: source=bcs_express → topic=trading
2025-09-25 17:22:43,630 [INFO] root: [DRY] trading → #trading
2025-09-25 17:22:43,656 [INFO] root: Route: source=bcs_express → topic=trading
2025-09-25 17:22:43,656 [INFO] root: [DRY] trading → #trading
2025-09-25 17:22:43,682 [INFO] root: Route: source=bcs_express → topic=trading
2025-09-25 17:22:43,682 [INFO] root: [DRY] trading → #trading
2025-09-25 17:22:43,708 [INFO] root: Route: source=bcs_express → topic=trading
2025-09-25 17:22:43,708 [INFO] root: [DRY] trading → #trading
2025-09-25 17:22:43,708 [INFO] root: Duplicate skipped: e72c20058a7ad748dfeb
2025-09-25 17:22:43,733 [INFO] root: Route: source=bcs_express → topic=trading
2025-09-25 17:22:43,733 [INFO] root: [DRY] trading → #trading
2025-09-25 17:22:43,760 [INFO] root: Route: source=bcs_express → topic=trading
2025-09-25 17:22:43,760 [INFO] root: [DRY] trading → #trading
2025-09-25 17:22:43,786 [INFO] root: Route: source=bcs_express → topic=trading
2025-09-25 17:22:43,786 [INFO] root: [DRY] trading → #trading
2025-09-25 17:22:43,812 [INFO] root: Route: source=bcs_express → topic=trading
2025-09-25 17:22:43,812 [INFO] root: [DRY] trading → #trading
2025-09-25 17:22:43,838 [INFO] root: Route: source=bcs_express → topic=trading
2025-09-25 17:22:43,838 [INFO] root: [DRY] trading → #trading
2025-09-25 17:22:43,864 [INFO] root: Route: source=bcs_express → topic=trading
2025-09-25 17:22:43,864 [INFO] root: [DRY] trading → #trading
2025-09-25 17:22:43,890 [INFO] root: Route: source=bcs_express → topic=trading
2025-09-25 17:22:43,890 [INFO] root: [DRY] trading → #trading
2025-09-25 17:22:43,917 [INFO] root: Route: source=bcs_express → topic=trading
2025-09-25 17:22:43,917 [INFO] root: [DRY] trading → #trading
2025-09-25 17:22:43,917 [INFO] root: Duplicate skipped: e72c20058a7ad748dfeb
2025-09-25 17:22:43,943 [INFO] root: Route: source=bcs_express → topic=trading
2025-09-25 17:22:43,943 [INFO] root: [DRY] trading → #trading
2025-09-25 17:22:43,969 [INFO] root: Route: source=bcs_express → topic=trading
2025-09-25 17:22:43,970 [INFO] root: [DRY] trading → #trading
2025-09-25 17:22:43,996 [INFO] root: Route: source=bcs_express → topic=trading
2025-09-25 17:22:43,996 [INFO] root: [DRY] trading → #trading
2025-09-25 17:22:44,022 [INFO] root: Route: source=bcs_express → topic=trading
2025-09-25 17:22:44,022 [INFO] root: [DRY] trading → #trading
2025-09-25 17:22:44,047 [INFO] root: Route: source=bcs_express → topic=trading
2025-09-25 17:22:44,048 [INFO] root: [DRY] trading → #trading
2025-09-25 17:22:44,074 [INFO] root: Route: source=russianmacro → topic=trading
2025-09-25 17:22:44,074 [INFO] root: [DRY] trading → #trading
2025-09-25 17:22:44,100 [INFO] root: Route: source=russianmacro → topic=trading
2025-09-25 17:22:44,100 [INFO] root: [DRY] trading → #trading
2025-09-25 17:22:44,126 [INFO] root: Route: source=russianmacro → topic=trading
2025-09-25 17:22:44,127 [INFO] root: [DRY] trading → #trading
2025-09-25 17:22:44,153 [INFO] root: Route: source=russianmacro → topic=trading
2025-09-25 17:22:44,153 [INFO] root: [DRY] trading → #trading
2025-09-25 17:22:44,180 [INFO] root: Route: source=russianmacro → topic=trading
2025-09-25 17:22:44,180 [INFO] root: [DRY] trading → #trading
2025-09-25 17:22:44,206 [INFO] root: Route: source=russianmacro → topic=trading
2025-09-25 17:22:44,206 [INFO] root: [DRY] trading → #trading
2025-09-25 17:22:44,232 [INFO] root: Route: source=russianmacro → topic=trading
2025-09-25 17:22:44,232 [INFO] root: [DRY] trading → #trading
2025-09-25 17:22:44,258 [INFO] root: Route: source=russianmacro → topic=trading
2025-09-25 17:22:44,258 [INFO] root: [DRY] trading → #trading
2025-09-25 17:22:44,286 [INFO] root: Route: source=russianmacro → topic=trading
2025-09-25 17:22:44,286 [INFO] root: [DRY] trading → #trading
2025-09-25 17:22:44,312 [INFO] root: Route: source=russianmacro → topic=trading
2025-09-25 17:22:44,313 [INFO] root: [DRY] trading → #trading
2025-09-25 17:22:44,339 [INFO] root: Route: source=russianmacro → topic=trading
2025-09-25 17:22:44,339 [INFO] root: [DRY] trading → #trading
2025-09-25 17:22:44,366 [INFO] root: Route: source=russianmacro → topic=trading
2025-09-25 17:22:44,366 [INFO] root: [DRY] trading → #trading
2025-09-25 17:22:44,393 [INFO] root: Route: source=russianmacro → topic=trading
2025-09-25 17:22:44,393 [INFO] root: [DRY] trading → #trading
2025-09-25 17:22:44,419 [INFO] root: Route: source=russianmacro → topic=trading
2025-09-25 17:22:44,420 [INFO] root: [DRY] trading → #trading
2025-09-25 17:22:44,446 [INFO] root: Route: source=russianmacro → topic=trading
2025-09-25 17:22:44,446 [INFO] root: [DRY] trading → #trading
2025-09-25 17:22:44,473 [INFO] root: Route: source=russianmacro → topic=trading
2025-09-25 17:22:44,473 [INFO] root: [DRY] trading → #trading
2025-09-25 17:22:44,499 [INFO] root: Route: source=russianmacro → topic=trading
2025-09-25 17:22:44,499 [INFO] root: [DRY] trading → #trading
2025-09-25 17:22:44,526 [INFO] root: Route: source=russianmacro → topic=trading
2025-09-25 17:22:44,526 [INFO] root: [DRY] trading → #trading
2025-09-25 17:22:44,553 [INFO] root: Route: source=russianmacro → topic=trading
2025-09-25 17:22:44,553 [INFO] root: [DRY] trading → #trading
2025-09-25 17:22:44,580 [INFO] root: Route: source=russianmacro → topic=trading
2025-09-25 17:22:44,580 [INFO] root: [DRY] trading → #trading
2025-09-25 17:22:44,607 [INFO] root: Route: source=russianmacro → topic=trading
2025-09-25 17:22:44,607 [INFO] root: [DRY] trading → #trading
2025-09-25 17:22:44,633 [INFO] root: Route: source=russianmacro → topic=trading
2025-09-25 17:22:44,633 [INFO] root: [DRY] trading → #trading
2025-09-25 17:22:44,660 [INFO] root: Route: source=russianmacro → topic=trading
2025-09-25 17:22:44,660 [INFO] root: [DRY] trading → #trading
2025-09-25 17:22:44,687 [INFO] root: Route: source=russianmacro → topic=trading
2025-09-25 17:22:44,687 [INFO] root: [DRY] trading → #trading
2025-09-25 17:22:44,713 [INFO] root: Route: source=russianmacro → topic=trading
2025-09-25 17:22:44,713 [INFO] root: [DRY] trading → #trading
2025-09-25 17:22:44,740 [INFO] root: Route: source=russianmacro → topic=trading
2025-09-25 17:22:44,740 [INFO] root: [DRY] trading → #trading
2025-09-25 17:22:44,767 [INFO] root: Route: source=russianmacro → topic=trading
2025-09-25 17:22:44,767 [INFO] root: [DRY] trading → #trading
2025-09-25 17:22:44,794 [INFO] root: Route: source=russianmacro → topic=trading
2025-09-25 17:22:44,794 [INFO] root: [DRY] trading → #trading
2025-09-25 17:22:44,821 [INFO] root: Route: source=russianmacro → topic=trading
2025-09-25 17:22:44,821 [INFO] root: [DRY] trading → #trading
2025-09-25 17:22:44,848 [INFO] root: Route: source=russianmacro → topic=trading
2025-09-25 17:22:44,848 [INFO] root: [DRY] trading → #trading
2025-09-25 17:22:44,874 [INFO] root: Route: source=russianmacro → topic=trading
2025-09-25 17:22:44,874 [INFO] root: [DRY] trading → #trading
2025-09-25 17:22:44,901 [INFO] root: Route: source=russianmacro → topic=trading
2025-09-25 17:22:44,901 [INFO] root: [DRY] trading → #trading
2025-09-25 17:22:44,928 [INFO] root: Route: source=russianmacro → topic=trading
2025-09-25 17:22:44,928 [INFO] root: [DRY] trading → #trading
2025-09-25 17:22:44,955 [INFO] root: Route: source=russianmacro → topic=trading
2025-09-25 17:22:44,955 [INFO] root: [DRY] trading → #trading
2025-09-25 17:22:44,982 [INFO] root: Route: source=russianmacro → topic=trading
2025-09-25 17:22:44,982 [INFO] root: [DRY] trading → #trading
2025-09-25 17:22:45,009 [INFO] root: Route: source=russianmacro → topic=trading
2025-09-25 17:22:45,009 [INFO] root: [DRY] trading → #trading
2025-09-25 17:22:45,037 [INFO] root: Route: source=russianmacro → topic=trading
2025-09-25 17:22:45,037 [INFO] root: [DRY] trading → #trading
2025-09-25 17:22:45,064 [INFO] root: Route: source=russianmacro → topic=trading
2025-09-25 17:22:45,064 [INFO] root: [DRY] trading → #trading
2025-09-25 17:22:45,091 [INFO] root: Route: source=profitgate → topic=trading
2025-09-25 17:22:45,091 [INFO] root: [DRY] trading → #trading
2025-09-25 17:22:45,118 [INFO] root: Route: source=profitgate → topic=trading
2025-09-25 17:22:45,118 [INFO] root: [DRY] trading → #trading
2025-09-25 17:22:45,145 [INFO] root: Route: source=profitgate → topic=trading
2025-09-25 17:22:45,145 [INFO] root: [DRY] trading → #trading
2025-09-25 17:22:45,172 [INFO] root: Route: source=profitgate → topic=trading
2025-09-25 17:22:45,172 [INFO] root: [DRY] trading → #trading
2025-09-25 17:22:45,199 [INFO] root: Route: source=profitgate → topic=trading
2025-09-25 17:22:45,200 [INFO] root: [DRY] trading → #trading
2025-09-25 17:22:45,227 [INFO] root: Route: source=profitgate → topic=trading
2025-09-25 17:22:45,227 [INFO] root: [DRY] trading → #trading
2025-09-25 17:22:45,268 [INFO] root: Route: source=profitgate → topic=trading
2025-09-25 17:22:45,268 [INFO] root: [DRY] trading → #trading
2025-09-25 17:22:45,296 [INFO] root: Route: source=profitgate → topic=trading
2025-09-25 17:22:45,296 [INFO] root: [DRY] trading → #trading
2025-09-25 17:22:45,323 [INFO] root: Route: source=profitgate → topic=trading
2025-09-25 17:22:45,323 [INFO] root: [DRY] trading → #trading
2025-09-25 17:22:45,350 [INFO] root: Route: source=profitgate → topic=trading
2025-09-25 17:22:45,350 [INFO] root: [DRY] trading → #trading
2025-09-25 17:22:45,377 [INFO] root: Route: source=profitgate → topic=trading
2025-09-25 17:22:45,377 [INFO] root: [DRY] trading → #trading
2025-09-25 17:22:45,404 [INFO] root: Route: source=profitgate → topic=trading
2025-09-25 17:22:45,404 [INFO] root: [DRY] trading → #trading
2025-09-25 17:22:45,432 [INFO] root: Route: source=profitgate → topic=trading
2025-09-25 17:22:45,432 [INFO] root: [DRY] trading → #trading
2025-09-25 17:22:45,459 [INFO] root: Route: source=profitgate → topic=trading
2025-09-25 17:22:45,459 [INFO] root: [DRY] trading → #trading
2025-09-25 17:22:45,487 [INFO] root: Route: source=profitgate → topic=trading
2025-09-25 17:22:45,487 [INFO] root: [DRY] trading → #trading
2025-09-25 17:22:45,514 [INFO] root: Route: source=profitgate → topic=trading
2025-09-25 17:22:45,514 [INFO] root: [DRY] trading → #trading
2025-09-25 17:22:45,541 [INFO] root: Route: source=profitgate → topic=trading
2025-09-25 17:22:45,542 [INFO] root: [DRY] trading → #trading
2025-09-25 17:22:45,569 [INFO] root: Route: source=profitgate → topic=trading
2025-09-25 17:22:45,569 [INFO] root: [DRY] trading → #trading
2025-09-25 17:22:45,596 [INFO] root: Route: source=profitgate → topic=trading
2025-09-25 17:22:45,596 [INFO] root: [DRY] trading → #trading
2025-09-25 17:22:45,624 [INFO] root: Route: source=profitgate → topic=trading
2025-09-25 17:22:45,624 [INFO] root: [DRY] trading → #trading
2025-09-25 17:22:45,651 [INFO] root: Route: source=profitgate → topic=trading
2025-09-25 17:22:45,651 [INFO] root: [DRY] trading → #trading
2025-09-25 17:22:45,679 [INFO] root: Route: source=profitgate → topic=trading
2025-09-25 17:22:45,679 [INFO] root: [DRY] trading → #trading
2025-09-25 17:22:45,714 [INFO] root: Route: source=profitgate → topic=trading
2025-09-25 17:22:45,714 [INFO] root: [DRY] trading → #trading
2025-09-25 17:22:45,741 [INFO] root: Route: source=profitgate → topic=trading
2025-09-25 17:22:45,741 [INFO] root: [DRY] trading → #trading
2025-09-25 17:22:45,769 [INFO] root: Route: source=profitgate → topic=trading
2025-09-25 17:22:45,769 [INFO] root: [DRY] trading → #trading
2025-09-25 17:22:45,796 [INFO] root: Route: source=profitgate → topic=trading
2025-09-25 17:22:45,796 [INFO] root: [DRY] trading → #trading
2025-09-25 17:22:45,824 [INFO] root: Route: source=profitgate → topic=trading
2025-09-25 17:22:45,824 [INFO] root: [DRY] trading → #trading
2025-09-25 17:22:45,851 [INFO] root: Route: source=profitgate → topic=trading
2025-09-25 17:22:45,851 [INFO] root: [DRY] trading → #trading
2025-09-25 17:22:45,879 [INFO] root: Route: source=profitgate → topic=trading
2025-09-25 17:22:45,879 [INFO] root: [DRY] trading → #trading
2025-09-25 17:22:45,907 [INFO] root: Route: source=profitgate → topic=trading
2025-09-25 17:22:45,907 [INFO] root: [DRY] trading → #trading
2025-09-25 17:22:45,934 [INFO] root: Route: source=profitgate → topic=trading
2025-09-25 17:22:45,934 [INFO] root: [DRY] trading → #trading
2025-09-25 17:22:45,963 [INFO] root: Route: source=profitgate → topic=trading
2025-09-25 17:22:45,963 [INFO] root: [DRY] trading → #trading
2025-09-25 17:22:45,991 [INFO] root: Route: source=profitgate → topic=trading
2025-09-25 17:22:45,991 [INFO] root: [DRY] trading → #trading
2025-09-25 17:22:46,018 [INFO] root: Route: source=profitgate → topic=trading
2025-09-25 17:22:46,018 [INFO] root: [DRY] trading → #trading
2025-09-25 17:22:46,046 [INFO] root: Route: source=profitgate → topic=trading
2025-09-25 17:22:46,046 [INFO] root: [DRY] trading → #trading
2025-09-25 17:22:46,074 [INFO] root: Route: source=profitgate → topic=trading
2025-09-25 17:22:46,074 [INFO] root: [DRY] trading → #trading
2025-09-25 17:22:46,101 [INFO] root: Route: source=profitgate → topic=trading
2025-09-25 17:22:46,101 [INFO] root: [DRY] trading → #trading
2025-09-25 17:22:46,129 [INFO] root: Route: source=profitgate → topic=trading
2025-09-25 17:22:46,129 [INFO] root: [DRY] trading → #trading
2025-09-25 17:22:46,157 [INFO] root: Route: source=profitgate → topic=trading
2025-09-25 17:22:46,157 [INFO] root: [DRY] trading → #trading
2025-09-25 17:22:46,185 [INFO] root: Route: source=profitgate → topic=trading
2025-09-25 17:22:46,185 [INFO] root: [DRY] trading → #trading
2025-09-25 17:22:46,212 [INFO] root: Route: source=profitgate → topic=trading
2025-09-25 17:22:46,212 [INFO] root: [DRY] trading → #trading
2025-09-25 17:22:46,240 [INFO] root: Route: source=profitgate → topic=trading
2025-09-25 17:22:46,240 [INFO] root: [DRY] trading → #trading
2025-09-25 17:22:46,268 [INFO] root: Route: source=profitgate → topic=trading
2025-09-25 17:22:46,268 [INFO] root: [DRY] trading → #trading
2025-09-25 17:22:46,296 [INFO] root: Route: source=profitgate → topic=trading
2025-09-25 17:22:46,296 [INFO] root: [DRY] trading → #trading
2025-09-25 17:22:46,324 [INFO] root: Route: source=profitgate → topic=trading
2025-09-25 17:22:46,324 [INFO] root: [DRY] trading → #trading
2025-09-25 17:22:46,352 [INFO] root: Route: source=profitgate → topic=trading
2025-09-25 17:22:46,352 [INFO] root: [DRY] trading → #trading
2025-09-25 17:22:46,380 [INFO] root: Route: source=profitgate → topic=trading
2025-09-25 17:22:46,380 [INFO] root: [DRY] trading → #trading
2025-09-25 17:22:46,409 [INFO] root: Route: source=profitgate → topic=trading
2025-09-25 17:22:46,409 [INFO] root: [DRY] trading → #trading
2025-09-25 17:22:46,437 [INFO] root: Route: source=profitgate → topic=trading
2025-09-25 17:22:46,438 [INFO] root: [DRY] trading → #trading
2025-09-25 17:22:46,466 [INFO] root: Route: source=profitgate → topic=trading
2025-09-25 17:22:46,466 [INFO] root: [DRY] trading → #trading
2025-09-25 17:22:46,494 [INFO] root: Route: source=kira_pronira → topic=trading
2025-09-25 17:22:46,494 [INFO] root: [DRY] trading → #trading
2025-09-25 17:22:46,522 [INFO] root: Route: source=kira_pronira → topic=trading
2025-09-25 17:22:46,523 [INFO] root: [DRY] trading → #trading
2025-09-25 17:22:46,551 [INFO] root: Route: source=kira_pronira → topic=trading
2025-09-25 17:22:46,551 [INFO] root: [DRY] trading → #trading
2025-09-25 17:22:46,580 [INFO] root: Route: source=kira_pronira → topic=trading
2025-09-25 17:22:46,580 [INFO] root: [DRY] trading → #trading
2025-09-25 17:22:46,614 [INFO] root: Route: source=kira_pronira → topic=trading
2025-09-25 17:22:46,614 [INFO] root: [DRY] trading → #trading
2025-09-25 17:22:46,642 [INFO] root: Route: source=kira_pronira → topic=trading
2025-09-25 17:22:46,642 [INFO] root: [DRY] trading → #trading
2025-09-25 17:22:46,671 [INFO] root: Route: source=kira_pronira → topic=trading
2025-09-25 17:22:46,671 [INFO] root: [DRY] trading → #trading
2025-09-25 17:22:46,699 [INFO] root: Route: source=kira_pronira → topic=trading
2025-09-25 17:22:46,699 [INFO] root: [DRY] trading → #trading
2025-09-25 17:22:46,727 [INFO] root: Route: source=kira_pronira → topic=trading
2025-09-25 17:22:46,727 [INFO] root: [DRY] trading → #trading
2025-09-25 17:22:46,755 [INFO] root: Route: source=kira_pronira → topic=trading
2025-09-25 17:22:46,755 [INFO] root: [DRY] trading → #trading
2025-09-25 17:22:46,783 [INFO] root: Route: source=kira_pronira → topic=trading
2025-09-25 17:22:46,784 [INFO] root: [DRY] trading → #trading
2025-09-25 17:22:46,812 [INFO] root: Route: source=kira_pronira → topic=trading
2025-09-25 17:22:46,812 [INFO] root: [DRY] trading → #trading
2025-09-25 17:22:46,841 [INFO] root: Route: source=kira_pronira → topic=trading
2025-09-25 17:22:46,841 [INFO] root: [DRY] trading → #trading
2025-09-25 17:22:46,869 [INFO] root: Route: source=kira_pronira → topic=trading
2025-09-25 17:22:46,869 [INFO] root: [DRY] trading → #trading
2025-09-25 17:22:46,897 [INFO] root: Route: source=kira_pronira → topic=trading
2025-09-25 17:22:46,897 [INFO] root: [DRY] trading → #trading
2025-09-25 17:22:46,926 [INFO] root: Route: source=kira_pronira → topic=trading
2025-09-25 17:22:46,926 [INFO] root: [DRY] trading → #trading
2025-09-25 17:22:46,926 [INFO] root: Duplicate skipped: 812aa58f6d683f9ce399
2025-09-25 17:22:46,954 [INFO] root: Route: source=kira_pronira → topic=trading
2025-09-25 17:22:46,954 [INFO] root: [DRY] trading → #trading
2025-09-25 17:22:46,983 [INFO] root: Route: source=kira_pronira → topic=trading
2025-09-25 17:22:46,983 [INFO] root: [DRY] trading → #trading
2025-09-25 17:22:47,011 [INFO] root: Route: source=kira_pronira → topic=trading
2025-09-25 17:22:47,011 [INFO] root: [DRY] trading → #trading
2025-09-25 17:22:47,039 [INFO] root: Route: source=kira_pronira → topic=trading
2025-09-25 17:22:47,039 [INFO] root: [DRY] trading → #trading
2025-09-25 17:22:47,068 [INFO] root: Route: source=kira_pronira → topic=trading
2025-09-25 17:22:47,068 [INFO] root: [DRY] trading → #trading
2025-09-25 17:22:47,096 [INFO] root: Route: source=kira_pronira → topic=trading
2025-09-25 17:22:47,096 [INFO] root: [DRY] trading → #trading
2025-09-25 17:22:47,124 [INFO] root: Route: source=kira_pronira → topic=trading
2025-09-25 17:22:47,124 [INFO] root: [DRY] trading → #trading
2025-09-25 17:22:47,152 [INFO] root: Route: source=kira_pronira → topic=trading
2025-09-25 17:22:47,153 [INFO] root: [DRY] trading → #trading
2025-09-25 17:22:47,181 [INFO] root: Route: source=kira_pronira → topic=trading
2025-09-25 17:22:47,181 [INFO] root: [DRY] trading → #trading
2025-09-25 17:22:47,209 [INFO] root: Route: source=kira_pronira → topic=trading
2025-09-25 17:22:47,210 [INFO] root: [DRY] trading → #trading
2025-09-25 17:22:47,238 [INFO] root: Route: source=kira_pronira → topic=trading
2025-09-25 17:22:47,238 [INFO] root: [DRY] trading → #trading
2025-09-25 17:22:47,267 [INFO] root: Route: source=kira_pronira → topic=trading
2025-09-25 17:22:47,267 [INFO] root: [DRY] trading → #trading
2025-09-25 17:22:47,295 [INFO] root: Route: source=investfuture → topic=trading
2025-09-25 17:22:47,296 [INFO] root: [DRY] trading → #trading
2025-09-25 17:22:47,324 [INFO] root: Route: source=investfuture → topic=trading
2025-09-25 17:22:47,324 [INFO] root: [DRY] trading → #trading
2025-09-25 17:22:47,353 [INFO] root: Route: source=investfuture → topic=trading
2025-09-25 17:22:47,353 [INFO] root: [DRY] trading → #trading
2025-09-25 17:22:47,381 [INFO] root: Route: source=investfuture → topic=trading
2025-09-25 17:22:47,381 [INFO] root: [DRY] trading → #trading
2025-09-25 17:22:47,410 [INFO] root: Route: source=investfuture → topic=trading
2025-09-25 17:22:47,410 [INFO] root: [DRY] trading → #trading
2025-09-25 17:22:47,439 [INFO] root: Route: source=investfuture → topic=trading
2025-09-25 17:22:47,439 [INFO] root: [DRY] trading → #trading
2025-09-25 17:22:47,467 [INFO] root: Route: source=investfuture → topic=trading
2025-09-25 17:22:47,467 [INFO] root: [DRY] trading → #trading
2025-09-25 17:22:47,496 [INFO] root: Route: source=investfuture → topic=trading
2025-09-25 17:22:47,496 [INFO] root: [DRY] trading → #trading
2025-09-25 17:22:47,525 [INFO] root: Route: source=investfuture → topic=trading
2025-09-25 17:22:47,525 [INFO] root: [DRY] trading → #trading
2025-09-25 17:22:47,555 [INFO] root: Route: source=investfuture → topic=trading
2025-09-25 17:22:47,555 [INFO] root: [DRY] trading → #trading
2025-09-25 17:22:47,584 [INFO] root: Route: source=investfuture → topic=trading
2025-09-25 17:22:47,584 [INFO] root: [DRY] trading → #trading
2025-09-25 17:22:47,614 [INFO] root: Route: source=investfuture → topic=trading
2025-09-25 17:22:47,614 [INFO] root: [DRY] trading → #trading
2025-09-25 17:22:47,643 [INFO] root: Route: source=investfuture → topic=trading
2025-09-25 17:22:47,643 [INFO] root: [DRY] trading → #trading
2025-09-25 17:22:47,672 [INFO] root: Route: source=investfuture → topic=trading
2025-09-25 17:22:47,672 [INFO] root: [DRY] trading → #trading
2025-09-25 17:22:47,701 [INFO] root: Route: source=investfuture → topic=trading
2025-09-25 17:22:47,701 [INFO] root: [DRY] trading → #trading
2025-09-25 17:22:47,730 [INFO] root: Route: source=investfuture → topic=trading
2025-09-25 17:22:47,730 [INFO] root: [DRY] trading → #trading
2025-09-25 17:22:47,759 [INFO] root: Route: source=investfuture → topic=trading
2025-09-25 17:22:47,759 [INFO] root: [DRY] trading → #trading
2025-09-25 17:22:47,788 [INFO] root: Route: source=investfuture → topic=trading
2025-09-25 17:22:47,788 [INFO] root: [DRY] trading → #trading
2025-09-25 17:22:47,816 [INFO] root: Route: source=investfuture → topic=trading
2025-09-25 17:22:47,816 [INFO] root: [DRY] trading → #trading
2025-09-25 17:22:47,845 [INFO] root: Route: source=investfuture → topic=trading
2025-09-25 17:22:47,845 [INFO] root: [DRY] trading → #trading
2025-09-25 17:22:47,874 [INFO] root: Route: source=investfuture → topic=trading
2025-09-25 17:22:47,874 [INFO] root: [DRY] trading → #trading
2025-09-25 17:22:47,903 [INFO] root: Route: source=investfuture → topic=trading
2025-09-25 17:22:47,903 [INFO] root: [DRY] trading → #trading
2025-09-25 17:22:47,932 [INFO] root: Route: source=investfuture → topic=trading
2025-09-25 17:22:47,932 [INFO] root: [DRY] trading → #trading
2025-09-25 17:22:47,961 [INFO] root: Route: source=investfuture → topic=trading
2025-09-25 17:22:47,961 [INFO] root: [DRY] trading → #trading
2025-09-25 17:22:47,991 [INFO] root: Route: source=investfuture → topic=trading
2025-09-25 17:22:47,991 [INFO] root: [DRY] trading → #trading
2025-09-25 17:22:48,021 [INFO] root: Route: source=investfuture → topic=trading
2025-09-25 17:22:48,021 [INFO] root: [DRY] trading → #trading
2025-09-25 17:22:48,051 [INFO] root: Route: source=investfuture → topic=trading
2025-09-25 17:22:48,051 [INFO] root: [DRY] trading → #trading
2025-09-25 17:22:48,081 [INFO] root: Route: source=investfuture → topic=trading
2025-09-25 17:22:48,081 [INFO] root: [DRY] trading → #trading
2025-09-25 17:22:48,111 [INFO] root: Route: source=investfuture → topic=trading
2025-09-25 17:22:48,111 [INFO] root: [DRY] trading → #trading
2025-09-25 17:22:48,140 [INFO] root: Route: source=investfuture → topic=trading
2025-09-25 17:22:48,140 [INFO] root: [DRY] trading → #trading
2025-09-25 17:22:48,169 [INFO] root: Route: source=investfuture → topic=trading
2025-09-25 17:22:48,169 [INFO] root: [DRY] trading → #trading
2025-09-25 17:22:48,199 [INFO] root: Route: source=investfuture → topic=trading
2025-09-25 17:22:48,199 [INFO] root: [DRY] trading → #trading
2025-09-25 17:22:48,228 [INFO] root: Route: source=investfuture → topic=trading
2025-09-25 17:22:48,228 [INFO] root: [DRY] trading → #trading
2025-09-25 17:22:48,257 [INFO] root: Route: source=investfuture → topic=trading
2025-09-25 17:22:48,257 [INFO] root: [DRY] trading → #trading
2025-09-25 17:22:48,287 [INFO] root: Route: source=investfuture → topic=trading
2025-09-25 17:22:48,287 [INFO] root: [DRY] trading → #trading
2025-09-25 17:22:48,316 [INFO] root: Route: source=investfuture → topic=trading
2025-09-25 17:22:48,316 [INFO] root: [DRY] trading → #trading
2025-09-25 17:22:48,345 [INFO] root: Route: source=investfuture → topic=trading
2025-09-25 17:22:48,345 [INFO] root: [DRY] trading → #trading
2025-09-25 17:22:48,376 [INFO] root: Route: source=investfuture → topic=trading
2025-09-25 17:22:48,376 [INFO] root: [DRY] trading → #trading
2025-09-25 17:22:48,406 [INFO] root: Route: source=investfuture → topic=trading
2025-09-25 17:22:48,406 [INFO] root: [DRY] trading → #trading
2025-09-25 17:22:48,437 [INFO] root: Route: source=investfuture → topic=trading
2025-09-25 17:22:48,437 [INFO] root: [DRY] trading → #trading
2025-09-25 17:22:48,437 [INFO] root: Duplicate skipped: fcebe970225a107b14bb
2025-09-25 17:22:48,467 [INFO] root: Route: source=investfuture → topic=trading
2025-09-25 17:22:48,467 [INFO] root: [DRY] trading → #trading
2025-09-25 17:22:48,497 [INFO] root: Route: source=investfuture → topic=trading
2025-09-25 17:22:48,497 [INFO] root: [DRY] trading → #trading
2025-09-25 17:22:48,527 [INFO] root: Route: source=investfuture → topic=trading
2025-09-25 17:22:48,527 [INFO] root: [DRY] trading → #trading
2025-09-25 17:22:48,527 [INFO] root: Duplicate skipped: f63a763bc7b96a8e4df4
2025-09-25 17:22:48,556 [INFO] root: Route: source=investfuture → topic=trading
2025-09-25 17:22:48,556 [INFO] root: [DRY] trading → #trading
2025-09-25 17:22:48,586 [INFO] root: Route: source=investfuture → topic=trading
2025-09-25 17:22:48,586 [INFO] root: [DRY] trading → #trading
2025-09-25 17:22:48,616 [INFO] root: Route: source=investfuture → topic=trading
2025-09-25 17:22:48,616 [INFO] root: [DRY] trading → #trading
2025-09-25 17:22:48,646 [INFO] root: Route: source=investheroes → topic=trading
2025-09-25 17:22:48,646 [INFO] root: [DRY] trading → #trading
2025-09-25 17:22:48,675 [INFO] root: Route: source=investheroes → topic=trading
2025-09-25 17:22:48,675 [INFO] root: [DRY] trading → #trading
2025-09-25 17:22:48,705 [INFO] root: Route: source=investheroes → topic=trading
2025-09-25 17:22:48,705 [INFO] root: [DRY] trading → #trading
2025-09-25 17:22:48,735 [INFO] root: Route: source=investheroes → topic=trading
2025-09-25 17:22:48,735 [INFO] root: [DRY] trading → #trading
2025-09-25 17:22:48,764 [INFO] root: Route: source=investheroes → topic=trading
2025-09-25 17:22:48,764 [INFO] root: [DRY] trading → #trading
2025-09-25 17:22:48,794 [INFO] root: Route: source=investheroes → topic=trading
2025-09-25 17:22:48,794 [INFO] root: [DRY] trading → #trading
2025-09-25 17:22:48,825 [INFO] root: Route: source=investheroes → topic=trading
2025-09-25 17:22:48,825 [INFO] root: [DRY] trading → #trading
2025-09-25 17:22:48,856 [INFO] root: Route: source=investheroes → topic=trading
2025-09-25 17:22:48,856 [INFO] root: [DRY] trading → #trading
2025-09-25 17:22:48,887 [INFO] root: Route: source=investheroes → topic=trading
2025-09-25 17:22:48,887 [INFO] root: [DRY] trading → #trading
2025-09-25 17:22:48,918 [INFO] root: Route: source=investheroes → topic=trading
2025-09-25 17:22:48,918 [INFO] root: [DRY] trading → #trading
2025-09-25 17:22:48,949 [INFO] root: Route: source=investheroes → topic=trading
2025-09-25 17:22:48,949 [INFO] root: [DRY] trading → #trading
2025-09-25 17:22:48,979 [INFO] root: Route: source=investheroes → topic=trading
2025-09-25 17:22:48,979 [INFO] root: [DRY] trading → #trading
2025-09-25 17:22:49,010 [INFO] root: Route: source=investheroes → topic=trading
2025-09-25 17:22:49,010 [INFO] root: [DRY] trading → #trading
2025-09-25 17:22:49,040 [INFO] root: Route: source=investheroes → topic=trading
2025-09-25 17:22:49,041 [INFO] root: [DRY] trading → #trading
2025-09-25 17:22:49,071 [INFO] root: Route: source=investheroes → topic=trading
2025-09-25 17:22:49,071 [INFO] root: [DRY] trading → #trading
2025-09-25 17:22:49,101 [INFO] root: Route: source=investheroes → topic=trading
2025-09-25 17:22:49,101 [INFO] root: [DRY] trading → #trading
2025-09-25 17:22:49,131 [INFO] root: Route: source=investheroes → topic=trading
2025-09-25 17:22:49,131 [INFO] root: [DRY] trading → #trading
2025-09-25 17:22:49,161 [INFO] root: Route: source=investheroes → topic=trading
2025-09-25 17:22:49,161 [INFO] root: [DRY] trading → #trading
2025-09-25 17:22:49,192 [INFO] root: Route: source=investheroes → topic=trading
2025-09-25 17:22:49,192 [INFO] root: [DRY] trading → #trading
2025-09-25 17:22:49,222 [INFO] root: Route: source=investheroes → topic=trading
2025-09-25 17:22:49,222 [INFO] root: [DRY] trading → #trading
2025-09-25 17:22:49,251 [INFO] root: Route: source=investheroes → topic=trading
2025-09-25 17:22:49,252 [INFO] root: [DRY] trading → #trading
2025-09-25 17:22:49,281 [INFO] root: Route: source=investheroes → topic=trading
2025-09-25 17:22:49,281 [INFO] root: [DRY] trading → #trading
2025-09-25 17:22:49,312 [INFO] root: Route: source=investheroes → topic=trading
2025-09-25 17:22:49,312 [INFO] root: [DRY] trading → #trading
2025-09-25 17:22:49,343 [INFO] root: Route: source=investheroes → topic=trading
2025-09-25 17:22:49,343 [INFO] root: [DRY] trading → #trading
2025-09-25 17:22:49,374 [INFO] root: Route: source=investheroes → topic=trading
2025-09-25 17:22:49,374 [INFO] root: [DRY] trading → #trading
2025-09-25 17:22:49,405 [INFO] root: Route: source=investheroes → topic=trading
2025-09-25 17:22:49,405 [INFO] root: [DRY] trading → #trading
2025-09-25 17:22:49,436 [INFO] root: Route: source=investheroes → topic=trading
2025-09-25 17:22:49,437 [INFO] root: [DRY] trading → #trading
2025-09-25 17:22:49,468 [INFO] root: Route: source=investheroes → topic=trading
2025-09-25 17:22:49,468 [INFO] root: [DRY] trading → #trading
2025-09-25 17:22:49,499 [INFO] root: Route: source=investheroes → topic=trading
2025-09-25 17:22:49,500 [INFO] root: [DRY] trading → #trading
2025-09-25 17:22:49,531 [INFO] root: Route: source=investheroes → topic=trading
2025-09-25 17:22:49,531 [INFO] root: [DRY] trading → #trading
2025-09-25 17:22:49,561 [INFO] root: Route: source=investheroes → topic=trading
2025-09-25 17:22:49,561 [INFO] root: [DRY] trading → #trading
2025-09-25 17:22:49,592 [INFO] root: Route: source=investheroes → topic=trading
2025-09-25 17:22:49,592 [INFO] root: [DRY] trading → #trading
2025-09-25 17:22:49,622 [INFO] root: Route: source=investheroes → topic=trading
2025-09-25 17:22:49,622 [INFO] root: [DRY] trading → #trading
2025-09-25 17:22:49,652 [INFO] root: Route: source=investheroes → topic=trading
2025-09-25 17:22:49,652 [INFO] root: [DRY] trading → #trading
2025-09-25 17:22:49,697 [INFO] root: Route: source=investheroes → topic=trading
2025-09-25 17:22:49,697 [INFO] root: [DRY] trading → #trading
2025-09-25 17:22:49,728 [INFO] root: Route: source=investheroes → topic=trading
2025-09-25 17:22:49,728 [INFO] root: [DRY] trading → #trading
2025-09-25 17:22:49,759 [INFO] root: Route: source=investheroes → topic=trading
2025-09-25 17:22:49,759 [INFO] root: [DRY] trading → #trading
2025-09-25 17:22:49,790 [INFO] root: Route: source=wallstreetqueenofficial → topic=trading
2025-09-25 17:22:49,790 [INFO] root: [DRY] trading → #trading
2025-09-25 17:22:49,821 [INFO] root: Route: source=wallstreetqueenofficial → topic=trading
2025-09-25 17:22:49,822 [INFO] root: [DRY] trading → #trading
2025-09-25 17:22:49,853 [INFO] root: Route: source=wallstreetqueenofficial → topic=trading
2025-09-25 17:22:49,853 [INFO] root: [DRY] trading → #trading
2025-09-25 17:22:49,883 [INFO] root: Route: source=wallstreetqueenofficial → topic=trading
2025-09-25 17:22:49,883 [INFO] root: [DRY] trading → #trading
2025-09-25 17:22:49,914 [INFO] root: Route: source=wallstreetqueenofficial → topic=trading
2025-09-25 17:22:49,914 [INFO] root: [DRY] trading → #trading
2025-09-25 17:22:49,944 [INFO] root: Route: source=wallstreetqueenofficial → topic=trading
2025-09-25 17:22:49,944 [INFO] root: [DRY] trading → #trading
2025-09-25 17:22:49,975 [INFO] root: Route: source=wallstreetqueenofficial → topic=trading
2025-09-25 17:22:49,975 [INFO] root: [DRY] trading → #trading
2025-09-25 17:22:50,006 [INFO] root: Route: source=wallstreetqueenofficial → topic=trading
2025-09-25 17:22:50,006 [INFO] root: [DRY] trading → #trading
2025-09-25 17:22:50,037 [INFO] root: Route: source=wallstreetqueenofficial → topic=trading
2025-09-25 17:22:50,037 [INFO] root: [DRY] trading → #trading
2025-09-25 17:22:50,069 [INFO] root: Route: source=wallstreetqueenofficial → topic=trading
2025-09-25 17:22:50,069 [INFO] root: [DRY] trading → #trading
2025-09-25 17:22:50,099 [INFO] root: Route: source=wallstreetqueenofficial → topic=trading
2025-09-25 17:22:50,099 [INFO] root: [DRY] trading → #trading
2025-09-25 17:22:50,130 [INFO] root: Route: source=wallstreetqueenofficial → topic=trading
2025-09-25 17:22:50,130 [INFO] root: [DRY] trading → #trading
2025-09-25 17:22:50,161 [INFO] root: Route: source=wallstreetqueenofficial → topic=trading
2025-09-25 17:22:50,161 [INFO] root: [DRY] trading → #trading
2025-09-25 17:22:50,192 [INFO] root: Route: source=wallstreetqueenofficial → topic=trading
2025-09-25 17:22:50,192 [INFO] root: [DRY] trading → #trading
2025-09-25 17:22:50,223 [INFO] root: Route: source=wallstreetqueenofficial → topic=trading
2025-09-25 17:22:50,223 [INFO] root: [DRY] trading → #trading
2025-09-25 17:22:50,254 [INFO] root: Route: source=wallstreetqueenofficial → topic=trading
2025-09-25 17:22:50,254 [INFO] root: [DRY] trading → #trading
2025-09-25 17:22:50,285 [INFO] root: Route: source=wallstreetqueenofficial → topic=trading
2025-09-25 17:22:50,285 [INFO] root: [DRY] trading → #trading
2025-09-25 17:22:50,316 [INFO] root: Route: source=wallstreetqueenofficial → topic=trading
2025-09-25 17:22:50,316 [INFO] root: [DRY] trading → #trading
2025-09-25 17:22:50,347 [INFO] root: Route: source=wallstreetqueenofficial → topic=trading
2025-09-25 17:22:50,347 [INFO] root: [DRY] trading → #trading
2025-09-25 17:22:50,378 [INFO] root: Route: source=wallstreetqueenofficial → topic=trading
2025-09-25 17:22:50,378 [INFO] root: [DRY] trading → #trading
2025-09-25 17:22:50,409 [INFO] root: Route: source=wallstreetqueenofficial → topic=trading
2025-09-25 17:22:50,409 [INFO] root: [DRY] trading → #trading
2025-09-25 17:22:50,440 [INFO] root: Route: source=wallstreetqueenofficial → topic=trading
2025-09-25 17:22:50,440 [INFO] root: [DRY] trading → #trading
2025-09-25 17:22:50,475 [INFO] root: Route: source=wallstreetqueenofficial → topic=trading
2025-09-25 17:22:50,475 [INFO] root: [DRY] trading → #trading
2025-09-25 17:22:50,509 [INFO] root: Route: source=wallstreetqueenofficial → topic=trading
2025-09-25 17:22:50,509 [INFO] root: [DRY] trading → #trading
2025-09-25 17:22:50,543 [INFO] root: Route: source=wallstreetqueenofficial → topic=trading
2025-09-25 17:22:50,543 [INFO] root: [DRY] trading → #trading
2025-09-25 17:22:50,575 [INFO] root: Route: source=wallstreetqueenofficial → topic=trading
2025-09-25 17:22:50,575 [INFO] root: [DRY] trading → #trading
2025-09-25 17:22:50,609 [INFO] root: Route: source=wallstreetqueenofficial → topic=trading
2025-09-25 17:22:50,610 [INFO] root: [DRY] trading → #trading
2025-09-25 17:22:50,647 [INFO] root: Route: source=wallstreetqueenofficial → topic=trading
2025-09-25 17:22:50,647 [INFO] root: [DRY] trading → #trading
2025-09-25 17:22:50,684 [INFO] root: Route: source=wallstreetqueenofficial → topic=trading
2025-09-25 17:22:50,684 [INFO] root: [DRY] trading → #trading
2025-09-25 17:22:50,720 [INFO] root: Route: source=wallstreetqueenofficial → topic=trading
2025-09-25 17:22:50,720 [INFO] root: [DRY] trading → #trading
2025-09-25 17:22:50,754 [INFO] root: Route: source=wallstreetqueenofficial → topic=trading
2025-09-25 17:22:50,754 [INFO] root: [DRY] trading → #trading
2025-09-25 17:22:50,785 [INFO] root: Route: source=wallstreetqueenofficial → topic=trading
2025-09-25 17:22:50,785 [INFO] root: [DRY] trading → #trading
2025-09-25 17:22:50,818 [INFO] root: Route: source=wallstreetqueenofficial → topic=trading
2025-09-25 17:22:50,818 [INFO] root: [DRY] trading → #trading
2025-09-25 17:22:50,851 [INFO] root: Route: source=wallstreetqueenofficial → topic=trading
2025-09-25 17:22:50,851 [INFO] root: [DRY] trading → #trading
2025-09-25 17:22:50,884 [INFO] root: Route: source=wallstreetqueenofficial → topic=trading
2025-09-25 17:22:50,884 [INFO] root: [DRY] trading → #trading
2025-09-25 17:22:50,918 [INFO] root: Route: source=wallstreetqueenofficial → topic=trading
2025-09-25 17:22:50,919 [INFO] root: [DRY] trading → #trading
2025-09-25 17:22:50,954 [INFO] root: Route: source=wallstreetqueenofficial → topic=trading
2025-09-25 17:22:50,954 [INFO] root: [DRY] trading → #trading
2025-09-25 17:22:50,988 [INFO] root: Route: source=wallstreetqueenofficial → topic=trading
2025-09-25 17:22:50,988 [INFO] root: [DRY] trading → #trading
2025-09-25 17:22:51,022 [INFO] root: Route: source=wallstreetqueenofficial → topic=trading
2025-09-25 17:22:51,022 [INFO] root: [DRY] trading → #trading
2025-09-25 17:22:51,056 [INFO] root: Route: source=wallstreetqueenofficial → topic=trading
2025-09-25 17:22:51,056 [INFO] root: [DRY] trading → #trading
2025-09-25 17:22:51,088 [INFO] root: Route: source=wallstreetqueenofficial → topic=trading
2025-09-25 17:22:51,088 [INFO] root: [DRY] trading → #trading
2025-09-25 17:22:51,126 [INFO] root: Route: source=wallstreetqueenofficial → topic=trading
2025-09-25 17:22:51,126 [INFO] root: [DRY] trading → #trading
2025-09-25 17:22:51,158 [INFO] root: Route: source=wallstreetqueenofficial → topic=trading
2025-09-25 17:22:51,158 [INFO] root: [DRY] trading → #trading
2025-09-25 17:22:51,190 [INFO] root: Route: source=wallstreetqueenofficial → topic=trading
2025-09-25 17:22:51,190 [INFO] root: [DRY] trading → #trading
2025-09-25 17:22:51,223 [INFO] root: Route: source=wallstreetqueenofficial → topic=trading
2025-09-25 17:22:51,223 [INFO] root: [DRY] trading → #trading
2025-09-25 17:22:51,255 [INFO] root: Route: source=wallstreetqueenofficial → topic=trading
2025-09-25 17:22:51,255 [INFO] root: [DRY] trading → #trading
2025-09-25 17:22:51,287 [INFO] root: Route: source=wallstreetqueenofficial → topic=trading
2025-09-25 17:22:51,287 [INFO] root: [DRY] trading → #trading
2025-09-25 17:22:51,320 [INFO] root: Route: source=wallstreetqueenofficial → topic=trading
2025-09-25 17:22:51,320 [INFO] root: [DRY] trading → #trading
2025-09-25 17:22:51,354 [INFO] root: Route: source=wallstreetqueenofficial → topic=trading
2025-09-25 17:22:51,354 [INFO] root: [DRY] trading → #trading
2025-09-25 17:22:51,387 [INFO] root: Route: source=wallstreetqueenofficial → topic=trading
2025-09-25 17:22:51,387 [INFO] root: [DRY] trading → #trading
2025-09-25 17:22:51,426 [INFO] root: Route: source=if_stocks → topic=trading
2025-09-25 17:22:51,426 [INFO] root: [DRY] trading → #trading
2025-09-25 17:22:51,461 [INFO] root: Route: source=if_stocks → topic=trading
2025-09-25 17:22:51,461 [INFO] root: [DRY] trading → #trading
2025-09-25 17:22:51,494 [INFO] root: Route: source=if_stocks → topic=trading
2025-09-25 17:22:51,494 [INFO] root: [DRY] trading → #trading
2025-09-25 17:22:51,527 [INFO] root: Route: source=if_stocks → topic=trading
2025-09-25 17:22:51,527 [INFO] root: [DRY] trading → #trading
2025-09-25 17:22:51,560 [INFO] root: Route: source=if_stocks → topic=trading
2025-09-25 17:22:51,560 [INFO] root: [DRY] trading → #trading
2025-09-25 17:22:51,595 [INFO] root: Route: source=if_stocks → topic=trading
2025-09-25 17:22:51,595 [INFO] root: [DRY] trading → #trading
2025-09-25 17:22:51,627 [INFO] root: Route: source=if_stocks → topic=trading
2025-09-25 17:22:51,627 [INFO] root: [DRY] trading → #trading
2025-09-25 17:22:51,663 [INFO] root: Route: source=if_stocks → topic=trading
2025-09-25 17:22:51,663 [INFO] root: [DRY] trading → #trading
2025-09-25 17:22:51,700 [INFO] root: Route: source=if_stocks → topic=trading
2025-09-25 17:22:51,700 [INFO] root: [DRY] trading → #trading
2025-09-25 17:22:51,732 [INFO] root: Route: source=if_stocks → topic=trading
2025-09-25 17:22:51,733 [INFO] root: [DRY] trading → #trading
2025-09-25 17:22:51,769 [INFO] root: Route: source=if_stocks → topic=trading
2025-09-25 17:22:51,769 [INFO] root: [DRY] trading → #trading
2025-09-25 17:22:51,803 [INFO] root: Route: source=if_stocks → topic=trading
2025-09-25 17:22:51,803 [INFO] root: [DRY] trading → #trading
2025-09-25 17:22:51,835 [INFO] root: Route: source=if_stocks → topic=trading
2025-09-25 17:22:51,835 [INFO] root: [DRY] trading → #trading
2025-09-25 17:22:51,871 [INFO] root: Route: source=if_stocks → topic=trading
2025-09-25 17:22:51,871 [INFO] root: [DRY] trading → #trading
2025-09-25 17:22:51,905 [INFO] root: Route: source=if_stocks → topic=trading
2025-09-25 17:22:51,905 [INFO] root: [DRY] trading → #trading
2025-09-25 17:22:51,940 [INFO] root: Route: source=if_stocks → topic=trading
2025-09-25 17:22:51,940 [INFO] root: [DRY] trading → #trading
2025-09-25 17:22:51,972 [INFO] root: Route: source=if_stocks → topic=trading
2025-09-25 17:22:51,972 [INFO] root: [DRY] trading → #trading
2025-09-25 17:22:52,007 [INFO] root: Route: source=if_stocks → topic=trading
2025-09-25 17:22:52,007 [INFO] root: [DRY] trading → #trading
2025-09-25 17:22:52,051 [INFO] root: Route: source=if_stocks → topic=trading
2025-09-25 17:22:52,051 [INFO] root: [DRY] trading → #trading
2025-09-25 17:22:52,085 [INFO] root: Route: source=if_stocks → topic=trading
2025-09-25 17:22:52,085 [INFO] root: [DRY] trading → #trading
2025-09-25 17:22:52,118 [INFO] root: Route: source=if_stocks → topic=trading
2025-09-25 17:22:52,118 [INFO] root: [DRY] trading → #trading
2025-09-25 17:22:52,151 [INFO] root: Route: source=if_stocks → topic=trading
2025-09-25 17:22:52,151 [INFO] root: [DRY] trading → #trading
2025-09-25 17:22:52,183 [INFO] root: Route: source=if_stocks → topic=trading
2025-09-25 17:22:52,183 [INFO] root: [DRY] trading → #trading
2025-09-25 17:22:52,216 [INFO] root: Route: source=if_stocks → topic=trading
2025-09-25 17:22:52,216 [INFO] root: [DRY] trading → #trading
2025-09-25 17:22:52,248 [INFO] root: Route: source=if_stocks → topic=trading
2025-09-25 17:22:52,248 [INFO] root: [DRY] trading → #trading
2025-09-25 17:22:52,281 [INFO] root: Route: source=if_stocks → topic=trading
2025-09-25 17:22:52,281 [INFO] root: [DRY] trading → #trading
2025-09-25 17:22:52,313 [INFO] root: Route: source=if_stocks → topic=trading
2025-09-25 17:22:52,313 [INFO] root: [DRY] trading → #trading
2025-09-25 17:22:52,345 [INFO] root: Route: source=if_stocks → topic=trading
2025-09-25 17:22:52,345 [INFO] root: [DRY] trading → #trading
2025-09-25 17:22:52,377 [INFO] root: Route: source=if_stocks → topic=trading
2025-09-25 17:22:52,377 [INFO] root: [DRY] trading → #trading
2025-09-25 17:22:52,410 [INFO] root: Route: source=if_stocks → topic=trading
2025-09-25 17:22:52,410 [INFO] root: [DRY] trading → #trading
2025-09-25 17:22:52,442 [INFO] root: Route: source=if_stocks → topic=trading
2025-09-25 17:22:52,442 [INFO] root: [DRY] trading → #trading
2025-09-25 17:22:52,475 [INFO] root: Route: source=if_stocks → topic=trading
2025-09-25 17:22:52,475 [INFO] root: [DRY] trading → #trading
2025-09-25 17:22:52,509 [INFO] root: Route: source=if_stocks → topic=trading
2025-09-25 17:22:52,509 [INFO] root: [DRY] trading → #trading
2025-09-25 17:22:52,545 [INFO] root: Route: source=if_stocks → topic=trading
2025-09-25 17:22:52,545 [INFO] root: [DRY] trading → #trading
2025-09-25 17:22:52,578 [INFO] root: Route: source=if_stocks → topic=trading
2025-09-25 17:22:52,578 [INFO] root: [DRY] trading → #trading
2025-09-25 17:22:52,613 [INFO] root: Route: source=if_stocks → topic=trading
2025-09-25 17:22:52,613 [INFO] root: [DRY] trading → #trading
2025-09-25 17:22:52,645 [INFO] root: Route: source=if_stocks → topic=trading
2025-09-25 17:22:52,645 [INFO] root: [DRY] trading → #trading
2025-09-25 17:22:52,677 [INFO] root: Route: source=if_stocks → topic=trading
2025-09-25 17:22:52,677 [INFO] root: [DRY] trading → #trading
2025-09-25 17:22:52,709 [INFO] root: Route: source=if_stocks → topic=trading
2025-09-25 17:22:52,709 [INFO] root: [DRY] trading → #trading
2025-09-25 17:22:52,741 [INFO] root: Route: source=if_stocks → topic=trading
2025-09-25 17:22:52,741 [INFO] root: [DRY] trading → #trading
2025-09-25 17:22:52,774 [INFO] root: Route: source=if_stocks → topic=trading
2025-09-25 17:22:52,774 [INFO] root: [DRY] trading → #trading
2025-09-25 17:22:52,806 [INFO] root: Route: source=if_stocks → topic=trading
2025-09-25 17:22:52,806 [INFO] root: [DRY] trading → #trading
2025-09-25 17:22:52,806 [INFO] root: Duplicate skipped: fcebe970225a107b14bb
2025-09-25 17:22:52,806 [INFO] root: Duplicate skipped: f8b56db79c7a107a8cc4
2025-09-25 17:22:52,838 [INFO] root: Route: source=if_stocks → topic=trading
2025-09-25 17:22:52,838 [INFO] root: [DRY] trading → #trading
2025-09-25 17:22:52,870 [INFO] root: Route: source=if_stocks → topic=trading
2025-09-25 17:22:52,870 [INFO] root: [DRY] trading → #trading
2025-09-25 17:22:52,902 [INFO] root: Route: source=if_stocks → topic=trading
2025-09-25 17:22:52,902 [INFO] root: [DRY] trading → #trading
2025-09-25 17:22:52,934 [INFO] root: Route: source=if_stocks → topic=trading
2025-09-25 17:22:52,934 [INFO] root: [DRY] trading → #trading
2025-09-25 17:22:52,966 [INFO] root: Route: source=if_bonds → topic=trading
2025-09-25 17:22:52,966 [INFO] root: [DRY] trading → #trading
2025-09-25 17:22:52,998 [INFO] root: Route: source=if_bonds → topic=trading
2025-09-25 17:22:52,998 [INFO] root: [DRY] trading → #trading
2025-09-25 17:22:53,033 [INFO] root: Route: source=if_bonds → topic=trading
2025-09-25 17:22:53,033 [INFO] root: [DRY] trading → #trading
2025-09-25 17:22:53,065 [INFO] root: Route: source=if_bonds → topic=trading
2025-09-25 17:22:53,065 [INFO] root: [DRY] trading → #trading
2025-09-25 17:22:53,099 [INFO] root: Route: source=if_bonds → topic=trading
2025-09-25 17:22:53,099 [INFO] root: [DRY] trading → #trading
2025-09-25 17:22:53,131 [INFO] root: Route: source=if_bonds → topic=trading
2025-09-25 17:22:53,131 [INFO] root: [DRY] trading → #trading
2025-09-25 17:22:53,163 [INFO] root: Route: source=if_bonds → topic=trading
2025-09-25 17:22:53,164 [INFO] root: [DRY] trading → #trading
2025-09-25 17:22:53,196 [INFO] root: Route: source=if_bonds → topic=trading
2025-09-25 17:22:53,196 [INFO] root: [DRY] trading → #trading
2025-09-25 17:22:53,228 [INFO] root: Route: source=if_bonds → topic=trading
2025-09-25 17:22:53,228 [INFO] root: [DRY] trading → #trading
2025-09-25 17:22:53,260 [INFO] root: Route: source=if_bonds → topic=trading
2025-09-25 17:22:53,260 [INFO] root: [DRY] trading → #trading
2025-09-25 17:22:53,292 [INFO] root: Route: source=if_bonds → topic=trading
2025-09-25 17:22:53,292 [INFO] root: [DRY] trading → #trading
2025-09-25 17:22:53,325 [INFO] root: Route: source=if_bonds → topic=trading
2025-09-25 17:22:53,325 [INFO] root: [DRY] trading → #trading
2025-09-25 17:22:53,357 [INFO] root: Route: source=if_bonds → topic=trading
2025-09-25 17:22:53,357 [INFO] root: [DRY] trading → #trading
2025-09-25 17:22:53,389 [INFO] root: Route: source=if_bonds → topic=trading
2025-09-25 17:22:53,389 [INFO] root: [DRY] trading → #trading
2025-09-25 17:22:53,422 [INFO] root: Route: source=if_bonds → topic=trading
2025-09-25 17:22:53,422 [INFO] root: [DRY] trading → #trading
2025-09-25 17:22:53,422 [INFO] root: Duplicate skipped: 36ab589577ef30929fea
2025-09-25 17:22:53,454 [INFO] root: Route: source=if_bonds → topic=trading
2025-09-25 17:22:53,454 [INFO] root: [DRY] trading → #trading
2025-09-25 17:22:53,487 [INFO] root: Route: source=if_bonds → topic=trading
2025-09-25 17:22:53,487 [INFO] root: [DRY] trading → #trading
2025-09-25 17:22:53,520 [INFO] root: Route: source=if_bonds → topic=trading
2025-09-25 17:22:53,520 [INFO] root: [DRY] trading → #trading
2025-09-25 17:22:53,554 [INFO] root: Route: source=if_bonds → topic=trading
2025-09-25 17:22:53,554 [INFO] root: [DRY] trading → #trading
2025-09-25 17:22:53,588 [INFO] root: Route: source=if_bonds → topic=trading
2025-09-25 17:22:53,588 [INFO] root: [DRY] trading → #trading
2025-09-25 17:22:53,620 [INFO] root: Route: source=if_bonds → topic=trading
2025-09-25 17:22:53,620 [INFO] root: [DRY] trading → #trading
2025-09-25 17:22:53,652 [INFO] root: Route: source=if_bonds → topic=trading
2025-09-25 17:22:53,652 [INFO] root: [DRY] trading → #trading
2025-09-25 17:22:53,652 [INFO] root: Duplicate skipped: bca351b979608f365b36
2025-09-25 17:22:53,685 [INFO] root: Route: source=if_bonds → topic=trading
2025-09-25 17:22:53,685 [INFO] root: [DRY] trading → #trading
2025-09-25 17:22:53,685 [INFO] root: Duplicate skipped: d16ceccad5d83bb29c6e
2025-09-25 17:22:53,719 [INFO] root: Route: source=if_bonds → topic=trading
2025-09-25 17:22:53,719 [INFO] root: [DRY] trading → #trading
2025-09-25 17:22:53,752 [INFO] root: Route: source=if_bonds → topic=trading
2025-09-25 17:22:53,752 [INFO] root: [DRY] trading → #trading
2025-09-25 17:22:53,785 [INFO] root: Route: source=if_bonds → topic=trading
2025-09-25 17:22:53,785 [INFO] root: [DRY] trading → #trading
2025-09-25 17:22:53,818 [INFO] root: Route: source=if_bonds → topic=trading
2025-09-25 17:22:53,818 [INFO] root: [DRY] trading → #trading
2025-09-25 17:22:53,852 [INFO] root: Route: source=if_bonds → topic=trading
2025-09-25 17:22:53,852 [INFO] root: [DRY] trading → #trading
2025-09-25 17:22:53,886 [INFO] root: Route: source=if_bonds → topic=trading
2025-09-25 17:22:53,886 [INFO] root: [DRY] trading → #trading
2025-09-25 17:22:53,921 [INFO] root: Route: source=if_bonds → topic=trading
2025-09-25 17:22:53,921 [INFO] root: [DRY] trading → #trading
2025-09-25 17:22:53,921 [INFO] root: Duplicate skipped: af20467fa70e3821552b
2025-09-25 17:22:53,955 [INFO] root: Route: source=if_bonds → topic=trading
2025-09-25 17:22:53,955 [INFO] root: [DRY] trading → #trading
2025-09-25 17:22:53,955 [INFO] root: Duplicate skipped: 242a11c556ce1605f879
2025-09-25 17:22:53,988 [INFO] root: Route: source=if_bonds → topic=trading
2025-09-25 17:22:53,988 [INFO] root: [DRY] trading → #trading
2025-09-25 17:22:54,021 [INFO] root: Route: source=if_bonds → topic=trading
2025-09-25 17:22:54,021 [INFO] root: [DRY] trading → #trading
2025-09-25 17:22:54,054 [INFO] root: Route: source=if_bonds → topic=trading
2025-09-25 17:22:54,054 [INFO] root: [DRY] trading → #trading
2025-09-25 17:22:54,087 [INFO] root: Route: source=if_bonds → topic=trading
2025-09-25 17:22:54,087 [INFO] root: [DRY] trading → #trading
2025-09-25 17:22:54,087 [INFO] root: Duplicate skipped: fcebe970225a107b14bb
2025-09-25 17:22:54,121 [INFO] root: Route: source=if_bonds → topic=trading
2025-09-25 17:22:54,121 [INFO] root: [DRY] trading → #trading
2025-09-25 17:22:54,154 [INFO] root: Route: source=if_bonds → topic=trading
2025-09-25 17:22:54,154 [INFO] root: [DRY] trading → #trading
2025-09-25 17:22:54,188 [INFO] root: Route: source=if_bonds → topic=trading
2025-09-25 17:22:54,188 [INFO] root: [DRY] trading → #trading
2025-09-25 17:22:54,188 [INFO] root: Duplicate skipped: f8b56db79c7a107a8cc4
2025-09-25 17:22:54,221 [INFO] root: Route: source=if_bonds → topic=trading
2025-09-25 17:22:54,221 [INFO] root: [DRY] trading → #trading
2025-09-25 17:22:54,254 [INFO] root: Route: source=if_bonds → topic=trading
2025-09-25 17:22:54,254 [INFO] root: [DRY] trading → #trading
2025-09-25 17:22:54,287 [INFO] root: Route: source=gazpromneft_official → topic=trading
2025-09-25 17:22:54,287 [INFO] root: [DRY] trading → #trading
2025-09-25 17:22:54,321 [INFO] root: Route: source=gazpromneft_official → topic=trading
2025-09-25 17:22:54,321 [INFO] root: [DRY] trading → #trading
2025-09-25 17:22:54,354 [INFO] root: Route: source=gazpromneft_official → topic=trading
2025-09-25 17:22:54,355 [INFO] root: [DRY] trading → #trading
2025-09-25 17:22:54,388 [INFO] root: Route: source=gazpromneft_official → topic=trading
2025-09-25 17:22:54,388 [INFO] root: [DRY] trading → #trading
2025-09-25 17:22:54,421 [INFO] root: Route: source=gazpromneft_official → topic=trading
2025-09-25 17:22:54,421 [INFO] root: [DRY] trading → #trading
2025-09-25 17:22:54,454 [INFO] root: Route: source=gazpromneft_official → topic=trading
2025-09-25 17:22:54,454 [INFO] root: [DRY] trading → #trading
2025-09-25 17:22:54,487 [INFO] root: Route: source=gazpromneft_official → topic=trading
2025-09-25 17:22:54,487 [INFO] root: [DRY] trading → #trading
2025-09-25 17:22:54,520 [INFO] root: Route: source=gazpromneft_official → topic=trading
2025-09-25 17:22:54,520 [INFO] root: [DRY] trading → #trading
2025-09-25 17:22:54,554 [INFO] root: Route: source=gazpromneft_official → topic=trading
2025-09-25 17:22:54,554 [INFO] root: [DRY] trading → #trading
2025-09-25 17:22:54,587 [INFO] root: Route: source=gazpromneft_official → topic=trading
2025-09-25 17:22:54,587 [INFO] root: [DRY] trading → #trading
2025-09-25 17:22:54,621 [INFO] root: Route: source=gazpromneft_official → topic=trading
2025-09-25 17:22:54,621 [INFO] root: [DRY] trading → #trading
2025-09-25 17:22:54,657 [INFO] root: Route: source=gazpromneft_official → topic=trading
2025-09-25 17:22:54,657 [INFO] root: [DRY] trading → #trading
2025-09-25 17:22:54,694 [INFO] root: Route: source=gazpromneft_official → topic=trading
2025-09-25 17:22:54,694 [INFO] root: [DRY] trading → #trading
2025-09-25 17:22:54,746 [INFO] root: Route: source=gazpromneft_official → topic=trading
2025-09-25 17:22:54,746 [INFO] root: [DRY] trading → #trading
2025-09-25 17:22:54,781 [INFO] root: Route: source=gazpromneft_official → topic=trading
2025-09-25 17:22:54,781 [INFO] root: [DRY] trading → #trading
2025-09-25 17:22:54,817 [INFO] root: Route: source=gazpromneft_official → topic=trading
2025-09-25 17:22:54,817 [INFO] root: [DRY] trading → #trading
2025-09-25 17:22:54,852 [INFO] root: Route: source=gazpromneft_official → topic=trading
2025-09-25 17:22:54,852 [INFO] root: [DRY] trading → #trading
2025-09-25 17:22:54,891 [INFO] root: Route: source=gazpromneft_official → topic=trading
2025-09-25 17:22:54,891 [INFO] root: [DRY] trading → #trading
2025-09-25 17:22:54,926 [INFO] root: Route: source=gazpromneft_official → topic=trading
2025-09-25 17:22:54,927 [INFO] root: [DRY] trading → #trading
2025-09-25 17:22:54,960 [INFO] root: Route: source=gazpromneft_official → topic=trading
2025-09-25 17:22:54,960 [INFO] root: [DRY] trading → #trading
2025-09-25 17:22:54,992 [INFO] root: Route: source=gazpromneft_official → topic=trading
2025-09-25 17:22:54,992 [INFO] root: [DRY] trading → #trading
2025-09-25 17:22:55,025 [INFO] root: Route: source=gazpromneft_official → topic=trading
2025-09-25 17:22:55,025 [INFO] root: [DRY] trading → #trading
2025-09-25 17:22:55,058 [INFO] root: Route: source=gazpromneft_official → topic=trading
2025-09-25 17:22:55,058 [INFO] root: [DRY] trading → #trading
2025-09-25 17:22:55,091 [INFO] root: Route: source=gazpromneft_official → topic=trading
2025-09-25 17:22:55,091 [INFO] root: [DRY] trading → #trading
2025-09-25 17:22:55,124 [INFO] root: Route: source=gazpromneft_official → topic=trading
2025-09-25 17:22:55,124 [INFO] root: [DRY] trading → #trading
2025-09-25 17:22:55,157 [INFO] root: Route: source=gazpromneft_official → topic=trading
2025-09-25 17:22:55,157 [INFO] root: [DRY] trading → #trading
2025-09-25 17:22:55,191 [INFO] root: Route: source=gazpromneft_official → topic=trading
2025-09-25 17:22:55,191 [INFO] root: [DRY] trading → #trading
2025-09-25 17:22:55,224 [INFO] root: Route: source=gazpromneft_official → topic=trading
2025-09-25 17:22:55,224 [INFO] root: [DRY] trading → #trading
2025-09-25 17:22:55,256 [INFO] root: Route: source=gazpromneft_official → topic=trading
2025-09-25 17:22:55,256 [INFO] root: [DRY] trading → #trading
2025-09-25 17:22:55,289 [INFO] root: Route: source=gazpromneft_official → topic=trading
2025-09-25 17:22:55,289 [INFO] root: [DRY] trading → #trading
2025-09-25 17:22:55,321 [INFO] root: Route: source=gazpromneft_official → topic=trading
2025-09-25 17:22:55,321 [INFO] root: [DRY] trading → #trading
2025-09-25 17:22:55,354 [INFO] root: Route: source=gazpromneft_official → topic=trading
2025-09-25 17:22:55,354 [INFO] root: [DRY] trading → #trading
2025-09-25 17:22:55,386 [INFO] root: Route: source=gazpromneft_official → topic=trading
2025-09-25 17:22:55,386 [INFO] root: [DRY] trading → #trading
2025-09-25 17:22:55,419 [INFO] root: Route: source=gazpromneft_official → topic=trading
2025-09-25 17:22:55,419 [INFO] root: [DRY] trading → #trading
2025-09-25 17:22:55,452 [INFO] root: Route: source=gazpromneft_official → topic=trading
2025-09-25 17:22:55,452 [INFO] root: [DRY] trading → #trading
2025-09-25 17:22:55,485 [INFO] root: Route: source=gazpromneft_official → topic=trading
2025-09-25 17:22:55,485 [INFO] root: [DRY] trading → #trading
2025-09-25 17:22:55,518 [INFO] root: Route: source=gazpromneft_official → topic=trading
2025-09-25 17:22:55,518 [INFO] root: [DRY] trading → #trading
2025-09-25 17:22:55,552 [INFO] root: Route: source=gazpromneft_official → topic=trading
2025-09-25 17:22:55,552 [INFO] root: [DRY] trading → #trading
2025-09-25 17:22:55,585 [INFO] root: Route: source=gazpromneft_official → topic=trading
2025-09-25 17:22:55,585 [INFO] root: [DRY] trading → #trading
2025-09-25 17:22:55,618 [INFO] root: Route: source=gazpromneft_official → topic=trading
2025-09-25 17:22:55,618 [INFO] root: [DRY] trading → #trading
2025-09-25 17:22:55,651 [INFO] root: Route: source=finamalert → topic=trading
2025-09-25 17:22:55,651 [INFO] root: [DRY] trading → #trading
2025-09-25 17:22:55,684 [INFO] root: Route: source=finamalert → topic=trading
2025-09-25 17:22:55,684 [INFO] root: [DRY] trading → #trading
2025-09-25 17:22:55,717 [INFO] root: Route: source=finamalert → topic=trading
2025-09-25 17:22:55,717 [INFO] root: [DRY] trading → #trading
2025-09-25 17:22:55,749 [INFO] root: Route: source=finamalert → topic=trading
2025-09-25 17:22:55,750 [INFO] root: [DRY] trading → #trading
2025-09-25 17:22:55,782 [INFO] root: Route: source=finamalert → topic=trading
2025-09-25 17:22:55,782 [INFO] root: [DRY] trading → #trading
2025-09-25 17:22:55,814 [INFO] root: Route: source=finamalert → topic=trading
2025-09-25 17:22:55,815 [INFO] root: [DRY] trading → #trading
2025-09-25 17:22:55,847 [INFO] root: Route: source=finamalert → topic=trading
2025-09-25 17:22:55,847 [INFO] root: [DRY] trading → #trading
2025-09-25 17:22:55,879 [INFO] root: Route: source=finamalert → topic=trading
2025-09-25 17:22:55,879 [INFO] root: [DRY] trading → #trading
2025-09-25 17:22:55,912 [INFO] root: Route: source=finamalert → topic=trading
2025-09-25 17:22:55,912 [INFO] root: [DRY] trading → #trading
2025-09-25 17:22:55,944 [INFO] root: Route: source=finamalert → topic=trading
2025-09-25 17:22:55,944 [INFO] root: [DRY] trading → #trading
2025-09-25 17:22:55,977 [INFO] root: Route: source=finamalert → topic=trading
2025-09-25 17:22:55,977 [INFO] root: [DRY] trading → #trading
2025-09-25 17:22:56,009 [INFO] root: Route: source=finamalert → topic=trading
2025-09-25 17:22:56,009 [INFO] root: [DRY] trading → #trading
2025-09-25 17:22:56,041 [INFO] root: Route: source=finamalert → topic=trading
2025-09-25 17:22:56,041 [INFO] root: [DRY] trading → #trading
2025-09-25 17:22:56,074 [INFO] root: Route: source=finamalert → topic=trading
2025-09-25 17:22:56,074 [INFO] root: [DRY] trading → #trading
2025-09-25 17:22:56,107 [INFO] root: Route: source=finamalert → topic=trading
2025-09-25 17:22:56,107 [INFO] root: [DRY] trading → #trading
2025-09-25 17:22:56,139 [INFO] root: Route: source=finamalert → topic=trading
2025-09-25 17:22:56,139 [INFO] root: [DRY] trading → #trading
2025-09-25 17:22:56,172 [INFO] root: Route: source=finamalert → topic=trading
2025-09-25 17:22:56,172 [INFO] root: [DRY] trading → #trading
2025-09-25 17:22:56,205 [INFO] root: Route: source=finamalert → topic=trading
2025-09-25 17:22:56,205 [INFO] root: [DRY] trading → #trading
2025-09-25 17:22:56,238 [INFO] root: Route: source=finamalert → topic=trading
2025-09-25 17:22:56,238 [INFO] root: [DRY] trading → #trading
2025-09-25 17:22:56,270 [INFO] root: Route: source=finamalert → topic=trading
2025-09-25 17:22:56,270 [INFO] root: [DRY] trading → #trading
2025-09-25 17:22:56,303 [INFO] root: Route: source=finamalert → topic=trading
2025-09-25 17:22:56,303 [INFO] root: [DRY] trading → #trading
2025-09-25 17:22:56,336 [INFO] root: Route: source=finamalert → topic=trading
2025-09-25 17:22:56,336 [INFO] root: [DRY] trading → #trading
2025-09-25 17:22:56,369 [INFO] root: Route: source=finamalert → topic=trading
2025-09-25 17:22:56,369 [INFO] root: [DRY] trading → #trading
2025-09-25 17:22:56,401 [INFO] root: Route: source=finamalert → topic=trading
2025-09-25 17:22:56,401 [INFO] root: [DRY] trading → #trading
2025-09-25 17:22:56,433 [INFO] root: Route: source=finamalert → topic=trading
2025-09-25 17:22:56,433 [INFO] root: [DRY] trading → #trading
2025-09-25 17:22:56,466 [INFO] root: Route: source=finamalert → topic=trading
2025-09-25 17:22:56,466 [INFO] root: [DRY] trading → #trading
2025-09-25 17:22:56,498 [INFO] root: Route: source=finamalert → topic=trading
2025-09-25 17:22:56,498 [INFO] root: [DRY] trading → #trading
2025-09-25 17:22:56,530 [INFO] root: Route: source=finamalert → topic=trading
2025-09-25 17:22:56,530 [INFO] root: [DRY] trading → #trading
2025-09-25 17:22:56,561 [INFO] root: Route: source=finamalert → topic=trading
2025-09-25 17:22:56,561 [INFO] root: [DRY] trading → #trading
2025-09-25 17:22:56,593 [INFO] root: Route: source=finamalert → topic=trading
2025-09-25 17:22:56,593 [INFO] root: [DRY] trading → #trading
2025-09-25 17:22:56,625 [INFO] root: Route: source=finamalert → topic=trading
2025-09-25 17:22:56,625 [INFO] root: [DRY] trading → #trading
2025-09-25 17:22:56,657 [INFO] root: Route: source=finamalert → topic=trading
2025-09-25 17:22:56,657 [INFO] root: [DRY] trading → #trading
2025-09-25 17:22:56,690 [INFO] root: Route: source=finamalert → topic=trading
2025-09-25 17:22:56,690 [INFO] root: [DRY] trading → #trading
2025-09-25 17:22:56,722 [INFO] root: Route: source=finamalert → topic=trading
2025-09-25 17:22:56,722 [INFO] root: [DRY] trading → #trading
2025-09-25 17:22:56,755 [INFO] root: Route: source=finamalert → topic=trading
2025-09-25 17:22:56,755 [INFO] root: [DRY] trading → #trading
2025-09-25 17:22:56,788 [INFO] root: Route: source=finamalert → topic=trading
2025-09-25 17:22:56,788 [INFO] root: [DRY] trading → #trading
2025-09-25 17:22:56,820 [INFO] root: Route: source=finamalert → topic=trading
2025-09-25 17:22:56,820 [INFO] root: [DRY] trading → #trading
2025-09-25 17:22:56,853 [INFO] root: Route: source=finamalert → topic=trading
2025-09-25 17:22:56,854 [INFO] root: [DRY] trading → #trading
2025-09-25 17:22:56,886 [INFO] root: Route: source=finamalert → topic=trading
2025-09-25 17:22:56,886 [INFO] root: [DRY] trading → #trading
2025-09-25 17:22:56,919 [INFO] root: Route: source=finamalert → topic=trading
2025-09-25 17:22:56,919 [INFO] root: [DRY] trading → #trading
2025-09-25 17:22:56,952 [INFO] root: Route: source=finamalert → topic=trading
2025-09-25 17:22:56,952 [INFO] root: [DRY] trading → #trading
2025-09-25 17:22:56,985 [INFO] root: Route: source=finamalert → topic=trading
2025-09-25 17:22:56,985 [INFO] root: [DRY] trading → #trading
2025-09-25 17:22:57,018 [INFO] root: Route: source=finamalert → topic=trading
2025-09-25 17:22:57,019 [INFO] root: [DRY] trading → #trading
2025-09-25 17:22:57,052 [INFO] root: Route: source=finamalert → topic=trading
2025-09-25 17:22:57,052 [INFO] root: [DRY] trading → #trading
2025-09-25 17:22:57,085 [INFO] root: Route: source=finamalert → topic=trading
2025-09-25 17:22:57,085 [INFO] root: [DRY] trading → #trading
2025-09-25 17:22:57,118 [INFO] root: Route: source=finamalert → topic=trading
2025-09-25 17:22:57,118 [INFO] root: [DRY] trading → #trading
2025-09-25 17:22:57,151 [INFO] root: Route: source=finamalert → topic=trading
2025-09-25 17:22:57,151 [INFO] root: [DRY] trading → #trading
2025-09-25 17:22:57,184 [INFO] root: Route: source=finamalert → topic=trading
2025-09-25 17:22:57,184 [INFO] root: [DRY] trading → #trading
2025-09-25 17:22:57,217 [INFO] root: Route: source=finamalert → topic=trading
2025-09-25 17:22:57,217 [INFO] root: [DRY] trading → #trading
2025-09-25 17:22:57,250 [INFO] root: Route: source=finamalert → topic=trading
2025-09-25 17:22:57,250 [INFO] root: [DRY] trading → #trading
2025-09-25 17:22:57,283 [INFO] root: Route: source=investfundsru → topic=trading
2025-09-25 17:22:57,283 [INFO] root: [DRY] trading → #trading
2025-09-25 17:22:57,316 [INFO] root: Route: source=investfundsru → topic=trading
2025-09-25 17:22:57,316 [INFO] root: [DRY] trading → #trading
2025-09-25 17:22:57,349 [INFO] root: Route: source=investfundsru → topic=trading
2025-09-25 17:22:57,349 [INFO] root: [DRY] trading → #trading
2025-09-25 17:22:57,381 [INFO] root: Route: source=investfundsru → topic=trading
2025-09-25 17:22:57,381 [INFO] root: [DRY] trading → #trading
2025-09-25 17:22:57,414 [INFO] root: Route: source=investfundsru → topic=trading
2025-09-25 17:22:57,414 [INFO] root: [DRY] trading → #trading
2025-09-25 17:22:57,446 [INFO] root: Route: source=investfundsru → topic=trading
2025-09-25 17:22:57,446 [INFO] root: [DRY] trading → #trading
2025-09-25 17:22:57,478 [INFO] root: Route: source=investfundsru → topic=trading
2025-09-25 17:22:57,478 [INFO] root: [DRY] trading → #trading
2025-09-25 17:22:57,511 [INFO] root: Route: source=investfundsru → topic=trading
2025-09-25 17:22:57,511 [INFO] root: [DRY] trading → #trading
2025-09-25 17:22:57,544 [INFO] root: Route: source=investfundsru → topic=trading
2025-09-25 17:22:57,544 [INFO] root: [DRY] trading → #trading
2025-09-25 17:22:57,576 [INFO] root: Route: source=investfundsru → topic=trading
2025-09-25 17:22:57,577 [INFO] root: [DRY] trading → #trading
2025-09-25 17:22:57,609 [INFO] root: Route: source=investfundsru → topic=trading
2025-09-25 17:22:57,609 [INFO] root: [DRY] trading → #trading
2025-09-25 17:22:57,643 [INFO] root: Route: source=investfundsru → topic=trading
2025-09-25 17:22:57,643 [INFO] root: [DRY] trading → #trading
2025-09-25 17:22:57,675 [INFO] root: Route: source=investfundsru → topic=trading
2025-09-25 17:22:57,675 [INFO] root: [DRY] trading → #trading
2025-09-25 17:22:57,708 [INFO] root: Route: source=investfundsru → topic=trading
2025-09-25 17:22:57,708 [INFO] root: [DRY] trading → #trading
2025-09-25 17:22:57,740 [INFO] root: Route: source=investfundsru → topic=trading
2025-09-25 17:22:57,740 [INFO] root: [DRY] trading → #trading
2025-09-25 17:22:57,773 [INFO] root: Route: source=investfundsru → topic=trading
2025-09-25 17:22:57,773 [INFO] root: [DRY] trading → #trading
2025-09-25 17:22:57,807 [INFO] root: Route: source=investfundsru → topic=trading
2025-09-25 17:22:57,807 [INFO] root: [DRY] trading → #trading
2025-09-25 17:22:57,839 [INFO] root: Route: source=investfundsru → topic=trading
2025-09-25 17:22:57,839 [INFO] root: [DRY] trading → #trading
2025-09-25 17:22:57,872 [INFO] root: Route: source=investfundsru → topic=trading
2025-09-25 17:22:57,873 [INFO] root: [DRY] trading → #trading
2025-09-25 17:22:57,905 [INFO] root: Route: source=investfundsru → topic=trading
2025-09-25 17:22:57,905 [INFO] root: [DRY] trading → #trading
2025-09-25 17:22:57,939 [INFO] root: Route: source=investfundsru → topic=trading
2025-09-25 17:22:57,939 [INFO] root: [DRY] trading → #trading
2025-09-25 17:22:57,972 [INFO] root: Route: source=investfundsru → topic=trading
2025-09-25 17:22:57,972 [INFO] root: [DRY] trading → #trading
2025-09-25 17:22:58,005 [INFO] root: Route: source=investfundsru → topic=trading
2025-09-25 17:22:58,005 [INFO] root: [DRY] trading → #trading
2025-09-25 17:22:58,038 [INFO] root: Route: source=investfundsru → topic=trading
2025-09-25 17:22:58,038 [INFO] root: [DRY] trading → #trading
2025-09-25 17:22:58,072 [INFO] root: Route: source=investfundsru → topic=trading
2025-09-25 17:22:58,072 [INFO] root: [DRY] trading → #trading
2025-09-25 17:22:58,104 [INFO] root: Route: source=investfundsru → topic=trading
2025-09-25 17:22:58,104 [INFO] root: [DRY] trading → #trading
2025-09-25 17:22:58,137 [INFO] root: Route: source=investfundsru → topic=trading
2025-09-25 17:22:58,137 [INFO] root: [DRY] trading → #trading
2025-09-25 17:22:58,171 [INFO] root: Route: source=investfundsru → topic=trading
2025-09-25 17:22:58,171 [INFO] root: [DRY] trading → #trading
2025-09-25 17:22:58,205 [INFO] root: Route: source=investfundsru → topic=trading
2025-09-25 17:22:58,205 [INFO] root: [DRY] trading → #trading
2025-09-25 17:22:58,240 [INFO] root: Route: source=investfundsru → topic=trading
2025-09-25 17:22:58,240 [INFO] root: [DRY] trading → #trading
2025-09-25 17:22:58,276 [INFO] root: Route: source=investfundsru → topic=trading
2025-09-25 17:22:58,277 [INFO] root: [DRY] trading → #trading
2025-09-25 17:22:58,310 [INFO] root: Route: source=investfundsru → topic=trading
2025-09-25 17:22:58,310 [INFO] root: [DRY] trading → #trading
2025-09-25 17:22:58,344 [INFO] root: Route: source=investfundsru → topic=trading
2025-09-25 17:22:58,344 [INFO] root: [DRY] trading → #trading
2025-09-25 17:22:58,378 [INFO] root: Route: source=investfundsru → topic=trading
2025-09-25 17:22:58,378 [INFO] root: [DRY] trading → #trading
2025-09-25 17:22:58,412 [INFO] root: Route: source=investfundsru → topic=trading
2025-09-25 17:22:58,412 [INFO] root: [DRY] trading → #trading
2025-09-25 17:22:58,445 [INFO] root: Route: source=investfundsru → topic=trading
2025-09-25 17:22:58,446 [INFO] root: [DRY] trading → #trading
2025-09-25 17:22:58,479 [INFO] root: Route: source=investfundsru → topic=trading
2025-09-25 17:22:58,479 [INFO] root: [DRY] trading → #trading
2025-09-25 17:22:58,513 [INFO] root: Route: source=investfundsru → topic=trading
2025-09-25 17:22:58,513 [INFO] root: [DRY] trading → #trading
2025-09-25 17:22:58,548 [INFO] root: Route: source=investfundsru → topic=trading
2025-09-25 17:22:58,549 [INFO] root: [DRY] trading → #trading
2025-09-25 17:22:58,582 [INFO] root: Route: source=investfundsru → topic=trading
2025-09-25 17:22:58,582 [INFO] root: [DRY] trading → #trading
2025-09-25 17:22:58,615 [INFO] root: Route: source=investfundsru → topic=trading
2025-09-25 17:22:58,615 [INFO] root: [DRY] trading → #trading
2025-09-25 17:22:58,648 [INFO] root: Route: source=investfundsru → topic=trading
2025-09-25 17:22:58,648 [INFO] root: [DRY] trading → #trading
2025-09-25 17:22:58,682 [INFO] root: Route: source=investfundsru → topic=trading
2025-09-25 17:22:58,682 [INFO] root: [DRY] trading → #trading
2025-09-25 17:22:58,718 [INFO] root: Route: source=investfundsru → topic=trading
2025-09-25 17:22:58,718 [INFO] root: [DRY] trading → #trading
2025-09-25 17:22:58,754 [INFO] root: Route: source=investfundsru → topic=trading
2025-09-25 17:22:58,754 [INFO] root: [DRY] trading → #trading
2025-09-25 17:22:58,788 [INFO] root: Route: source=investfundsru → topic=trading
2025-09-25 17:22:58,788 [INFO] root: [DRY] trading → #trading
2025-09-25 17:22:58,822 [INFO] root: Route: source=investfundsru → topic=trading
2025-09-25 17:22:58,822 [INFO] root: [DRY] trading → #trading
2025-09-25 17:22:58,855 [INFO] root: Route: source=investfundsru → topic=trading
2025-09-25 17:22:58,855 [INFO] root: [DRY] trading → #trading
2025-09-25 17:22:58,890 [INFO] root: Route: source=investfundsru → topic=trading
2025-09-25 17:22:58,890 [INFO] root: [DRY] trading → #trading
2025-09-25 17:22:58,924 [INFO] root: Route: source=radium_finance → topic=trading
2025-09-25 17:22:58,924 [INFO] root: [DRY] trading → #trading
2025-09-25 17:22:58,958 [INFO] root: Route: source=radium_finance → topic=trading
2025-09-25 17:22:58,958 [INFO] root: [DRY] trading → #trading
2025-09-25 17:22:58,991 [INFO] root: Route: source=radium_finance → topic=trading
2025-09-25 17:22:58,991 [INFO] root: [DRY] trading → #trading
2025-09-25 17:22:59,024 [INFO] root: Route: source=radium_finance → topic=trading
2025-09-25 17:22:59,024 [INFO] root: [DRY] trading → #trading
2025-09-25 17:22:59,057 [INFO] root: Route: source=radium_finance → topic=trading
2025-09-25 17:22:59,057 [INFO] root: [DRY] trading → #trading
2025-09-25 17:22:59,090 [INFO] root: Route: source=radium_finance → topic=trading
2025-09-25 17:22:59,091 [INFO] root: [DRY] trading → #trading
2025-09-25 17:22:59,125 [INFO] root: Route: source=radium_finance → topic=trading
2025-09-25 17:22:59,125 [INFO] root: [DRY] trading → #trading
2025-09-25 17:22:59,160 [INFO] root: Route: source=radium_finance → topic=trading
2025-09-25 17:22:59,160 [INFO] root: [DRY] trading → #trading
2025-09-25 17:22:59,194 [INFO] root: Route: source=radium_finance → topic=trading
2025-09-25 17:22:59,194 [INFO] root: [DRY] trading → #trading
2025-09-25 17:22:59,229 [INFO] root: Route: source=radium_finance → topic=trading
2025-09-25 17:22:59,229 [INFO] root: [DRY] trading → #trading
2025-09-25 17:22:59,263 [INFO] root: Route: source=radium_finance → topic=trading
2025-09-25 17:22:59,263 [INFO] root: [DRY] trading → #trading
2025-09-25 17:22:59,297 [INFO] root: Route: source=radium_finance → topic=trading
2025-09-25 17:22:59,297 [INFO] root: [DRY] trading → #trading
2025-09-25 17:22:59,331 [INFO] root: Route: source=radium_finance → topic=trading
2025-09-25 17:22:59,331 [INFO] root: [DRY] trading → #trading
2025-09-25 17:22:59,365 [INFO] root: Route: source=radium_finance → topic=trading
2025-09-25 17:22:59,365 [INFO] root: [DRY] trading → #trading
2025-09-25 17:22:59,399 [INFO] root: Route: source=radium_finance → topic=trading
2025-09-25 17:22:59,399 [INFO] root: [DRY] trading → #trading
2025-09-25 17:22:59,433 [INFO] root: Route: source=radium_finance → topic=trading
2025-09-25 17:22:59,433 [INFO] root: [DRY] trading → #trading
2025-09-25 17:22:59,467 [INFO] root: Route: source=radium_finance → topic=trading
2025-09-25 17:22:59,467 [INFO] root: [DRY] trading → #trading
2025-09-25 17:22:59,501 [INFO] root: Route: source=radium_finance → topic=trading
2025-09-25 17:22:59,501 [INFO] root: [DRY] trading → #trading
2025-09-25 17:22:59,535 [INFO] root: Route: source=radium_finance → topic=trading
2025-09-25 17:22:59,535 [INFO] root: [DRY] trading → #trading
2025-09-25 17:22:59,569 [INFO] root: Route: source=radium_finance → topic=trading
2025-09-25 17:22:59,569 [INFO] root: [DRY] trading → #trading
2025-09-25 17:22:59,604 [INFO] root: Route: source=radium_finance → topic=trading
2025-09-25 17:22:59,604 [INFO] root: [DRY] trading → #trading
2025-09-25 17:22:59,638 [INFO] root: Route: source=radium_finance → topic=trading
2025-09-25 17:22:59,638 [INFO] root: [DRY] trading → #trading
2025-09-25 17:22:59,673 [INFO] root: Route: source=radium_finance → topic=trading
2025-09-25 17:22:59,673 [INFO] root: [DRY] trading → #trading
2025-09-25 17:22:59,708 [INFO] root: Route: source=radium_finance → topic=trading
2025-09-25 17:22:59,708 [INFO] root: [DRY] trading → #trading
2025-09-25 17:22:59,747 [INFO] root: Route: source=radium_finance → topic=trading
2025-09-25 17:22:59,747 [INFO] root: [DRY] trading → #trading
2025-09-25 17:22:59,781 [INFO] root: Route: source=radium_finance → topic=trading
2025-09-25 17:22:59,781 [INFO] root: [DRY] trading → #trading
2025-09-25 17:22:59,815 [INFO] root: Route: source=radium_finance → topic=trading
2025-09-25 17:22:59,816 [INFO] root: [DRY] trading → #trading
2025-09-25 17:22:59,850 [INFO] root: Route: source=radium_finance → topic=trading
2025-09-25 17:22:59,850 [INFO] root: [DRY] trading → #trading
2025-09-25 17:22:59,885 [INFO] root: Route: source=radium_finance → topic=trading
2025-09-25 17:22:59,885 [INFO] root: [DRY] trading → #trading
2025-09-25 17:22:59,920 [INFO] root: Route: source=radium_finance → topic=trading
2025-09-25 17:22:59,920 [INFO] root: [DRY] trading → #trading
2025-09-25 17:22:59,954 [INFO] root: Route: source=alfabank → topic=trading
2025-09-25 17:22:59,954 [INFO] root: [DRY] trading → #trading
2025-09-25 17:22:59,989 [INFO] root: Route: source=alfabank → topic=trading
2025-09-25 17:22:59,989 [INFO] root: [DRY] trading → #trading
2025-09-25 17:23:00,025 [INFO] root: Route: source=alfabank → topic=trading
2025-09-25 17:23:00,025 [INFO] root: [DRY] trading → #trading
2025-09-25 17:23:00,060 [INFO] root: Route: source=alfabank → topic=trading
2025-09-25 17:23:00,060 [INFO] root: [DRY] trading → #trading
2025-09-25 17:23:00,095 [INFO] root: Route: source=alfabank → topic=trading
2025-09-25 17:23:00,095 [INFO] root: [DRY] trading → #trading
2025-09-25 17:23:00,130 [INFO] root: Route: source=alfabank → topic=trading
2025-09-25 17:23:00,130 [INFO] root: [DRY] trading → #trading
2025-09-25 17:23:00,164 [INFO] root: Route: source=alfabank → topic=trading
2025-09-25 17:23:00,165 [INFO] root: [DRY] trading → #trading
2025-09-25 17:23:00,199 [INFO] root: Route: source=alfabank → topic=trading
2025-09-25 17:23:00,199 [INFO] root: [DRY] trading → #trading
2025-09-25 17:23:00,199 [INFO] root: Duplicate skipped: 7514289dd0cf9dee8c50
2025-09-25 17:23:00,199 [INFO] root: Duplicate skipped: bc0263f8353019c1d72a
2025-09-25 17:23:00,235 [INFO] root: Route: source=alfabank → topic=trading
2025-09-25 17:23:00,235 [INFO] root: [DRY] trading → #trading
2025-09-25 17:23:00,270 [INFO] root: Route: source=alfabank → topic=trading
2025-09-25 17:23:00,270 [INFO] root: [DRY] trading → #trading
2025-09-25 17:23:00,305 [INFO] root: Route: source=alfabank → topic=trading
2025-09-25 17:23:00,305 [INFO] root: [DRY] trading → #trading
2025-09-25 17:23:00,340 [INFO] root: Route: source=rusetfs → topic=trading
2025-09-25 17:23:00,340 [INFO] root: [DRY] trading → #trading
2025-09-25 17:23:00,375 [INFO] root: Route: source=rusetfs → topic=trading
2025-09-25 17:23:00,375 [INFO] root: [DRY] trading → #trading
2025-09-25 17:23:00,409 [INFO] root: Route: source=rusetfs → topic=trading
2025-09-25 17:23:00,409 [INFO] root: [DRY] trading → #trading
2025-09-25 17:23:00,444 [INFO] root: Route: source=rusetfs → topic=trading
2025-09-25 17:23:00,444 [INFO] root: [DRY] trading → #trading
2025-09-25 17:23:00,479 [INFO] root: Route: source=rusetfs → topic=trading
2025-09-25 17:23:00,479 [INFO] root: [DRY] trading → #trading
2025-09-25 17:23:00,514 [INFO] root: Route: source=rusetfs → topic=trading
2025-09-25 17:23:00,514 [INFO] root: [DRY] trading → #trading
2025-09-25 17:23:00,549 [INFO] root: Route: source=rusetfs → topic=trading
2025-09-25 17:23:00,549 [INFO] root: [DRY] trading → #trading
2025-09-25 17:23:00,584 [INFO] root: Route: source=rusetfs → topic=trading
2025-09-25 17:23:00,584 [INFO] root: [DRY] trading → #trading
2025-09-25 17:23:00,620 [INFO] root: Route: source=rusetfs → topic=trading
2025-09-25 17:23:00,620 [INFO] root: [DRY] trading → #trading
2025-09-25 17:23:00,655 [INFO] root: Route: source=rusetfs → topic=trading
2025-09-25 17:23:00,655 [INFO] root: [DRY] trading → #trading
2025-09-25 17:23:00,690 [INFO] root: Route: source=rusetfs → topic=trading
2025-09-25 17:23:00,690 [INFO] root: [DRY] trading → #trading
2025-09-25 17:23:00,726 [INFO] root: Route: source=rusetfs → topic=trading
2025-09-25 17:23:00,726 [INFO] root: [DRY] trading → #trading
2025-09-25 17:23:00,761 [INFO] root: Route: source=rusetfs → topic=trading
2025-09-25 17:23:00,761 [INFO] root: [DRY] trading → #trading
2025-09-25 17:23:00,796 [INFO] root: Route: source=rusetfs → topic=trading
2025-09-25 17:23:00,796 [INFO] root: [DRY] trading → #trading
2025-09-25 17:23:00,831 [INFO] root: Route: source=rusetfs → topic=trading
2025-09-25 17:23:00,831 [INFO] root: [DRY] trading → #trading
2025-09-25 17:23:00,866 [INFO] root: Route: source=rusetfs → topic=trading
2025-09-25 17:23:00,866 [INFO] root: [DRY] trading → #trading
2025-09-25 17:23:00,901 [INFO] root: Route: source=rusetfs → topic=trading
2025-09-25 17:23:00,901 [INFO] root: [DRY] trading → #trading
2025-09-25 17:23:00,936 [INFO] root: Route: source=rusetfs → topic=trading
2025-09-25 17:23:00,936 [INFO] root: [DRY] trading → #trading
2025-09-25 17:23:00,970 [INFO] root: Route: source=rusetfs → topic=trading
2025-09-25 17:23:00,970 [INFO] root: [DRY] trading → #trading
2025-09-25 17:23:01,005 [INFO] root: Route: source=rusetfs → topic=trading
2025-09-25 17:23:01,005 [INFO] root: [DRY] trading → #trading
2025-09-25 17:23:01,039 [INFO] root: Route: source=rusetfs → topic=trading
2025-09-25 17:23:01,039 [INFO] root: [DRY] trading → #trading
2025-09-25 17:23:01,073 [INFO] root: Route: source=rusetfs → topic=trading
2025-09-25 17:23:01,073 [INFO] root: [DRY] trading → #trading
2025-09-25 17:23:01,107 [INFO] root: Route: source=rusetfs → topic=trading
2025-09-25 17:23:01,107 [INFO] root: [DRY] trading → #trading
2025-09-25 17:23:01,142 [INFO] root: Route: source=rusetfs → topic=trading
2025-09-25 17:23:01,142 [INFO] root: [DRY] trading → #trading
2025-09-25 17:23:01,176 [INFO] root: Route: source=rusetfs → topic=trading
2025-09-25 17:23:01,176 [INFO] root: [DRY] trading → #trading
2025-09-25 17:23:01,212 [INFO] root: Route: source=rusetfs → topic=trading
2025-09-25 17:23:01,212 [INFO] root: [DRY] trading → #trading
2025-09-25 17:23:01,248 [INFO] root: Route: source=rusetfs → topic=trading
2025-09-25 17:23:01,248 [INFO] root: [DRY] trading → #trading
2025-09-25 17:23:01,284 [INFO] root: Route: source=rusetfs → topic=trading
2025-09-25 17:23:01,284 [INFO] root: [DRY] trading → #trading
2025-09-25 17:23:01,319 [INFO] root: Route: source=rusetfs → topic=trading
2025-09-25 17:23:01,319 [INFO] root: [DRY] trading → #trading
2025-09-25 17:23:01,355 [INFO] root: Route: source=rusetfs → topic=trading
2025-09-25 17:23:01,355 [INFO] root: [DRY] trading → #trading
2025-09-25 17:23:01,390 [INFO] root: Route: source=rusetfs → topic=trading
2025-09-25 17:23:01,390 [INFO] root: [DRY] trading → #trading
2025-09-25 17:23:01,426 [INFO] root: Route: source=rusetfs → topic=trading
2025-09-25 17:23:01,426 [INFO] root: [DRY] trading → #trading
2025-09-25 17:23:01,461 [INFO] root: Route: source=rusetfs → topic=trading
2025-09-25 17:23:01,462 [INFO] root: [DRY] trading → #trading
2025-09-25 17:23:01,497 [INFO] root: Route: source=rusetfs → topic=trading
2025-09-25 17:23:01,497 [INFO] root: [DRY] trading → #trading
2025-09-25 17:23:01,531 [INFO] root: Route: source=rusetfs → topic=trading
2025-09-25 17:23:01,531 [INFO] root: [DRY] trading → #trading
2025-09-25 17:23:01,566 [INFO] root: Route: source=rusetfs → topic=trading
2025-09-25 17:23:01,566 [INFO] root: [DRY] trading → #trading
2025-09-25 17:23:01,600 [INFO] root: Route: source=rusetfs → topic=trading
2025-09-25 17:23:01,600 [INFO] root: [DRY] trading → #trading
2025-09-25 17:23:01,634 [INFO] root: Route: source=rusetfs → topic=trading
2025-09-25 17:23:01,634 [INFO] root: [DRY] trading → #trading
2025-09-25 17:23:01,669 [INFO] root: Route: source=rusetfs → topic=trading
2025-09-25 17:23:01,669 [INFO] root: [DRY] trading → #trading
2025-09-25 17:23:01,703 [INFO] root: Route: source=rusetfs → topic=trading
2025-09-25 17:23:01,703 [INFO] root: [DRY] trading → #trading
2025-09-25 17:23:01,738 [INFO] root: Route: source=rusetfs → topic=trading
2025-09-25 17:23:01,738 [INFO] root: [DRY] trading → #trading
2025-09-25 17:23:01,773 [INFO] root: Route: source=rusetfs → topic=trading
2025-09-25 17:23:01,773 [INFO] root: [DRY] trading → #trading
2025-09-25 17:23:01,808 [INFO] root: Route: source=rusetfs → topic=trading
2025-09-25 17:23:01,808 [INFO] root: [DRY] trading → #trading
2025-09-25 17:23:01,844 [INFO] root: Route: source=rusetfs → topic=trading
2025-09-25 17:23:01,844 [INFO] root: [DRY] trading → #trading
2025-09-25 17:23:01,879 [INFO] root: Route: source=rusetfs → topic=trading
2025-09-25 17:23:01,880 [INFO] root: [DRY] trading → #trading
2025-09-25 17:23:01,915 [INFO] root: Route: source=rusetfs → topic=trading
2025-09-25 17:23:01,915 [INFO] root: [DRY] trading → #trading
2025-09-25 17:23:01,950 [INFO] root: Route: source=rusetfs → topic=trading
2025-09-25 17:23:01,950 [INFO] root: [DRY] trading → #trading
2025-09-25 17:23:01,984 [INFO] root: Route: source=rusetfs → topic=trading
2025-09-25 17:23:01,984 [INFO] root: [DRY] trading → #trading
2025-09-25 17:23:02,019 [INFO] root: Route: source=rusetfs → topic=trading
2025-09-25 17:23:02,019 [INFO] root: [DRY] trading → #trading
2025-09-25 17:23:02,019 [INFO] root: Route: source=hranidengi → topic=pf
2025-09-25 17:23:02,020 [INFO] root: [DRY] pf → #pf
2025-09-25 17:23:02,020 [INFO] root: Route: source=hranidengi → topic=pf
2025-09-25 17:23:02,020 [INFO] root: [DRY] pf → #pf
2025-09-25 17:23:02,021 [INFO] root: Route: source=hranidengi → topic=pf
2025-09-25 17:23:02,021 [INFO] root: [DRY] pf → #pf
2025-09-25 17:23:02,022 [INFO] root: Route: source=hranidengi → topic=pf
2025-09-25 17:23:02,022 [INFO] root: [DRY] pf → #pf
2025-09-25 17:23:02,023 [INFO] root: Route: source=hranidengi → topic=pf
2025-09-25 17:23:02,023 [INFO] root: [DRY] pf → #pf
2025-09-25 17:23:02,023 [INFO] root: Route: source=hranidengi → topic=pf
2025-09-25 17:23:02,024 [INFO] root: [DRY] pf → #pf
2025-09-25 17:23:02,024 [INFO] root: Route: source=hranidengi → topic=pf
2025-09-25 17:23:02,024 [INFO] root: [DRY] pf → #pf
2025-09-25 17:23:02,025 [INFO] root: Route: source=hranidengi → topic=pf
2025-09-25 17:23:02,025 [INFO] root: [DRY] pf → #pf
2025-09-25 17:23:02,026 [INFO] root: Route: source=hranidengi → topic=pf
2025-09-25 17:23:02,026 [INFO] root: [DRY] pf → #pf
2025-09-25 17:23:02,027 [INFO] root: Route: source=hranidengi → topic=pf
2025-09-25 17:23:02,027 [INFO] root: [DRY] pf → #pf
2025-09-25 17:23:02,027 [INFO] root: Route: source=hranidengi → topic=pf
2025-09-25 17:23:02,027 [INFO] root: [DRY] pf → #pf
2025-09-25 17:23:02,028 [INFO] root: Route: source=hranidengi → topic=pf
2025-09-25 17:23:02,028 [INFO] root: [DRY] pf → #pf
2025-09-25 17:23:02,029 [INFO] root: Route: source=hranidengi → topic=pf
2025-09-25 17:23:02,029 [INFO] root: [DRY] pf → #pf
2025-09-25 17:23:02,030 [INFO] root: Route: source=hranidengi → topic=pf
2025-09-25 17:23:02,030 [INFO] root: [DRY] pf → #pf
2025-09-25 17:23:02,031 [INFO] root: Route: source=hranidengi → topic=pf
2025-09-25 17:23:02,031 [INFO] root: [DRY] pf → #pf
2025-09-25 17:23:02,031 [INFO] root: Route: source=hranidengi → topic=pf
2025-09-25 17:23:02,031 [INFO] root: [DRY] pf → #pf
2025-09-25 17:23:02,032 [INFO] root: Route: source=hranidengi → topic=pf
2025-09-25 17:23:02,032 [INFO] root: [DRY] pf → #pf
2025-09-25 17:23:02,033 [INFO] root: Route: source=hranidengi → topic=pf
2025-09-25 17:23:02,033 [INFO] root: [DRY] pf → #pf
2025-09-25 17:23:02,034 [INFO] root: Route: source=hranidengi → topic=pf
2025-09-25 17:23:02,034 [INFO] root: [DRY] pf → #pf
2025-09-25 17:23:02,034 [INFO] root: Route: source=hranidengi → topic=pf
2025-09-25 17:23:02,034 [INFO] root: [DRY] pf → #pf
2025-09-25 17:23:02,035 [INFO] root: Route: source=hranidengi → topic=pf
2025-09-25 17:23:02,035 [INFO] root: [DRY] pf → #pf
2025-09-25 17:23:02,036 [INFO] root: Route: source=hranidengi → topic=pf
2025-09-25 17:23:02,036 [INFO] root: [DRY] pf → #pf
2025-09-25 17:23:02,037 [INFO] root: Route: source=hranidengi → topic=pf
2025-09-25 17:23:02,037 [INFO] root: [DRY] pf → #pf
2025-09-25 17:23:02,038 [INFO] root: Route: source=hranidengi → topic=pf
2025-09-25 17:23:02,038 [INFO] root: [DRY] pf → #pf
2025-09-25 17:23:02,038 [INFO] root: Route: source=hranidengi → topic=pf
2025-09-25 17:23:02,038 [INFO] root: [DRY] pf → #pf
2025-09-25 17:23:02,039 [INFO] root: Route: source=hranidengi → topic=pf
2025-09-25 17:23:02,039 [INFO] root: [DRY] pf → #pf
2025-09-25 17:23:02,040 [INFO] root: Route: source=hranidengi → topic=pf
2025-09-25 17:23:02,040 [INFO] root: [DRY] pf → #pf
2025-09-25 17:23:02,041 [INFO] root: Route: source=hranidengi → topic=pf
2025-09-25 17:23:02,041 [INFO] root: [DRY] pf → #pf
2025-09-25 17:23:02,041 [INFO] root: Route: source=hranidengi → topic=pf
2025-09-25 17:23:02,041 [INFO] root: [DRY] pf → #pf
2025-09-25 17:23:02,042 [INFO] root: Route: source=hranidengi → topic=pf
2025-09-25 17:23:02,042 [INFO] root: [DRY] pf → #pf
2025-09-25 17:23:02,043 [INFO] root: Route: source=hranidengi → topic=pf
2025-09-25 17:23:02,043 [INFO] root: [DRY] pf → #pf
2025-09-25 17:23:02,044 [INFO] root: Route: source=hranidengi → topic=pf
2025-09-25 17:23:02,044 [INFO] root: [DRY] pf → #pf
2025-09-25 17:23:02,044 [INFO] root: Route: source=hranidengi → topic=pf
2025-09-25 17:23:02,045 [INFO] root: [DRY] pf → #pf
2025-09-25 17:23:02,045 [INFO] root: Route: source=hranidengi → topic=pf
2025-09-25 17:23:02,045 [INFO] root: [DRY] pf → #pf
2025-09-25 17:23:02,046 [INFO] root: Route: source=hranidengi → topic=pf
2025-09-25 17:23:02,046 [INFO] root: [DRY] pf → #pf
2025-09-25 17:23:02,047 [INFO] root: Route: source=hranidengi → topic=pf
2025-09-25 17:23:02,047 [INFO] root: [DRY] pf → #pf
2025-09-25 17:23:02,048 [INFO] root: Route: source=hranidengi → topic=pf
2025-09-25 17:23:02,048 [INFO] root: [DRY] pf → #pf
2025-09-25 17:23:02,048 [INFO] root: Route: source=hranidengi → topic=pf
2025-09-25 17:23:02,048 [INFO] root: [DRY] pf → #pf
2025-09-25 17:23:02,049 [INFO] root: Route: source=hranidengi → topic=pf
2025-09-25 17:23:02,049 [INFO] root: [DRY] pf → #pf
2025-09-25 17:23:02,050 [INFO] root: Route: source=hranidengi → topic=pf
2025-09-25 17:23:02,050 [INFO] root: [DRY] pf → #pf
2025-09-25 17:23:02,051 [INFO] root: Route: source=hranidengi → topic=pf
2025-09-25 17:23:02,051 [INFO] root: [DRY] pf → #pf
2025-09-25 17:23:02,085 [INFO] root: Route: source=blogbankir → topic=pf
2025-09-25 17:23:02,085 [INFO] root: [DRY] pf → #pf
2025-09-25 17:23:02,120 [INFO] root: Route: source=blogbankir → topic=pf
2025-09-25 17:23:02,120 [INFO] root: [DRY] pf → #pf
2025-09-25 17:23:02,155 [INFO] root: Route: source=blogbankir → topic=pf
2025-09-25 17:23:02,155 [INFO] root: [DRY] pf → #pf
2025-09-25 17:23:02,190 [INFO] root: Route: source=blogbankir → topic=pf
2025-09-25 17:23:02,190 [INFO] root: [DRY] pf → #pf
2025-09-25 17:23:02,227 [INFO] root: Route: source=blogbankir → topic=pf
2025-09-25 17:23:02,227 [INFO] root: [DRY] pf → #pf
2025-09-25 17:23:02,264 [INFO] root: Route: source=blogbankir → topic=pf
2025-09-25 17:23:02,264 [INFO] root: [DRY] pf → #pf
2025-09-25 17:23:02,301 [INFO] root: Route: source=blogbankir → topic=pf
2025-09-25 17:23:02,301 [INFO] root: [DRY] pf → #pf
2025-09-25 17:23:02,338 [INFO] root: Route: source=blogbankir → topic=pf
2025-09-25 17:23:02,338 [INFO] root: [DRY] pf → #pf
2025-09-25 17:23:02,374 [INFO] root: Route: source=blogbankir → topic=pf
2025-09-25 17:23:02,374 [INFO] root: [DRY] pf → #pf
2025-09-25 17:23:02,410 [INFO] root: Route: source=blogbankir → topic=pf
2025-09-25 17:23:02,410 [INFO] root: [DRY] pf → #pf
2025-09-25 17:23:02,446 [INFO] root: Route: source=blogbankir → topic=pf
2025-09-25 17:23:02,446 [INFO] root: [DRY] pf → #pf
2025-09-25 17:23:02,482 [INFO] root: Route: source=blogbankir → topic=pf
2025-09-25 17:23:02,482 [INFO] root: [DRY] pf → #pf
2025-09-25 17:23:02,519 [INFO] root: Route: source=blogbankir → topic=pf
2025-09-25 17:23:02,519 [INFO] root: [DRY] pf → #pf
2025-09-25 17:23:02,556 [INFO] root: Route: source=blogbankir → topic=pf
2025-09-25 17:23:02,556 [INFO] root: [DRY] pf → #pf
2025-09-25 17:23:02,594 [INFO] root: Route: source=blogbankir → topic=pf
2025-09-25 17:23:02,594 [INFO] root: [DRY] pf → #pf
2025-09-25 17:23:02,631 [INFO] root: Route: source=blogbankir → topic=pf
2025-09-25 17:23:02,631 [INFO] root: [DRY] pf → #pf
2025-09-25 17:23:02,668 [INFO] root: Route: source=blogbankir → topic=pf
2025-09-25 17:23:02,668 [INFO] root: [DRY] pf → #pf
2025-09-25 17:23:02,704 [INFO] root: Route: source=blogbankir → topic=pf
2025-09-25 17:23:02,704 [INFO] root: [DRY] pf → #pf
2025-09-25 17:23:02,740 [INFO] root: Route: source=blogbankir → topic=pf
2025-09-25 17:23:02,740 [INFO] root: [DRY] pf → #pf
2025-09-25 17:23:02,776 [INFO] root: Route: source=blogbankir → topic=pf
2025-09-25 17:23:02,776 [INFO] root: [DRY] pf → #pf
2025-09-25 17:23:02,813 [INFO] root: Route: source=blogbankir → topic=pf
2025-09-25 17:23:02,813 [INFO] root: [DRY] pf → #pf
2025-09-25 17:23:02,850 [INFO] root: Route: source=blogbankir → topic=pf
2025-09-25 17:23:02,850 [INFO] root: [DRY] pf → #pf
2025-09-25 17:23:02,888 [INFO] root: Route: source=blogbankir → topic=pf
2025-09-25 17:23:02,888 [INFO] root: [DRY] pf → #pf
2025-09-25 17:23:02,925 [INFO] root: Route: source=blogbankir → topic=pf
2025-09-25 17:23:02,925 [INFO] root: [DRY] pf → #pf
2025-09-25 17:23:02,963 [INFO] root: Route: source=blogbankir → topic=pf
2025-09-25 17:23:02,963 [INFO] root: [DRY] pf → #pf
2025-09-25 17:23:03,001 [INFO] root: Route: source=blogbankir → topic=pf
2025-09-25 17:23:03,001 [INFO] root: [DRY] pf → #pf
2025-09-25 17:23:03,038 [INFO] root: Route: source=blogbankir → topic=pf
2025-09-25 17:23:03,038 [INFO] root: [DRY] pf → #pf
2025-09-25 17:23:03,082 [INFO] root: Route: source=blogbankir → topic=pf
2025-09-25 17:23:03,082 [INFO] root: [DRY] pf → #pf
2025-09-25 17:23:03,119 [INFO] root: Route: source=blogbankir → topic=pf
2025-09-25 17:23:03,119 [INFO] root: [DRY] pf → #pf
2025-09-25 17:23:03,156 [INFO] root: Route: source=blogbankir → topic=pf
2025-09-25 17:23:03,156 [INFO] root: [DRY] pf → #pf
2025-09-25 17:23:03,192 [INFO] root: Route: source=blogbankir → topic=pf
2025-09-25 17:23:03,192 [INFO] root: [DRY] pf → #pf
2025-09-25 17:23:03,235 [INFO] root: Route: source=blogbankir → topic=pf
2025-09-25 17:23:03,235 [INFO] root: [DRY] pf → #pf
2025-09-25 17:23:03,276 [INFO] root: Route: source=blogbankir → topic=pf
2025-09-25 17:23:03,276 [INFO] root: [DRY] pf → #pf
2025-09-25 17:23:03,315 [INFO] root: Route: source=blogbankir → topic=pf
2025-09-25 17:23:03,315 [INFO] root: [DRY] pf → #pf
2025-09-25 17:23:03,354 [INFO] root: Route: source=blogbankir → topic=pf
2025-09-25 17:23:03,354 [INFO] root: [DRY] pf → #pf
2025-09-25 17:23:03,394 [INFO] root: Route: source=blogbankir → topic=pf
2025-09-25 17:23:03,394 [INFO] root: [DRY] pf → #pf
2025-09-25 17:23:03,434 [INFO] root: Route: source=blogbankir → topic=pf
2025-09-25 17:23:03,434 [INFO] root: [DRY] pf → #pf
2025-09-25 17:23:03,479 [INFO] root: Route: source=blogbankir → topic=pf
2025-09-25 17:23:03,479 [INFO] root: [DRY] pf → #pf
2025-09-25 17:23:03,520 [INFO] root: Route: source=blogbankir → topic=pf
2025-09-25 17:23:03,520 [INFO] root: [DRY] pf → #pf
2025-09-25 17:23:03,565 [INFO] root: Route: source=blogbankir → topic=pf
2025-09-25 17:23:03,565 [INFO] root: [DRY] pf → #pf
2025-09-25 17:23:03,607 [INFO] root: Route: source=blogbankir → topic=pf
2025-09-25 17:23:03,607 [INFO] root: [DRY] pf → #pf
2025-09-25 17:23:03,649 [INFO] root: Route: source=blogbankir → topic=pf
2025-09-25 17:23:03,649 [INFO] root: [DRY] pf → #pf
2025-09-25 17:23:03,687 [INFO] root: Route: source=blogbankir → topic=pf
2025-09-25 17:23:03,687 [INFO] root: [DRY] pf → #pf
2025-09-25 17:23:03,726 [INFO] root: Route: source=blogbankir → topic=pf
2025-09-25 17:23:03,726 [INFO] root: [DRY] pf → #pf
2025-09-25 17:23:03,767 [INFO] root: Route: source=blogbankir → topic=pf
2025-09-25 17:23:03,767 [INFO] root: [DRY] pf → #pf
2025-09-25 17:23:03,813 [INFO] root: Route: source=blogbankir → topic=pf
2025-09-25 17:23:03,813 [INFO] root: [DRY] pf → #pf
2025-09-25 17:23:03,854 [INFO] root: Route: source=finkod_vtb → topic=pf
2025-09-25 17:23:03,854 [INFO] root: [DRY] pf → #pf
2025-09-25 17:23:03,893 [INFO] root: Route: source=finkod_vtb → topic=pf
2025-09-25 17:23:03,893 [INFO] root: [DRY] pf → #pf
2025-09-25 17:23:03,932 [INFO] root: Route: source=finkod_vtb → topic=pf
2025-09-25 17:23:03,932 [INFO] root: [DRY] pf → #pf
2025-09-25 17:23:03,971 [INFO] root: Route: source=finkod_vtb → topic=pf
2025-09-25 17:23:03,971 [INFO] root: [DRY] pf → #pf
2025-09-25 17:23:04,010 [INFO] root: Route: source=finkod_vtb → topic=pf
2025-09-25 17:23:04,010 [INFO] root: [DRY] pf → #pf
2025-09-25 17:23:04,049 [INFO] root: Route: source=finkod_vtb → topic=pf
2025-09-25 17:23:04,049 [INFO] root: [DRY] pf → #pf
2025-09-25 17:23:04,088 [INFO] root: Route: source=finkod_vtb → topic=pf
2025-09-25 17:23:04,088 [INFO] root: [DRY] pf → #pf
2025-09-25 17:23:04,128 [INFO] root: Route: source=finkod_vtb → topic=pf
2025-09-25 17:23:04,128 [INFO] root: [DRY] pf → #pf
2025-09-25 17:23:04,167 [INFO] root: Route: source=finkod_vtb → topic=pf
2025-09-25 17:23:04,167 [INFO] root: [DRY] pf → #pf
2025-09-25 17:23:04,206 [INFO] root: Route: source=finkod_vtb → topic=pf
2025-09-25 17:23:04,206 [INFO] root: [DRY] pf → #pf
2025-09-25 17:23:04,245 [INFO] root: Route: source=finkod_vtb → topic=pf
2025-09-25 17:23:04,245 [INFO] root: [DRY] pf → #pf
2025-09-25 17:23:04,284 [INFO] root: Route: source=finkod_vtb → topic=pf
2025-09-25 17:23:04,284 [INFO] root: [DRY] pf → #pf
2025-09-25 17:23:04,323 [INFO] root: Route: source=finkod_vtb → topic=pf
2025-09-25 17:23:04,323 [INFO] root: [DRY] pf → #pf
2025-09-25 17:23:04,362 [INFO] root: Route: source=finkod_vtb → topic=pf
2025-09-25 17:23:04,362 [INFO] root: [DRY] pf → #pf
2025-09-25 17:23:04,400 [INFO] root: Route: source=finkod_vtb → topic=pf
2025-09-25 17:23:04,400 [INFO] root: [DRY] pf → #pf
2025-09-25 17:23:04,438 [INFO] root: Route: source=finkod_vtb → topic=pf
2025-09-25 17:23:04,438 [INFO] root: [DRY] pf → #pf
2025-09-25 17:23:04,476 [INFO] root: Route: source=finkod_vtb → topic=pf
2025-09-25 17:23:04,477 [INFO] root: [DRY] pf → #pf
2025-09-25 17:23:04,515 [INFO] root: Route: source=finkod_vtb → topic=pf
2025-09-25 17:23:04,515 [INFO] root: [DRY] pf → #pf
2025-09-25 17:23:04,555 [INFO] root: Route: source=finkod_vtb → topic=pf
2025-09-25 17:23:04,555 [INFO] root: [DRY] pf → #pf
2025-09-25 17:23:04,593 [INFO] root: Route: source=finkod_vtb → topic=pf
2025-09-25 17:23:04,594 [INFO] root: [DRY] pf → #pf
2025-09-25 17:23:04,632 [INFO] root: Route: source=finkod_vtb → topic=pf
2025-09-25 17:23:04,632 [INFO] root: [DRY] pf → #pf
2025-09-25 17:23:04,670 [INFO] root: Route: source=finkod_vtb → topic=pf
2025-09-25 17:23:04,670 [INFO] root: [DRY] pf → #pf
2025-09-25 17:23:04,708 [INFO] root: Route: source=finkod_vtb → topic=pf
2025-09-25 17:23:04,708 [INFO] root: [DRY] pf → #pf
2025-09-25 17:23:04,745 [INFO] root: Route: source=sberbank → topic=pf
2025-09-25 17:23:04,745 [INFO] root: [DRY] pf → #pf
2025-09-25 17:23:04,782 [INFO] root: Route: source=sberbank → topic=pf
2025-09-25 17:23:04,782 [INFO] root: [DRY] pf → #pf
2025-09-25 17:23:04,819 [INFO] root: Route: source=sberbank → topic=pf
2025-09-25 17:23:04,819 [INFO] root: [DRY] pf → #pf
2025-09-25 17:23:04,856 [INFO] root: Route: source=sberbank → topic=pf
2025-09-25 17:23:04,856 [INFO] root: [DRY] pf → #pf
2025-09-25 17:23:04,894 [INFO] root: Route: source=sberbank → topic=pf
2025-09-25 17:23:04,894 [INFO] root: [DRY] pf → #pf
2025-09-25 17:23:04,932 [INFO] root: Route: source=sberbank → topic=pf
2025-09-25 17:23:04,932 [INFO] root: [DRY] pf → #pf
2025-09-25 17:23:04,971 [INFO] root: Route: source=sberbank → topic=pf
2025-09-25 17:23:04,971 [INFO] root: [DRY] pf → #pf
2025-09-25 17:23:05,009 [INFO] root: Route: source=sberbank → topic=pf
2025-09-25 17:23:05,009 [INFO] root: [DRY] pf → #pf
2025-09-25 17:23:05,049 [INFO] root: Route: source=sberbank → topic=pf
2025-09-25 17:23:05,049 [INFO] root: [DRY] pf → #pf
2025-09-25 17:23:05,087 [INFO] root: Route: source=sberbank → topic=pf
2025-09-25 17:23:05,087 [INFO] root: [DRY] pf → #pf
2025-09-25 17:23:05,125 [INFO] root: Route: source=sberbank → topic=pf
2025-09-25 17:23:05,125 [INFO] root: [DRY] pf → #pf
2025-09-25 17:23:05,162 [INFO] root: Route: source=sberbank → topic=pf
2025-09-25 17:23:05,163 [INFO] root: [DRY] pf → #pf
2025-09-25 17:23:05,200 [INFO] root: Route: source=sberbank → topic=pf
2025-09-25 17:23:05,200 [INFO] root: [DRY] pf → #pf
2025-09-25 17:23:05,238 [INFO] root: Route: source=sberbank → topic=pf
2025-09-25 17:23:05,238 [INFO] root: [DRY] pf → #pf
2025-09-25 17:23:05,276 [INFO] root: Route: source=sberbank → topic=pf
2025-09-25 17:23:05,276 [INFO] root: [DRY] pf → #pf
2025-09-25 17:23:05,339 [INFO] root: Route: source=sberbank → topic=pf
2025-09-25 17:23:05,340 [INFO] root: [DRY] pf → #pf
2025-09-25 17:23:05,452 [INFO] root: Route: source=sberbank → topic=pf
2025-09-25 17:23:05,452 [INFO] root: [DRY] pf → #pf
2025-09-25 17:23:05,498 [INFO] root: Route: source=sberbank → topic=pf
2025-09-25 17:23:05,499 [INFO] root: [DRY] pf → #pf
2025-09-25 17:23:05,561 [INFO] root: Route: source=sberbank → topic=pf
2025-09-25 17:23:05,561 [INFO] root: [DRY] pf → #pf
2025-09-25 17:23:05,603 [INFO] root: Route: source=sberbank → topic=pf
2025-09-25 17:23:05,604 [INFO] root: [DRY] pf → #pf
2025-09-25 17:23:05,645 [INFO] root: Route: source=sberbank → topic=pf
2025-09-25 17:23:05,645 [INFO] root: [DRY] pf → #pf
2025-09-25 17:23:05,686 [INFO] root: Route: source=sberbank → topic=pf
2025-09-25 17:23:05,686 [INFO] root: [DRY] pf → #pf
2025-09-25 17:23:05,726 [INFO] root: Route: source=sberbank → topic=pf
2025-09-25 17:23:05,726 [INFO] root: [DRY] pf → #pf
2025-09-25 17:23:05,768 [INFO] root: Route: source=sberbank → topic=pf
2025-09-25 17:23:05,768 [INFO] root: [DRY] pf → #pf
2025-09-25 17:23:05,809 [INFO] root: Route: source=sberbank → topic=pf
2025-09-25 17:23:05,809 [INFO] root: [DRY] pf → #pf
2025-09-25 17:23:05,853 [INFO] root: Route: source=1002489170 → topic=politics
2025-09-25 17:23:05,853 [INFO] root: [DRY] politics → #politics
2025-09-25 17:23:05,898 [INFO] root: Route: source=1002489170 → topic=politics
2025-09-25 17:23:05,898 [INFO] root: [DRY] politics → #politics
2025-09-25 17:23:05,942 [INFO] root: Route: source=1002489170 → topic=politics
2025-09-25 17:23:05,942 [INFO] root: [DRY] politics → #politics
2025-09-25 17:23:05,990 [INFO] root: Route: source=1002489170 → topic=politics
2025-09-25 17:23:05,990 [INFO] root: [DRY] politics → #politics
2025-09-25 17:23:06,031 [INFO] root: Route: source=1002489170 → topic=politics
2025-09-25 17:23:06,031 [INFO] root: [DRY] politics → #politics
2025-09-25 17:23:06,072 [INFO] root: Route: source=1002489170 → topic=politics
2025-09-25 17:23:06,072 [INFO] root: [DRY] politics → #politics
2025-09-25 17:23:06,115 [INFO] root: Route: source=1002489170 → topic=politics
2025-09-25 17:23:06,115 [INFO] root: [DRY] politics → #politics
2025-09-25 17:23:06,156 [INFO] root: Route: source=1002489170 → topic=politics
2025-09-25 17:23:06,156 [INFO] root: [DRY] politics → #politics
2025-09-25 17:23:06,197 [INFO] root: Route: source=1002489170 → topic=politics
2025-09-25 17:23:06,197 [INFO] root: [DRY] politics → #politics
2025-09-25 17:23:06,238 [INFO] root: Route: source=1002489170 → topic=politics
2025-09-25 17:23:06,238 [INFO] root: [DRY] politics → #politics
2025-09-25 17:23:06,279 [INFO] root: Route: source=1002489170 → topic=politics
2025-09-25 17:23:06,279 [INFO] root: [DRY] politics → #politics
2025-09-25 17:23:06,319 [INFO] root: Route: source=1002489170 → topic=politics
2025-09-25 17:23:06,320 [INFO] root: [DRY] politics → #politics
2025-09-25 17:23:06,360 [INFO] root: Route: source=1002489170 → topic=politics
2025-09-25 17:23:06,360 [INFO] root: [DRY] politics → #politics
2025-09-25 17:23:06,400 [INFO] root: Route: source=1002489170 → topic=politics
2025-09-25 17:23:06,400 [INFO] root: [DRY] politics → #politics
2025-09-25 17:23:06,440 [INFO] root: Route: source=1002489170 → topic=politics
2025-09-25 17:23:06,440 [INFO] root: [DRY] politics → #politics
2025-09-25 17:23:06,480 [INFO] root: Route: source=1002489170 → topic=politics
2025-09-25 17:23:06,480 [INFO] root: [DRY] politics → #politics
2025-09-25 17:23:06,521 [INFO] root: Route: source=1002489170 → topic=politics
2025-09-25 17:23:06,521 [INFO] root: [DRY] politics → #politics
2025-09-25 17:23:06,562 [INFO] root: Route: source=1002489170 → topic=politics
2025-09-25 17:23:06,562 [INFO] root: [DRY] politics → #politics
2025-09-25 17:23:06,602 [INFO] root: Route: source=1002489170 → topic=politics
2025-09-25 17:23:06,602 [INFO] root: [DRY] politics → #politics
2025-09-25 17:23:06,641 [INFO] root: Route: source=1002489170 → topic=politics
2025-09-25 17:23:06,641 [INFO] root: [DRY] politics → #politics
2025-09-25 17:23:06,680 [INFO] root: Route: source=1002489170 → topic=politics
2025-09-25 17:23:06,681 [INFO] root: [DRY] politics → #politics
2025-09-25 17:23:06,681 [INFO] root: Route: source=seclabnews → topic=infosec
2025-09-25 17:23:06,681 [INFO] root: [DRY] infosec → #infosec
2025-09-25 17:23:06,682 [INFO] root: Route: source=seclabnews → topic=infosec
2025-09-25 17:23:06,682 [INFO] root: [DRY] infosec → #infosec
2025-09-25 17:23:06,683 [INFO] root: Route: source=seclabnews → topic=infosec
2025-09-25 17:23:06,683 [INFO] root: [DRY] infosec → #infosec
2025-09-25 17:23:06,684 [INFO] root: Route: source=seclabnews → topic=infosec
2025-09-25 17:23:06,684 [INFO] root: [DRY] infosec → #infosec
2025-09-25 17:23:06,685 [INFO] root: Route: source=seclabnews → topic=infosec
2025-09-25 17:23:06,685 [INFO] root: [DRY] infosec → #infosec
2025-09-25 17:23:06,686 [INFO] root: Route: source=seclabnews → topic=infosec
2025-09-25 17:23:06,686 [INFO] root: [DRY] infosec → #infosec
2025-09-25 17:23:06,687 [INFO] root: Route: source=seclabnews → topic=infosec
2025-09-25 17:23:06,687 [INFO] root: [DRY] infosec → #infosec
2025-09-25 17:23:06,688 [INFO] root: Route: source=seclabnews → topic=infosec
2025-09-25 17:23:06,688 [INFO] root: [DRY] infosec → #infosec
2025-09-25 17:23:06,689 [INFO] root: Route: source=seclabnews → topic=infosec
2025-09-25 17:23:06,689 [INFO] root: [DRY] infosec → #infosec
2025-09-25 17:23:06,690 [INFO] root: Route: source=seclabnews → topic=infosec
2025-09-25 17:23:06,690 [INFO] root: [DRY] infosec → #infosec
2025-09-25 17:23:06,691 [INFO] root: Route: source=seclabnews → topic=infosec
2025-09-25 17:23:06,691 [INFO] root: [DRY] infosec → #infosec
2025-09-25 17:23:06,692 [INFO] root: Route: source=seclabnews → topic=infosec
2025-09-25 17:23:06,692 [INFO] root: [DRY] infosec → #infosec
2025-09-25 17:23:06,692 [INFO] root: Route: source=seclabnews → topic=infosec
2025-09-25 17:23:06,692 [INFO] root: [DRY] infosec → #infosec
2025-09-25 17:23:06,693 [INFO] root: Route: source=seclabnews → topic=infosec
2025-09-25 17:23:06,693 [INFO] root: [DRY] infosec → #infosec
2025-09-25 17:23:06,694 [INFO] root: Route: source=seclabnews → topic=infosec
2025-09-25 17:23:06,694 [INFO] root: [DRY] infosec → #infosec
2025-09-25 17:23:06,695 [INFO] root: Route: source=seclabnews → topic=infosec
2025-09-25 17:23:06,695 [INFO] root: [DRY] infosec → #infosec
2025-09-25 17:23:06,696 [INFO] root: Route: source=seclabnews → topic=infosec
2025-09-25 17:23:06,696 [INFO] root: [DRY] infosec → #infosec
2025-09-25 17:23:06,697 [INFO] root: Route: source=seclabnews → topic=infosec
2025-09-25 17:23:06,697 [INFO] root: [DRY] infosec → #infosec
2025-09-25 17:23:06,698 [INFO] root: Route: source=seclabnews → topic=infosec
2025-09-25 17:23:06,698 [INFO] root: [DRY] infosec → #infosec
2025-09-25 17:23:06,699 [INFO] root: Route: source=seclabnews → topic=infosec
2025-09-25 17:23:06,699 [INFO] root: [DRY] infosec → #infosec
2025-09-25 17:23:06,700 [INFO] root: Route: source=seclabnews → topic=infosec
2025-09-25 17:23:06,700 [INFO] root: [DRY] infosec → #infosec
2025-09-25 17:23:06,700 [INFO] root: Route: source=seclabnews → topic=infosec
2025-09-25 17:23:06,700 [INFO] root: [DRY] infosec → #infosec
2025-09-25 17:23:06,701 [INFO] root: Route: source=seclabnews → topic=infosec
2025-09-25 17:23:06,701 [INFO] root: [DRY] infosec → #infosec
2025-09-25 17:23:06,702 [INFO] root: Route: source=seclabnews → topic=infosec
2025-09-25 17:23:06,702 [INFO] root: [DRY] infosec → #infosec
2025-09-25 17:23:06,703 [INFO] root: Route: source=seclabnews → topic=infosec
2025-09-25 17:23:06,703 [INFO] root: [DRY] infosec → #infosec
2025-09-25 17:23:06,704 [INFO] root: Route: source=seclabnews → topic=infosec
2025-09-25 17:23:06,704 [INFO] root: [DRY] infosec → #infosec
2025-09-25 17:23:06,705 [INFO] root: Route: source=seclabnews → topic=infosec
2025-09-25 17:23:06,705 [INFO] root: [DRY] infosec → #infosec
2025-09-25 17:23:06,706 [INFO] root: Route: source=seclabnews → topic=infosec
2025-09-25 17:23:06,706 [INFO] root: [DRY] infosec → #infosec
2025-09-25 17:23:06,707 [INFO] root: Route: source=seclabnews → topic=infosec
2025-09-25 17:23:06,707 [INFO] root: [DRY] infosec → #infosec
2025-09-25 17:23:06,708 [INFO] root: Route: source=seclabnews → topic=infosec
2025-09-25 17:23:06,708 [INFO] root: [DRY] infosec → #infosec
2025-09-25 17:23:06,709 [INFO] root: Route: source=seclabnews → topic=infosec
2025-09-25 17:23:06,709 [INFO] root: [DRY] infosec → #infosec
2025-09-25 17:23:06,709 [INFO] root: Route: source=seclabnews → topic=infosec
2025-09-25 17:23:06,710 [INFO] root: [DRY] infosec → #infosec
2025-09-25 17:23:06,710 [INFO] root: Route: source=seclabnews → topic=infosec
2025-09-25 17:23:06,710 [INFO] root: [DRY] infosec → #infosec
2025-09-25 17:23:06,711 [INFO] root: Route: source=seclabnews → topic=infosec
2025-09-25 17:23:06,711 [INFO] root: [DRY] infosec → #infosec
2025-09-25 17:23:06,712 [INFO] root: Route: source=seclabnews → topic=infosec
2025-09-25 17:23:06,712 [INFO] root: [DRY] infosec → #infosec
2025-09-25 17:23:06,713 [INFO] root: Route: source=seclabnews → topic=infosec
2025-09-25 17:23:06,713 [INFO] root: [DRY] infosec → #infosec
2025-09-25 17:23:06,714 [INFO] root: Route: source=seclabnews → topic=infosec
2025-09-25 17:23:06,714 [INFO] root: [DRY] infosec → #infosec
2025-09-25 17:23:06,715 [INFO] root: Route: source=seclabnews → topic=infosec
2025-09-25 17:23:06,715 [INFO] root: [DRY] infosec → #infosec
2025-09-25 17:23:06,716 [INFO] root: Route: source=seclabnews → topic=infosec
2025-09-25 17:23:06,716 [INFO] root: [DRY] infosec → #infosec
2025-09-25 17:23:06,716 [INFO] root: Route: source=seclabnews → topic=infosec
2025-09-25 17:23:06,716 [INFO] root: [DRY] infosec → #infosec
2025-09-25 17:23:06,717 [INFO] root: Route: source=seclabnews → topic=infosec
2025-09-25 17:23:06,717 [INFO] root: [DRY] infosec → #infosec
2025-09-25 17:23:06,718 [INFO] root: Route: source=seclabnews → topic=infosec
2025-09-25 17:23:06,718 [INFO] root: [DRY] infosec → #infosec
2025-09-25 17:23:06,719 [INFO] root: Route: source=seclabnews → topic=infosec
2025-09-25 17:23:06,719 [INFO] root: [DRY] infosec → #infosec
2025-09-25 17:23:06,720 [INFO] root: Route: source=seclabnews → topic=infosec
2025-09-25 17:23:06,720 [INFO] root: [DRY] infosec → #infosec
2025-09-25 17:23:06,760 [INFO] root: Route: source=tg_security → topic=infosec
2025-09-25 17:23:06,760 [INFO] root: [DRY] infosec → #infosec
2025-09-25 17:23:06,799 [INFO] root: Route: source=tg_security → topic=infosec
2025-09-25 17:23:06,799 [INFO] root: [DRY] infosec → #infosec
2025-09-25 17:23:06,838 [INFO] root: Route: source=tg_security → topic=infosec
2025-09-25 17:23:06,838 [INFO] root: [DRY] infosec → #infosec
2025-09-25 17:23:06,877 [INFO] root: Route: source=tg_security → topic=infosec
2025-09-25 17:23:06,877 [INFO] root: [DRY] infosec → #infosec
2025-09-25 17:23:06,916 [INFO] root: Route: source=tg_security → topic=infosec
2025-09-25 17:23:06,916 [INFO] root: [DRY] infosec → #infosec
2025-09-25 17:23:06,955 [INFO] root: Route: source=tg_security → topic=infosec
2025-09-25 17:23:06,956 [INFO] root: [DRY] infosec → #infosec
2025-09-25 17:23:06,995 [INFO] root: Route: source=tg_security → topic=infosec
2025-09-25 17:23:06,995 [INFO] root: [DRY] infosec → #infosec
2025-09-25 17:23:07,034 [INFO] root: Route: source=tg_security → topic=infosec
2025-09-25 17:23:07,034 [INFO] root: [DRY] infosec → #infosec
2025-09-25 17:23:07,073 [INFO] root: Route: source=tg_security → topic=infosec
2025-09-25 17:23:07,073 [INFO] root: [DRY] infosec → #infosec
2025-09-25 17:23:07,113 [INFO] root: Route: source=tg_security → topic=infosec
2025-09-25 17:23:07,113 [INFO] root: [DRY] infosec → #infosec
2025-09-25 17:23:07,152 [INFO] root: Route: source=tg_security → topic=infosec
2025-09-25 17:23:07,152 [INFO] root: [DRY] infosec → #infosec
2025-09-25 17:23:07,191 [INFO] root: Route: source=tg_security → topic=infosec
2025-09-25 17:23:07,191 [INFO] root: [DRY] infosec → #infosec
2025-09-25 17:23:07,230 [INFO] root: Route: source=tg_security → topic=infosec
2025-09-25 17:23:07,231 [INFO] root: [DRY] infosec → #infosec
2025-09-25 17:23:07,270 [INFO] root: Route: source=tg_security → topic=infosec
2025-09-25 17:23:07,270 [INFO] root: [DRY] infosec → #infosec
2025-09-25 17:23:07,309 [INFO] root: Route: source=tg_security → topic=infosec
2025-09-25 17:23:07,309 [INFO] root: [DRY] infosec → #infosec
2025-09-25 17:23:07,348 [INFO] root: Route: source=tg_security → topic=infosec
2025-09-25 17:23:07,348 [INFO] root: [DRY] infosec → #infosec
2025-09-25 17:23:07,388 [INFO] root: Route: source=tg_security → topic=infosec
2025-09-25 17:23:07,389 [INFO] root: [DRY] infosec → #infosec
2025-09-25 17:23:07,428 [INFO] root: Route: source=tg_security → topic=infosec
2025-09-25 17:23:07,428 [INFO] root: [DRY] infosec → #infosec
2025-09-25 17:23:07,468 [INFO] root: Route: source=tg_security → topic=infosec
2025-09-25 17:23:07,468 [INFO] root: [DRY] infosec → #infosec
2025-09-25 17:23:07,507 [INFO] root: Route: source=tg_security → topic=infosec
2025-09-25 17:23:07,507 [INFO] root: [DRY] infosec → #infosec
2025-09-25 17:23:07,547 [INFO] root: Route: source=tg_security → topic=infosec
2025-09-25 17:23:07,547 [INFO] root: [DRY] infosec → #infosec
2025-09-25 17:23:07,587 [INFO] root: Route: source=tg_security → topic=infosec
2025-09-25 17:23:07,587 [INFO] root: [DRY] infosec → #infosec
2025-09-25 17:23:07,627 [INFO] root: Route: source=tg_security → topic=infosec
2025-09-25 17:23:07,627 [INFO] root: [DRY] infosec → #infosec
2025-09-25 17:23:07,666 [INFO] root: Route: source=tg_security → topic=infosec
2025-09-25 17:23:07,666 [INFO] root: [DRY] infosec → #infosec
2025-09-25 17:23:07,706 [INFO] root: Route: source=tg_security → topic=infosec
2025-09-25 17:23:07,706 [INFO] root: [DRY] infosec → #infosec
2025-09-25 17:23:07,745 [INFO] root: Route: source=tg_security → topic=infosec
2025-09-25 17:23:07,745 [INFO] root: [DRY] infosec → #infosec
2025-09-25 17:23:07,785 [INFO] root: Route: source=tg_security → topic=infosec
2025-09-25 17:23:07,785 [INFO] root: [DRY] infosec → #infosec
2025-09-25 17:23:07,825 [INFO] root: Route: source=tg_security → topic=infosec
2025-09-25 17:23:07,825 [INFO] root: [DRY] infosec → #infosec
2025-09-25 17:23:07,864 [INFO] root: Route: source=tg_security → topic=infosec
2025-09-25 17:23:07,864 [INFO] root: [DRY] infosec → #infosec
2025-09-25 17:23:07,904 [INFO] root: Route: source=tg_security → topic=infosec
2025-09-25 17:23:07,904 [INFO] root: [DRY] infosec → #infosec
2025-09-25 17:23:07,944 [INFO] root: Route: source=tg_security → topic=infosec
2025-09-25 17:23:07,944 [INFO] root: [DRY] infosec → #infosec
2025-09-25 17:23:07,984 [INFO] root: Route: source=tg_security → topic=infosec
2025-09-25 17:23:07,984 [INFO] root: [DRY] infosec → #infosec
2025-09-25 17:23:08,023 [INFO] root: Route: source=tg_security → topic=infosec
2025-09-25 17:23:08,023 [INFO] root: [DRY] infosec → #infosec
2025-09-25 17:23:08,063 [INFO] root: Route: source=tg_security → topic=infosec
2025-09-25 17:23:08,063 [INFO] root: [DRY] infosec → #infosec
2025-09-25 17:23:08,103 [INFO] root: Route: source=tg_security → topic=infosec
2025-09-25 17:23:08,103 [INFO] root: [DRY] infosec → #infosec
2025-09-25 17:23:08,143 [INFO] root: Route: source=tg_security → topic=infosec
2025-09-25 17:23:08,143 [INFO] root: [DRY] infosec → #infosec
2025-09-25 17:23:08,182 [INFO] root: Route: source=tg_security → topic=infosec
2025-09-25 17:23:08,182 [INFO] root: [DRY] infosec → #infosec
2025-09-25 17:23:08,222 [INFO] root: Route: source=codeby_sec → topic=infosec
2025-09-25 17:23:08,222 [INFO] root: [DRY] infosec → #infosec
2025-09-25 17:23:08,262 [INFO] root: Route: source=codeby_sec → topic=infosec
2025-09-25 17:23:08,262 [INFO] root: [DRY] infosec → #infosec
2025-09-25 17:23:08,302 [INFO] root: Route: source=codeby_sec → topic=infosec
2025-09-25 17:23:08,302 [INFO] root: [DRY] infosec → #infosec
2025-09-25 17:23:08,353 [INFO] root: Route: source=codeby_sec → topic=infosec
2025-09-25 17:23:08,353 [INFO] root: [DRY] infosec → #infosec
2025-09-25 17:23:08,393 [INFO] root: Route: source=codeby_sec → topic=infosec
2025-09-25 17:23:08,393 [INFO] root: [DRY] infosec → #infosec
2025-09-25 17:23:08,433 [INFO] root: Route: source=codeby_sec → topic=infosec
2025-09-25 17:23:08,433 [INFO] root: [DRY] infosec → #infosec
2025-09-25 17:23:08,473 [INFO] root: Route: source=codeby_sec → topic=infosec
2025-09-25 17:23:08,473 [INFO] root: [DRY] infosec → #infosec
2025-09-25 17:23:08,513 [INFO] root: Route: source=codeby_sec → topic=infosec
2025-09-25 17:23:08,513 [INFO] root: [DRY] infosec → #infosec
2025-09-25 17:23:08,553 [INFO] root: Route: source=codeby_sec → topic=infosec
2025-09-25 17:23:08,553 [INFO] root: [DRY] infosec → #infosec
2025-09-25 17:23:08,593 [INFO] root: Route: source=codeby_sec → topic=infosec
2025-09-25 17:23:08,593 [INFO] root: [DRY] infosec → #infosec
2025-09-25 17:23:08,633 [INFO] root: Route: source=codeby_sec → topic=infosec
2025-09-25 17:23:08,633 [INFO] root: [DRY] infosec → #infosec
2025-09-25 17:23:08,673 [INFO] root: Route: source=codeby_sec → topic=infosec
2025-09-25 17:23:08,673 [INFO] root: [DRY] infosec → #infosec
2025-09-25 17:23:08,712 [INFO] root: Route: source=codeby_sec → topic=infosec
2025-09-25 17:23:08,712 [INFO] root: [DRY] infosec → #infosec
2025-09-25 17:23:08,752 [INFO] root: Route: source=codeby_sec → topic=infosec
2025-09-25 17:23:08,753 [INFO] root: [DRY] infosec → #infosec
2025-09-25 17:23:08,793 [INFO] root: Route: source=codeby_sec → topic=infosec
2025-09-25 17:23:08,793 [INFO] root: [DRY] infosec → #infosec
2025-09-25 17:23:08,833 [INFO] root: Route: source=codeby_sec → topic=infosec
2025-09-25 17:23:08,833 [INFO] root: [DRY] infosec → #infosec
2025-09-25 17:23:08,874 [INFO] root: Route: source=codeby_sec → topic=infosec
2025-09-25 17:23:08,874 [INFO] root: [DRY] infosec → #infosec
2025-09-25 17:23:08,915 [INFO] root: Route: source=codeby_sec → topic=infosec
2025-09-25 17:23:08,915 [INFO] root: [DRY] infosec → #infosec
2025-09-25 17:23:08,956 [INFO] root: Route: source=codeby_sec → topic=infosec
2025-09-25 17:23:08,956 [INFO] root: [DRY] infosec → #infosec
2025-09-25 17:23:08,997 [INFO] root: Route: source=codeby_sec → topic=infosec
2025-09-25 17:23:08,997 [INFO] root: [DRY] infosec → #infosec
2025-09-25 17:23:09,037 [INFO] root: Route: source=codeby_sec → topic=infosec
2025-09-25 17:23:09,037 [INFO] root: [DRY] infosec → #infosec
2025-09-25 17:23:09,077 [INFO] root: Route: source=codeby_sec → topic=infosec
2025-09-25 17:23:09,077 [INFO] root: [DRY] infosec → #infosec
2025-09-25 17:23:09,117 [INFO] root: Route: source=codeby_sec → topic=infosec
2025-09-25 17:23:09,117 [INFO] root: [DRY] infosec → #infosec
2025-09-25 17:23:09,157 [INFO] root: Route: source=codeby_sec → topic=infosec
2025-09-25 17:23:09,157 [INFO] root: [DRY] infosec → #infosec
2025-09-25 17:23:09,197 [INFO] root: Route: source=codeby_sec → topic=infosec
2025-09-25 17:23:09,197 [INFO] root: [DRY] infosec → #infosec
2025-09-25 17:23:09,237 [INFO] root: Route: source=codeby_sec → topic=infosec
2025-09-25 17:23:09,238 [INFO] root: [DRY] infosec → #infosec
2025-09-25 17:23:09,278 [INFO] root: Route: source=codeby_sec → topic=infosec
2025-09-25 17:23:09,278 [INFO] root: [DRY] infosec → #infosec
2025-09-25 17:23:09,318 [INFO] root: Route: source=codeby_sec → topic=infosec
2025-09-25 17:23:09,318 [INFO] root: [DRY] infosec → #infosec
2025-09-25 17:23:09,358 [INFO] root: Route: source=codeby_sec → topic=infosec
2025-09-25 17:23:09,358 [INFO] root: [DRY] infosec → #infosec
2025-09-25 17:23:09,398 [INFO] root: Route: source=codeby_sec → topic=infosec
2025-09-25 17:23:09,399 [INFO] root: [DRY] infosec → #infosec
2025-09-25 17:23:09,439 [INFO] root: Route: source=codeby_sec → topic=infosec
2025-09-25 17:23:09,439 [INFO] root: [DRY] infosec → #infosec
2025-09-25 17:23:09,479 [INFO] root: Route: source=codeby_sec → topic=infosec
2025-09-25 17:23:09,479 [INFO] root: [DRY] infosec → #infosec
2025-09-25 17:23:09,520 [INFO] root: Route: source=codeby_sec → topic=infosec
2025-09-25 17:23:09,520 [INFO] root: [DRY] infosec → #infosec
2025-09-25 17:23:09,560 [INFO] root: Route: source=hack_less → topic=infosec
2025-09-25 17:23:09,560 [INFO] root: [DRY] infosec → #infosec
2025-09-25 17:23:09,600 [INFO] root: Route: source=hack_less → topic=infosec
2025-09-25 17:23:09,600 [INFO] root: [DRY] infosec → #infosec
2025-09-25 17:23:09,640 [INFO] root: Route: source=hack_less → topic=infosec
2025-09-25 17:23:09,640 [INFO] root: [DRY] infosec → #infosec
2025-09-25 17:23:09,681 [INFO] root: Route: source=hack_less → topic=infosec
2025-09-25 17:23:09,681 [INFO] root: [DRY] infosec → #infosec
2025-09-25 17:23:09,722 [INFO] root: Route: source=hack_less → topic=infosec
2025-09-25 17:23:09,722 [INFO] root: [DRY] infosec → #infosec
2025-09-25 17:23:09,762 [INFO] root: Route: source=hack_less → topic=infosec
2025-09-25 17:23:09,762 [INFO] root: [DRY] infosec → #infosec
2025-09-25 17:23:09,803 [INFO] root: Route: source=hack_less → topic=infosec
2025-09-25 17:23:09,803 [INFO] root: [DRY] infosec → #infosec
2025-09-25 17:23:09,843 [INFO] root: Route: source=hack_less → topic=infosec
2025-09-25 17:23:09,843 [INFO] root: [DRY] infosec → #infosec
2025-09-25 17:23:09,883 [INFO] root: Route: source=hack_less → topic=infosec
2025-09-25 17:23:09,883 [INFO] root: [DRY] infosec → #infosec
2025-09-25 17:23:09,923 [INFO] root: Route: source=hack_less → topic=infosec
2025-09-25 17:23:09,924 [INFO] root: [DRY] infosec → #infosec
2025-09-25 17:23:09,964 [INFO] root: Route: source=hack_less → topic=infosec
2025-09-25 17:23:09,964 [INFO] root: [DRY] infosec → #infosec
2025-09-25 17:23:10,005 [INFO] root: Route: source=hack_less → topic=infosec
2025-09-25 17:23:10,005 [INFO] root: [DRY] infosec → #infosec
2025-09-25 17:23:10,046 [INFO] root: Route: source=hack_less → topic=infosec
2025-09-25 17:23:10,046 [INFO] root: [DRY] infosec → #infosec
2025-09-25 17:23:10,086 [INFO] root: Route: source=hack_less → topic=infosec
2025-09-25 17:23:10,086 [INFO] root: [DRY] infosec → #infosec
2025-09-25 17:23:10,127 [INFO] root: Route: source=hack_less → topic=infosec
2025-09-25 17:23:10,127 [INFO] root: [DRY] infosec → #infosec
2025-09-25 17:23:10,167 [INFO] root: Route: source=hack_less → topic=infosec
2025-09-25 17:23:10,168 [INFO] root: [DRY] infosec → #infosec
2025-09-25 17:23:10,208 [INFO] root: Route: source=hack_less → topic=infosec
2025-09-25 17:23:10,208 [INFO] root: [DRY] infosec → #infosec
2025-09-25 17:23:10,249 [INFO] root: Route: source=hack_less → topic=infosec
2025-09-25 17:23:10,249 [INFO] root: [DRY] infosec → #infosec
2025-09-25 17:23:10,290 [INFO] root: Route: source=hack_less → topic=infosec
2025-09-25 17:23:10,290 [INFO] root: [DRY] infosec → #infosec
2025-09-25 17:23:10,331 [INFO] root: Route: source=hack_less → topic=infosec
2025-09-25 17:23:10,331 [INFO] root: [DRY] infosec → #infosec
2025-09-25 17:23:10,373 [INFO] root: Route: source=hack_less → topic=infosec
2025-09-25 17:23:10,373 [INFO] root: [DRY] infosec → #infosec
2025-09-25 17:23:10,415 [INFO] root: Route: source=hack_less → topic=infosec
2025-09-25 17:23:10,415 [INFO] root: [DRY] infosec → #infosec
2025-09-25 17:23:10,456 [INFO] root: Route: source=hack_less → topic=infosec
2025-09-25 17:23:10,456 [INFO] root: [DRY] infosec → #infosec
2025-09-25 17:23:10,496 [INFO] root: Route: source=hack_less → topic=infosec
2025-09-25 17:23:10,497 [INFO] root: [DRY] infosec → #infosec
2025-09-25 17:23:10,538 [INFO] root: Route: source=hack_less → topic=infosec
2025-09-25 17:23:10,538 [INFO] root: [DRY] infosec → #infosec
2025-09-25 17:23:10,579 [INFO] root: Route: source=hack_less → topic=infosec
2025-09-25 17:23:10,579 [INFO] root: [DRY] infosec → #infosec
2025-09-25 17:23:10,620 [INFO] root: Route: source=hack_less → topic=infosec
2025-09-25 17:23:10,621 [INFO] root: [DRY] infosec → #infosec
2025-09-25 17:23:10,662 [INFO] root: Route: source=hack_less → topic=infosec
2025-09-25 17:23:10,662 [INFO] root: [DRY] infosec → #infosec
2025-09-25 17:23:10,703 [INFO] root: Route: source=hack_less → topic=infosec
2025-09-25 17:23:10,703 [INFO] root: [DRY] infosec → #infosec
2025-09-25 17:23:10,744 [INFO] root: Route: source=hack_less → topic=infosec
2025-09-25 17:23:10,744 [INFO] root: [DRY] infosec → #infosec
2025-09-25 17:23:10,785 [INFO] root: Route: source=hack_less → topic=infosec
2025-09-25 17:23:10,785 [INFO] root: [DRY] infosec → #infosec
2025-09-25 17:23:10,826 [INFO] root: Route: source=hack_less → topic=infosec
2025-09-25 17:23:10,826 [INFO] root: [DRY] infosec → #infosec
2025-09-25 17:23:10,867 [INFO] root: Route: source=hack_less → topic=infosec
2025-09-25 17:23:10,867 [INFO] root: [DRY] infosec → #infosec
2025-09-25 17:23:10,908 [INFO] root: Route: source=hack_less → topic=infosec
2025-09-25 17:23:10,908 [INFO] root: [DRY] infosec → #infosec
2025-09-25 17:23:10,949 [INFO] root: Route: source=hack_less → topic=infosec
2025-09-25 17:23:10,949 [INFO] root: [DRY] infosec → #infosec
2025-09-25 17:23:10,990 [INFO] root: Route: source=hack_less → topic=infosec
2025-09-25 17:23:10,990 [INFO] root: [DRY] infosec → #infosec
2025-09-25 17:23:11,031 [INFO] root: Route: source=hack_less → topic=infosec
2025-09-25 17:23:11,031 [INFO] root: [DRY] infosec → #infosec
2025-09-25 17:23:11,072 [INFO] root: Route: source=hack_less → topic=infosec
2025-09-25 17:23:11,072 [INFO] root: [DRY] infosec → #infosec
2025-09-25 17:23:11,113 [INFO] root: Route: source=hack_less → topic=infosec
2025-09-25 17:23:11,113 [INFO] root: [DRY] infosec → #infosec
2025-09-25 17:23:11,154 [INFO] root: Route: source=hack_less → topic=infosec
2025-09-25 17:23:11,154 [INFO] root: [DRY] infosec → #infosec
2025-09-25 17:23:11,195 [INFO] root: Route: source=hack_less → topic=infosec
2025-09-25 17:23:11,195 [INFO] root: [DRY] infosec → #infosec
2025-09-25 17:23:11,236 [INFO] root: Route: source=hack_less → topic=infosec
2025-09-25 17:23:11,236 [INFO] root: [DRY] infosec → #infosec
2025-09-25 17:23:11,277 [INFO] root: Route: source=hack_less → topic=infosec
2025-09-25 17:23:11,277 [INFO] root: [DRY] infosec → #infosec
2025-09-25 17:23:11,319 [INFO] root: Route: source=hack_less → topic=infosec
2025-09-25 17:23:11,319 [INFO] root: [DRY] infosec → #infosec
2025-09-25 17:23:11,360 [INFO] root: Route: source=irozysk → topic=infosec
2025-09-25 17:23:11,360 [INFO] root: [DRY] infosec → #infosec
2025-09-25 17:23:11,401 [INFO] root: Route: source=irozysk → topic=infosec
2025-09-25 17:23:11,401 [INFO] root: [DRY] infosec → #infosec
2025-09-25 17:23:11,442 [INFO] root: Route: source=irozysk → topic=infosec
2025-09-25 17:23:11,442 [INFO] root: [DRY] infosec → #infosec
2025-09-25 17:23:11,483 [INFO] root: Route: source=irozysk → topic=infosec
2025-09-25 17:23:11,483 [INFO] root: [DRY] infosec → #infosec
2025-09-25 17:23:11,525 [INFO] root: Route: source=irozysk → topic=infosec
2025-09-25 17:23:11,525 [INFO] root: [DRY] infosec → #infosec
2025-09-25 17:23:11,566 [INFO] root: Route: source=irozysk → topic=infosec
2025-09-25 17:23:11,566 [INFO] root: [DRY] infosec → #infosec
2025-09-25 17:23:11,608 [INFO] root: Route: source=irozysk → topic=infosec
2025-09-25 17:23:11,608 [INFO] root: [DRY] infosec → #infosec
2025-09-25 17:23:11,650 [INFO] root: Route: source=irozysk → topic=infosec
2025-09-25 17:23:11,650 [INFO] root: [DRY] infosec → #infosec
2025-09-25 17:23:11,692 [INFO] root: Route: source=irozysk → topic=infosec
2025-09-25 17:23:11,692 [INFO] root: [DRY] infosec → #infosec
2025-09-25 17:23:11,733 [INFO] root: Route: source=irozysk → topic=infosec
2025-09-25 17:23:11,733 [INFO] root: [DRY] infosec → #infosec
2025-09-25 17:23:11,774 [INFO] root: Route: source=irozysk → topic=infosec
2025-09-25 17:23:11,775 [INFO] root: [DRY] infosec → #infosec
2025-09-25 17:23:11,817 [INFO] root: Route: source=irozysk → topic=infosec
2025-09-25 17:23:11,817 [INFO] root: [DRY] infosec → #infosec
2025-09-25 17:23:11,871 [INFO] root: Route: source=irozysk → topic=infosec
2025-09-25 17:23:11,872 [INFO] root: [DRY] infosec → #infosec
2025-09-25 17:23:11,913 [INFO] root: Route: source=irozysk → topic=infosec
2025-09-25 17:23:11,913 [INFO] root: [DRY] infosec → #infosec
2025-09-25 17:23:11,954 [INFO] root: Route: source=irozysk → topic=infosec
2025-09-25 17:23:11,954 [INFO] root: [DRY] infosec → #infosec
2025-09-25 17:23:11,995 [INFO] root: Route: source=irozysk → topic=infosec
2025-09-25 17:23:11,995 [INFO] root: [DRY] infosec → #infosec
2025-09-25 17:23:12,037 [INFO] root: Route: source=irozysk → topic=infosec
2025-09-25 17:23:12,037 [INFO] root: [DRY] infosec → #infosec
2025-09-25 17:23:12,078 [INFO] root: Route: source=irozysk → topic=infosec
2025-09-25 17:23:12,078 [INFO] root: [DRY] infosec → #infosec
2025-09-25 17:23:12,120 [INFO] root: Route: source=irozysk → topic=infosec
2025-09-25 17:23:12,120 [INFO] root: [DRY] infosec → #infosec
2025-09-25 17:23:12,161 [INFO] root: Route: source=irozysk → topic=infosec
2025-09-25 17:23:12,161 [INFO] root: [DRY] infosec → #infosec
2025-09-25 17:23:12,203 [INFO] root: Route: source=irozysk → topic=infosec
2025-09-25 17:23:12,203 [INFO] root: [DRY] infosec → #infosec
2025-09-25 17:23:12,244 [INFO] root: Route: source=irozysk → topic=infosec
2025-09-25 17:23:12,244 [INFO] root: [DRY] infosec → #infosec
2025-09-25 17:23:12,288 [INFO] root: Route: source=irozysk → topic=infosec
2025-09-25 17:23:12,288 [INFO] root: [DRY] infosec → #infosec
2025-09-25 17:23:12,330 [INFO] root: Route: source=irozysk → topic=infosec
2025-09-25 17:23:12,330 [INFO] root: [DRY] infosec → #infosec
2025-09-25 17:23:12,371 [INFO] root: Route: source=irozysk → topic=infosec
2025-09-25 17:23:12,371 [INFO] root: [DRY] infosec → #infosec
2025-09-25 17:23:12,412 [INFO] root: Route: source=irozysk → topic=infosec
2025-09-25 17:23:12,412 [INFO] root: [DRY] infosec → #infosec
2025-09-25 17:23:12,454 [INFO] root: Route: source=irozysk → topic=infosec
2025-09-25 17:23:12,454 [INFO] root: [DRY] infosec → #infosec
2025-09-25 17:23:12,496 [INFO] root: Route: source=irozysk → topic=infosec
2025-09-25 17:23:12,496 [INFO] root: [DRY] infosec → #infosec
2025-09-25 17:23:12,538 [INFO] root: Route: source=irozysk → topic=infosec
2025-09-25 17:23:12,538 [INFO] root: [DRY] infosec → #infosec
2025-09-25 17:23:12,579 [INFO] root: Route: source=irozysk → topic=infosec
2025-09-25 17:23:12,579 [INFO] root: [DRY] infosec → #infosec
2025-09-25 17:23:12,620 [INFO] root: Route: source=irozysk → topic=infosec
2025-09-25 17:23:12,621 [INFO] root: [DRY] infosec → #infosec
2025-09-25 17:23:12,662 [INFO] root: Route: source=irozysk → topic=infosec
2025-09-25 17:23:12,662 [INFO] root: [DRY] infosec → #infosec
2025-09-25 17:23:12,704 [INFO] root: Route: source=irozysk → topic=infosec
2025-09-25 17:23:12,704 [INFO] root: [DRY] infosec → #infosec
2025-09-25 17:23:12,746 [INFO] root: Route: source=irozysk → topic=infosec
2025-09-25 17:23:12,746 [INFO] root: [DRY] infosec → #infosec
2025-09-25 17:23:12,787 [INFO] root: Route: source=irozysk → topic=infosec
2025-09-25 17:23:12,787 [INFO] root: [DRY] infosec → #infosec
2025-09-25 17:23:12,829 [INFO] root: Route: source=irozysk → topic=infosec
2025-09-25 17:23:12,829 [INFO] root: [DRY] infosec → #infosec
2025-09-25 17:23:12,871 [INFO] root: Route: source=irozysk → topic=infosec
2025-09-25 17:23:12,871 [INFO] root: [DRY] infosec → #infosec
2025-09-25 17:23:12,913 [INFO] root: Route: source=irozysk → topic=infosec
2025-09-25 17:23:12,913 [INFO] root: [DRY] infosec → #infosec
2025-09-25 17:23:12,954 [INFO] root: Route: source=irozysk → topic=infosec
2025-09-25 17:23:12,954 [INFO] root: [DRY] infosec → #infosec
2025-09-25 17:23:12,996 [INFO] root: Route: source=irozysk → topic=infosec
2025-09-25 17:23:12,996 [INFO] root: [DRY] infosec → #infosec
2025-09-25 17:23:13,038 [INFO] root: Route: source=irozysk → topic=infosec
2025-09-25 17:23:13,038 [INFO] root: [DRY] infosec → #infosec
2025-09-25 17:23:13,080 [INFO] root: Route: source=irozysk → topic=infosec
2025-09-25 17:23:13,080 [INFO] root: [DRY] infosec → #infosec
2025-09-25 17:23:13,122 [INFO] root: Route: source=it_secur → topic=infosec
2025-09-25 17:23:13,122 [INFO] root: [DRY] infosec → #infosec
2025-09-25 17:23:13,164 [INFO] root: Route: source=it_secur → topic=infosec
2025-09-25 17:23:13,164 [INFO] root: [DRY] infosec → #infosec
2025-09-25 17:23:13,206 [INFO] root: Route: source=it_secur → topic=infosec
2025-09-25 17:23:13,206 [INFO] root: [DRY] infosec → #infosec
2025-09-25 17:23:13,248 [INFO] root: Route: source=it_secur → topic=infosec
2025-09-25 17:23:13,248 [INFO] root: [DRY] infosec → #infosec
2025-09-25 17:23:13,290 [INFO] root: Route: source=it_secur → topic=infosec
2025-09-25 17:23:13,290 [INFO] root: [DRY] infosec → #infosec
2025-09-25 17:23:13,335 [INFO] root: Route: source=it_secur → topic=infosec
2025-09-25 17:23:13,335 [INFO] root: [DRY] infosec → #infosec
2025-09-25 17:23:13,377 [INFO] root: Route: source=it_secur → topic=infosec
2025-09-25 17:23:13,377 [INFO] root: [DRY] infosec → #infosec
2025-09-25 17:23:13,421 [INFO] root: Route: source=it_secur → topic=infosec
2025-09-25 17:23:13,421 [INFO] root: [DRY] infosec → #infosec
2025-09-25 17:23:13,463 [INFO] root: Route: source=it_secur → topic=infosec
2025-09-25 17:23:13,463 [INFO] root: [DRY] infosec → #infosec
2025-09-25 17:23:13,505 [INFO] root: Route: source=it_secur → topic=infosec
2025-09-25 17:23:13,505 [INFO] root: [DRY] infosec → #infosec
2025-09-25 17:23:13,547 [INFO] root: Route: source=it_secur → topic=infosec
2025-09-25 17:23:13,547 [INFO] root: [DRY] infosec → #infosec
2025-09-25 17:23:13,589 [INFO] root: Route: source=it_secur → topic=infosec
2025-09-25 17:23:13,589 [INFO] root: [DRY] infosec → #infosec
2025-09-25 17:23:13,631 [INFO] root: Route: source=it_secur → topic=infosec
2025-09-25 17:23:13,631 [INFO] root: [DRY] infosec → #infosec
2025-09-25 17:23:13,673 [INFO] root: Route: source=it_secur → topic=infosec
2025-09-25 17:23:13,673 [INFO] root: [DRY] infosec → #infosec
2025-09-25 17:23:13,716 [INFO] root: Route: source=it_secur → topic=infosec
2025-09-25 17:23:13,716 [INFO] root: [DRY] infosec → #infosec
2025-09-25 17:23:13,758 [INFO] root: Route: source=it_secur → topic=infosec
2025-09-25 17:23:13,758 [INFO] root: [DRY] infosec → #infosec
2025-09-25 17:23:13,758 [INFO] root: Duplicate skipped: 059ad53f38b7e9cdf084
2025-09-25 17:23:13,800 [INFO] root: Route: source=it_secur → topic=infosec
2025-09-25 17:23:13,800 [INFO] root: [DRY] infosec → #infosec
2025-09-25 17:23:13,843 [INFO] root: Route: source=it_secur → topic=infosec
2025-09-25 17:23:13,843 [INFO] root: [DRY] infosec → #infosec
2025-09-25 17:23:13,885 [INFO] root: Route: source=it_secur → topic=infosec
2025-09-25 17:23:13,885 [INFO] root: [DRY] infosec → #infosec
2025-09-25 17:23:13,928 [INFO] root: Route: source=it_secur → topic=infosec
2025-09-25 17:23:13,928 [INFO] root: [DRY] infosec → #infosec
2025-09-25 17:23:13,971 [INFO] root: Route: source=it_secur → topic=infosec
2025-09-25 17:23:13,971 [INFO] root: [DRY] infosec → #infosec
2025-09-25 17:23:14,013 [INFO] root: Route: source=it_secur → topic=infosec
2025-09-25 17:23:14,013 [INFO] root: [DRY] infosec → #infosec
2025-09-25 17:23:14,056 [INFO] root: Route: source=it_secur → topic=infosec
2025-09-25 17:23:14,056 [INFO] root: [DRY] infosec → #infosec
2025-09-25 17:23:14,098 [INFO] root: Route: source=it_secur → topic=infosec
2025-09-25 17:23:14,098 [INFO] root: [DRY] infosec → #infosec
2025-09-25 17:23:14,141 [INFO] root: Route: source=it_secur → topic=infosec
2025-09-25 17:23:14,141 [INFO] root: [DRY] infosec → #infosec
2025-09-25 17:23:14,183 [INFO] root: Route: source=it_secur → topic=infosec
2025-09-25 17:23:14,183 [INFO] root: [DRY] infosec → #infosec
2025-09-25 17:23:14,225 [INFO] root: Route: source=it_secur → topic=infosec
2025-09-25 17:23:14,225 [INFO] root: [DRY] infosec → #infosec
2025-09-25 17:23:14,268 [INFO] root: Route: source=it_secur → topic=infosec
2025-09-25 17:23:14,268 [INFO] root: [DRY] infosec → #infosec
2025-09-25 17:23:14,310 [INFO] root: Route: source=it_secur → topic=infosec
2025-09-25 17:23:14,310 [INFO] root: [DRY] infosec → #infosec
2025-09-25 17:23:14,353 [INFO] root: Route: source=it_secur → topic=infosec
2025-09-25 17:23:14,353 [INFO] root: [DRY] infosec → #infosec
2025-09-25 17:23:14,396 [INFO] root: Route: source=it_secur → topic=infosec
2025-09-25 17:23:14,396 [INFO] root: [DRY] infosec → #infosec
2025-09-25 17:23:14,438 [INFO] root: Route: source=it_secur → topic=infosec
2025-09-25 17:23:14,438 [INFO] root: [DRY] infosec → #infosec
2025-09-25 17:23:14,480 [INFO] root: Route: source=it_secur → topic=infosec
2025-09-25 17:23:14,480 [INFO] root: [DRY] infosec → #infosec
2025-09-25 17:23:14,523 [INFO] root: Route: source=it_secur → topic=infosec
2025-09-25 17:23:14,523 [INFO] root: [DRY] infosec → #infosec
2025-09-25 17:23:14,566 [INFO] root: Route: source=it_secur → topic=infosec
2025-09-25 17:23:14,566 [INFO] root: [DRY] infosec → #infosec
2025-09-25 17:23:14,609 [INFO] root: Route: source=it_secur → topic=infosec
2025-09-25 17:23:14,609 [INFO] root: [DRY] infosec → #infosec
2025-09-25 17:23:14,651 [INFO] root: Route: source=it_secur → topic=infosec
2025-09-25 17:23:14,652 [INFO] root: [DRY] infosec → #infosec
2025-09-26 14:47:40,227 [WARNING] quadridigest.fetch.sources: Failed to fetch from investor_catalog: No user has "investor_catalog" as username
2025-09-26 14:47:44,902 [WARNING] quadridigest.fetch.sources: Failed to fetch from cach_in_tablic: No user has "cach_in_tablic" as username
2025-09-26 14:47:46,880 [WARNING] quadridigest.fetch.sources: Telethon RPC error for haccing: Nobody is using this username, or the username is unacceptable. If the latter, it must match r"[a-zA-Z][\w\d]{3,30}[a-zA-Z\d]" (caused by ResolveUsernameRequest)
2025-09-26 14:47:48,504 [INFO] quadridigest.fetch.sources: Fetched 602 messages from 55 sources (user session)
2025-09-26 14:47:48,589 [INFO] root: Route: source=readovkanews → topic=politics
2025-09-26 14:47:48,589 [INFO] root: [DRY] politics → #politics
2025-09-26 14:47:48,631 [INFO] root: Route: source=readovkanews → topic=politics
2025-09-26 14:47:48,631 [INFO] root: [DRY] politics → #politics
2025-09-26 14:47:48,672 [INFO] root: Route: source=readovkanews → topic=politics
2025-09-26 14:47:48,672 [INFO] root: [DRY] politics → #politics
2025-09-26 14:47:48,714 [INFO] root: Route: source=readovkanews → topic=politics
2025-09-26 14:47:48,714 [INFO] root: [DRY] politics → #politics
2025-09-26 14:47:48,756 [INFO] root: Route: source=readovkanews → topic=politics
2025-09-26 14:47:48,756 [INFO] root: [DRY] politics → #politics
2025-09-26 14:47:48,797 [INFO] root: Route: source=readovkanews → topic=politics
2025-09-26 14:47:48,797 [INFO] root: [DRY] politics → #politics
2025-09-26 14:47:48,839 [INFO] root: Route: source=readovkanews → topic=politics
2025-09-26 14:47:48,839 [INFO] root: [DRY] politics → #politics
2025-09-26 14:47:48,880 [INFO] root: Route: source=readovkanews → topic=politics
2025-09-26 14:47:48,880 [INFO] root: [DRY] politics → #politics
2025-09-26 14:47:48,921 [INFO] root: Route: source=readovkanews → topic=politics
2025-09-26 14:47:48,922 [INFO] root: [DRY] politics → #politics
2025-09-26 14:47:48,963 [INFO] root: Route: source=readovkanews → topic=politics
2025-09-26 14:47:48,963 [INFO] root: [DRY] politics → #politics
2025-09-26 14:47:49,004 [INFO] root: Route: source=readovkanews → topic=politics
2025-09-26 14:47:49,005 [INFO] root: [DRY] politics → #politics
2025-09-26 14:47:49,046 [INFO] root: Route: source=readovkanews → topic=politics
2025-09-26 14:47:49,046 [INFO] root: [DRY] politics → #politics
2025-09-26 14:47:49,088 [INFO] root: Route: source=readovkanews → topic=politics
2025-09-26 14:47:49,088 [INFO] root: [DRY] politics → #politics
2025-09-26 14:47:49,130 [INFO] root: Route: source=readovkanews → topic=politics
2025-09-26 14:47:49,130 [INFO] root: [DRY] politics → #politics
2025-09-26 14:47:49,172 [INFO] root: Route: source=readovkanews → topic=politics
2025-09-26 14:47:49,173 [INFO] root: [DRY] politics → #politics
2025-09-26 14:47:49,214 [INFO] root: Route: source=readovkanews → topic=politics
2025-09-26 14:47:49,214 [INFO] root: [DRY] politics → #politics
2025-09-26 14:47:49,256 [INFO] root: Route: source=readovkanews → topic=politics
2025-09-26 14:47:49,256 [INFO] root: [DRY] politics → #politics
2025-09-26 14:47:49,298 [INFO] root: Route: source=readovkanews → topic=politics
2025-09-26 14:47:49,298 [INFO] root: [DRY] politics → #politics
2025-09-26 14:47:49,339 [INFO] root: Route: source=readovkanews → topic=politics
2025-09-26 14:47:49,339 [INFO] root: [DRY] politics → #politics
2025-09-26 14:47:49,381 [INFO] root: Route: source=readovkanews → topic=politics
2025-09-26 14:47:49,381 [INFO] root: [DRY] politics → #politics
2025-09-26 14:47:49,423 [INFO] root: Route: source=readovkanews → topic=politics
2025-09-26 14:47:49,423 [INFO] root: [DRY] politics → #politics
2025-09-26 14:47:49,465 [INFO] root: Route: source=readovkanews → topic=politics
2025-09-26 14:47:49,465 [INFO] root: [DRY] politics → #politics
2025-09-26 14:47:49,506 [INFO] root: Route: source=readovkanews → topic=politics
2025-09-26 14:47:49,506 [INFO] root: [DRY] politics → #politics
2025-09-26 14:47:49,548 [INFO] root: Route: source=readovkanews → topic=politics
2025-09-26 14:47:49,548 [INFO] root: [DRY] politics → #politics
2025-09-26 14:47:49,589 [INFO] root: Route: source=readovkanews → topic=politics
2025-09-26 14:47:49,589 [INFO] root: [DRY] politics → #politics
2025-09-26 14:47:49,632 [INFO] root: Route: source=readovkanews → topic=politics
2025-09-26 14:47:49,632 [INFO] root: [DRY] politics → #politics
2025-09-26 14:47:49,675 [INFO] root: Route: source=readovkanews → topic=politics
2025-09-26 14:47:49,675 [INFO] root: [DRY] politics → #politics
2025-09-26 14:47:49,717 [INFO] root: Route: source=vedomosti → topic=politics
2025-09-26 14:47:49,717 [INFO] root: [DRY] politics → #politics
2025-09-26 14:47:49,760 [INFO] root: Route: source=vedomosti → topic=politics
2025-09-26 14:47:49,760 [INFO] root: [DRY] politics → #politics
2025-09-26 14:47:49,802 [INFO] root: Route: source=vedomosti → topic=politics
2025-09-26 14:47:49,802 [INFO] root: [DRY] politics → #politics
2025-09-26 14:47:49,844 [INFO] root: Route: source=vedomosti → topic=politics
2025-09-26 14:47:49,844 [INFO] root: [DRY] politics → #politics
2025-09-26 14:47:49,886 [INFO] root: Route: source=vedomosti → topic=politics
2025-09-26 14:47:49,886 [INFO] root: [DRY] politics → #politics
2025-09-26 14:47:49,929 [INFO] root: Route: source=vedomosti → topic=politics
2025-09-26 14:47:49,929 [INFO] root: [DRY] politics → #politics
2025-09-26 14:47:49,972 [INFO] root: Route: source=vedomosti → topic=politics
2025-09-26 14:47:49,972 [INFO] root: [DRY] politics → #politics
2025-09-26 14:47:50,015 [INFO] root: Route: source=vedomosti → topic=politics
2025-09-26 14:47:50,015 [INFO] root: [DRY] politics → #politics
2025-09-26 14:47:50,057 [INFO] root: Route: source=vedomosti → topic=politics
2025-09-26 14:47:50,057 [INFO] root: [DRY] politics → #politics
2025-09-26 14:47:50,100 [INFO] root: Route: source=vedomosti → topic=politics
2025-09-26 14:47:50,100 [INFO] root: [DRY] politics → #politics
2025-09-26 14:47:50,143 [INFO] root: Route: source=vedomosti → topic=politics
2025-09-26 14:47:50,143 [INFO] root: [DRY] politics → #politics
2025-09-26 14:47:50,185 [INFO] root: Route: source=vedomosti → topic=politics
2025-09-26 14:47:50,185 [INFO] root: [DRY] politics → #politics
2025-09-26 14:47:50,228 [INFO] root: Route: source=vedomosti → topic=politics
2025-09-26 14:47:50,228 [INFO] root: [DRY] politics → #politics
2025-09-26 14:47:50,271 [INFO] root: Route: source=vedomosti → topic=politics
2025-09-26 14:47:50,271 [INFO] root: [DRY] politics → #politics
2025-09-26 14:47:50,314 [INFO] root: Route: source=vedomosti → topic=politics
2025-09-26 14:47:50,314 [INFO] root: [DRY] politics → #politics
2025-09-26 14:47:50,357 [INFO] root: Route: source=vedomosti → topic=politics
2025-09-26 14:47:50,357 [INFO] root: [DRY] politics → #politics
2025-09-26 14:47:50,400 [INFO] root: Route: source=vedomosti → topic=politics
2025-09-26 14:47:50,400 [INFO] root: [DRY] politics → #politics
2025-09-26 14:47:50,443 [INFO] root: Route: source=vedomosti → topic=politics
2025-09-26 14:47:50,443 [INFO] root: [DRY] politics → #politics
2025-09-26 14:47:50,485 [INFO] root: Route: source=vedomosti → topic=politics
2025-09-26 14:47:50,486 [INFO] root: [DRY] politics → #politics
2025-09-26 14:47:50,528 [INFO] root: Route: source=vedomosti → topic=politics
2025-09-26 14:47:50,528 [INFO] root: [DRY] politics → #politics
2025-09-26 14:47:50,571 [INFO] root: Route: source=vedomosti → topic=politics
2025-09-26 14:47:50,571 [INFO] root: [DRY] politics → #politics
2025-09-26 14:47:50,613 [INFO] root: Route: source=vedomosti → topic=politics
2025-09-26 14:47:50,613 [INFO] root: [DRY] politics → #politics
2025-09-26 14:47:50,656 [INFO] root: Route: source=vedomosti → topic=politics
2025-09-26 14:47:50,656 [INFO] root: [DRY] politics → #politics
2025-09-26 14:47:50,698 [INFO] root: Route: source=vedomosti → topic=politics
2025-09-26 14:47:50,698 [INFO] root: [DRY] politics → #politics
2025-09-26 14:47:50,741 [INFO] root: Route: source=vedomosti → topic=politics
2025-09-26 14:47:50,741 [INFO] root: [DRY] politics → #politics
2025-09-26 14:47:50,783 [INFO] root: Route: source=vedomosti → topic=politics
2025-09-26 14:47:50,783 [INFO] root: [DRY] politics → #politics
2025-09-26 14:47:50,826 [INFO] root: Route: source=vedomosti → topic=politics
2025-09-26 14:47:50,826 [INFO] root: [DRY] politics → #politics
2025-09-26 14:47:50,868 [INFO] root: Route: source=vedomosti → topic=politics
2025-09-26 14:47:50,868 [INFO] root: [DRY] politics → #politics
2025-09-26 14:47:50,911 [INFO] root: Route: source=vedomosti → topic=politics
2025-09-26 14:47:50,911 [INFO] root: [DRY] politics → #politics
2025-09-26 14:47:50,953 [INFO] root: Route: source=vedomosti → topic=politics
2025-09-26 14:47:50,954 [INFO] root: [DRY] politics → #politics
2025-09-26 14:47:50,996 [INFO] root: Route: source=vedomosti → topic=politics
2025-09-26 14:47:50,996 [INFO] root: [DRY] politics → #politics
2025-09-26 14:47:51,039 [INFO] root: Route: source=vedomosti → topic=politics
2025-09-26 14:47:51,039 [INFO] root: [DRY] politics → #politics
2025-09-26 14:47:51,081 [INFO] root: Route: source=vedomosti → topic=politics
2025-09-26 14:47:51,081 [INFO] root: [DRY] politics → #politics
2025-09-26 14:47:51,124 [INFO] root: Route: source=vedomosti → topic=politics
2025-09-26 14:47:51,124 [INFO] root: [DRY] politics → #politics
2025-09-26 14:47:51,167 [INFO] root: Route: source=vedomosti → topic=politics
2025-09-26 14:47:51,167 [INFO] root: [DRY] politics → #politics
2025-09-26 14:47:51,210 [INFO] root: Route: source=vedomosti → topic=politics
2025-09-26 14:47:51,210 [INFO] root: [DRY] politics → #politics
2025-09-26 14:47:51,253 [INFO] root: Route: source=vedomosti → topic=politics
2025-09-26 14:47:51,253 [INFO] root: [DRY] politics → #politics
2025-09-26 14:47:51,296 [INFO] root: Route: source=ostorozhno_novosti → topic=politics
2025-09-26 14:47:51,296 [INFO] root: [DRY] politics → #politics
2025-09-26 14:47:51,339 [INFO] root: Route: source=ostorozhno_novosti → topic=politics
2025-09-26 14:47:51,339 [INFO] root: [DRY] politics → #politics
2025-09-26 14:47:51,382 [INFO] root: Route: source=ostorozhno_novosti → topic=politics
2025-09-26 14:47:51,382 [INFO] root: [DRY] politics → #politics
2025-09-26 14:47:51,425 [INFO] root: Route: source=ostorozhno_novosti → topic=politics
2025-09-26 14:47:51,425 [INFO] root: [DRY] politics → #politics
2025-09-26 14:47:51,468 [INFO] root: Route: source=ostorozhno_novosti → topic=politics
2025-09-26 14:47:51,468 [INFO] root: [DRY] politics → #politics
2025-09-26 14:47:51,511 [INFO] root: Route: source=ostorozhno_novosti → topic=politics
2025-09-26 14:47:51,511 [INFO] root: [DRY] politics → #politics
2025-09-26 14:47:51,554 [INFO] root: Route: source=ostorozhno_novosti → topic=politics
2025-09-26 14:47:51,554 [INFO] root: [DRY] politics → #politics
2025-09-26 14:47:51,597 [INFO] root: Route: source=ostorozhno_novosti → topic=politics
2025-09-26 14:47:51,597 [INFO] root: [DRY] politics → #politics
2025-09-26 14:47:51,639 [INFO] root: Route: source=ostorozhno_novosti → topic=politics
2025-09-26 14:47:51,639 [INFO] root: [DRY] politics → #politics
2025-09-26 14:47:51,682 [INFO] root: Route: source=ostorozhno_novosti → topic=politics
2025-09-26 14:47:51,682 [INFO] root: [DRY] politics → #politics
2025-09-26 14:47:51,725 [INFO] root: Route: source=ostorozhno_novosti → topic=politics
2025-09-26 14:47:51,725 [INFO] root: [DRY] politics → #politics
2025-09-26 14:47:51,769 [INFO] root: Route: source=ostorozhno_novosti → topic=politics
2025-09-26 14:47:51,769 [INFO] root: [DRY] politics → #politics
2025-09-26 14:47:51,812 [INFO] root: Route: source=ostorozhno_novosti → topic=politics
2025-09-26 14:47:51,812 [INFO] root: [DRY] politics → #politics
2025-09-26 14:47:51,855 [INFO] root: Route: source=ostorozhno_novosti → topic=politics
2025-09-26 14:47:51,855 [INFO] root: [DRY] politics → #politics
2025-09-26 14:47:51,898 [INFO] root: Route: source=ostorozhno_novosti → topic=politics
2025-09-26 14:47:51,898 [INFO] root: [DRY] politics → #politics
2025-09-26 14:47:51,940 [INFO] root: Route: source=ostorozhno_novosti → topic=politics
2025-09-26 14:47:51,941 [INFO] root: [DRY] politics → #politics
2025-09-26 14:47:51,984 [INFO] root: Route: source=ostorozhno_novosti → topic=politics
2025-09-26 14:47:51,984 [INFO] root: [DRY] politics → #politics
2025-09-26 14:47:52,026 [INFO] root: Route: source=headlines_geo → topic=politics
2025-09-26 14:47:52,027 [INFO] root: [DRY] politics → #politics
2025-09-26 14:47:52,069 [INFO] root: Route: source=headlines_geo → topic=politics
2025-09-26 14:47:52,070 [INFO] root: [DRY] politics → #politics
2025-09-26 14:47:52,112 [INFO] root: Route: source=interfaxonline → topic=politics
2025-09-26 14:47:52,112 [INFO] root: [DRY] politics → #politics
2025-09-26 14:47:52,155 [INFO] root: Route: source=interfaxonline → topic=politics
2025-09-26 14:47:52,155 [INFO] root: [DRY] politics → #politics
2025-09-26 14:47:52,198 [INFO] root: Route: source=interfaxonline → topic=politics
2025-09-26 14:47:52,198 [INFO] root: [DRY] politics → #politics
2025-09-26 14:47:52,241 [INFO] root: Route: source=interfaxonline → topic=politics
2025-09-26 14:47:52,241 [INFO] root: [DRY] politics → #politics
2025-09-26 14:47:52,284 [INFO] root: Route: source=interfaxonline → topic=politics
2025-09-26 14:47:52,284 [INFO] root: [DRY] politics → #politics
2025-09-26 14:47:52,327 [INFO] root: Route: source=interfaxonline → topic=politics
2025-09-26 14:47:52,327 [INFO] root: [DRY] politics → #politics
2025-09-26 14:47:52,370 [INFO] root: Route: source=interfaxonline → topic=politics
2025-09-26 14:47:52,370 [INFO] root: [DRY] politics → #politics
2025-09-26 14:47:52,414 [INFO] root: Route: source=interfaxonline → topic=politics
2025-09-26 14:47:52,414 [INFO] root: [DRY] politics → #politics
2025-09-26 14:47:52,459 [INFO] root: Route: source=interfaxonline → topic=politics
2025-09-26 14:47:52,459 [INFO] root: [DRY] politics → #politics
2025-09-26 14:47:52,502 [INFO] root: Route: source=interfaxonline → topic=politics
2025-09-26 14:47:52,503 [INFO] root: [DRY] politics → #politics
2025-09-26 14:47:52,546 [INFO] root: Route: source=interfaxonline → topic=politics
2025-09-26 14:47:52,546 [INFO] root: [DRY] politics → #politics
2025-09-26 14:47:52,589 [INFO] root: Route: source=interfaxonline → topic=politics
2025-09-26 14:47:52,589 [INFO] root: [DRY] politics → #politics
2025-09-26 14:47:52,632 [INFO] root: Route: source=interfaxonline → topic=politics
2025-09-26 14:47:52,632 [INFO] root: [DRY] politics → #politics
2025-09-26 14:47:52,675 [INFO] root: Route: source=interfaxonline → topic=politics
2025-09-26 14:47:52,675 [INFO] root: [DRY] politics → #politics
2025-09-26 14:47:52,718 [INFO] root: Route: source=interfaxonline → topic=politics
2025-09-26 14:47:52,718 [INFO] root: [DRY] politics → #politics
2025-09-26 14:47:52,761 [INFO] root: Route: source=interfaxonline → topic=politics
2025-09-26 14:47:52,762 [INFO] root: [DRY] politics → #politics
2025-09-26 14:47:52,805 [INFO] root: Route: source=interfaxonline → topic=politics
2025-09-26 14:47:52,805 [INFO] root: [DRY] politics → #politics
2025-09-26 14:47:52,848 [INFO] root: Route: source=interfaxonline → topic=politics
2025-09-26 14:47:52,848 [INFO] root: [DRY] politics → #politics
2025-09-26 14:47:52,891 [INFO] root: Route: source=interfaxonline → topic=politics
2025-09-26 14:47:52,891 [INFO] root: [DRY] politics → #politics
2025-09-26 14:47:52,934 [INFO] root: Route: source=interfaxonline → topic=politics
2025-09-26 14:47:52,934 [INFO] root: [DRY] politics → #politics
2025-09-26 14:47:52,978 [INFO] root: Route: source=interfaxonline → topic=politics
2025-09-26 14:47:52,978 [INFO] root: [DRY] politics → #politics
2025-09-26 14:47:53,021 [INFO] root: Route: source=interfaxonline → topic=politics
2025-09-26 14:47:53,021 [INFO] root: [DRY] politics → #politics
2025-09-26 14:47:53,064 [INFO] root: Route: source=interfaxonline → topic=politics
2025-09-26 14:47:53,065 [INFO] root: [DRY] politics → #politics
2025-09-26 14:47:53,108 [INFO] root: Route: source=interfaxonline → topic=politics
2025-09-26 14:47:53,108 [INFO] root: [DRY] politics → #politics
2025-09-26 14:47:53,152 [INFO] root: Route: source=interfaxonline → topic=politics
2025-09-26 14:47:53,152 [INFO] root: [DRY] politics → #politics
2025-09-26 14:47:53,195 [INFO] root: Route: source=interfaxonline → topic=politics
2025-09-26 14:47:53,195 [INFO] root: [DRY] politics → #politics
2025-09-26 14:47:53,239 [INFO] root: Route: source=interfaxonline → topic=politics
2025-09-26 14:47:53,239 [INFO] root: [DRY] politics → #politics
2025-09-26 14:47:53,283 [INFO] root: Route: source=interfaxonline → topic=politics
2025-09-26 14:47:53,283 [INFO] root: [DRY] politics → #politics
2025-09-26 14:47:53,326 [INFO] root: Route: source=interfaxonline → topic=politics
2025-09-26 14:47:53,326 [INFO] root: [DRY] politics → #politics
2025-09-26 14:47:53,370 [INFO] root: Route: source=interfaxonline → topic=politics
2025-09-26 14:47:53,370 [INFO] root: [DRY] politics → #politics
2025-09-26 14:47:53,413 [INFO] root: Route: source=interfaxonline → topic=politics
2025-09-26 14:47:53,414 [INFO] root: [DRY] politics → #politics
2025-09-26 14:47:53,457 [INFO] root: Route: source=interfaxonline → topic=politics
2025-09-26 14:47:53,457 [INFO] root: [DRY] politics → #politics
2025-09-26 14:47:53,501 [INFO] root: Route: source=interfaxonline → topic=politics
2025-09-26 14:47:53,501 [INFO] root: [DRY] politics → #politics
2025-09-26 14:47:53,544 [INFO] root: Route: source=interfaxonline → topic=politics
2025-09-26 14:47:53,544 [INFO] root: [DRY] politics → #politics
2025-09-26 14:47:53,588 [INFO] root: Route: source=interfaxonline → topic=politics
2025-09-26 14:47:53,588 [INFO] root: [DRY] politics → #politics
2025-09-26 14:47:53,645 [INFO] root: Route: source=interfaxonline → topic=politics
2025-09-26 14:47:53,645 [INFO] root: [DRY] politics → #politics
2025-09-26 14:47:53,689 [INFO] root: Route: source=interfaxonline → topic=politics
2025-09-26 14:47:53,689 [INFO] root: [DRY] politics → #politics
2025-09-26 14:47:53,732 [INFO] root: Route: source=interfaxonline → topic=politics
2025-09-26 14:47:53,733 [INFO] root: [DRY] politics → #politics
2025-09-26 14:47:53,777 [INFO] root: Route: source=interfaxonline → topic=politics
2025-09-26 14:47:53,777 [INFO] root: [DRY] politics → #politics
2025-09-26 14:47:53,820 [INFO] root: Route: source=interfaxonline → topic=politics
2025-09-26 14:47:53,820 [INFO] root: [DRY] politics → #politics
2025-09-26 14:47:53,865 [INFO] root: Route: source=interfaxonline → topic=politics
2025-09-26 14:47:53,865 [INFO] root: [DRY] politics → #politics
2025-09-26 14:47:53,909 [INFO] root: Route: source=interfaxonline → topic=politics
2025-09-26 14:47:53,909 [INFO] root: [DRY] politics → #politics
2025-09-26 14:47:53,953 [INFO] root: Route: source=interfaxonline → topic=politics
2025-09-26 14:47:53,953 [INFO] root: [DRY] politics → #politics
2025-09-26 14:47:53,997 [INFO] root: Route: source=interfaxonline → topic=politics
2025-09-26 14:47:53,998 [INFO] root: [DRY] politics → #politics
2025-09-26 14:47:54,041 [INFO] root: Route: source=bloomberg_ru → topic=politics
2025-09-26 14:47:54,041 [INFO] root: [DRY] politics → #politics
2025-09-26 14:47:54,091 [INFO] root: Route: source=bloomberg_ru → topic=politics
2025-09-26 14:47:54,092 [INFO] root: [DRY] politics → #politics
2025-09-26 14:47:54,092 [INFO] root: Route: source=bloomberg_ru → topic=politics
2025-09-26 14:47:54,092 [INFO] root: [DRY] politics → #politics
2025-09-26 14:47:54,136 [INFO] root: Route: source=bloomberg_ru → topic=politics
2025-09-26 14:47:54,136 [INFO] root: [DRY] politics → #politics
2025-09-26 14:47:54,180 [INFO] root: Route: source=bloomberg_ru → topic=politics
2025-09-26 14:47:54,180 [INFO] root: [DRY] politics → #politics
2025-09-26 14:47:54,224 [INFO] root: Route: source=bloomberg_ru → topic=politics
2025-09-26 14:47:54,224 [INFO] root: [DRY] politics → #politics
2025-09-26 14:47:54,268 [INFO] root: Route: source=bloomberg_ru → topic=politics
2025-09-26 14:47:54,268 [INFO] root: [DRY] politics → #politics
2025-09-26 14:47:54,312 [INFO] root: Route: source=bloomberg_ru → topic=politics
2025-09-26 14:47:54,312 [INFO] root: [DRY] politics → #politics
2025-09-26 14:47:54,355 [INFO] root: Route: source=bloomberg_ru → topic=politics
2025-09-26 14:47:54,356 [INFO] root: [DRY] politics → #politics
2025-09-26 14:47:54,399 [INFO] root: Route: source=kommersant → topic=politics
2025-09-26 14:47:54,399 [INFO] root: [DRY] politics → #politics
2025-09-26 14:47:54,444 [INFO] root: Route: source=kommersant → topic=politics
2025-09-26 14:47:54,444 [INFO] root: [DRY] politics → #politics
2025-09-26 14:47:54,488 [INFO] root: Route: source=kommersant → topic=politics
2025-09-26 14:47:54,488 [INFO] root: [DRY] politics → #politics
2025-09-26 14:47:54,532 [INFO] root: Route: source=kommersant → topic=politics
2025-09-26 14:47:54,532 [INFO] root: [DRY] politics → #politics
2025-09-26 14:47:54,576 [INFO] root: Route: source=kommersant → topic=politics
2025-09-26 14:47:54,576 [INFO] root: [DRY] politics → #politics
2025-09-26 14:47:54,620 [INFO] root: Route: source=kommersant → topic=politics
2025-09-26 14:47:54,620 [INFO] root: [DRY] politics → #politics
2025-09-26 14:47:54,663 [INFO] root: Route: source=kommersant → topic=politics
2025-09-26 14:47:54,664 [INFO] root: [DRY] politics → #politics
2025-09-26 14:47:54,707 [INFO] root: Route: source=kommersant → topic=politics
2025-09-26 14:47:54,707 [INFO] root: [DRY] politics → #politics
2025-09-26 14:47:54,751 [INFO] root: Route: source=kommersant → topic=politics
2025-09-26 14:47:54,751 [INFO] root: [DRY] politics → #politics
2025-09-26 14:47:54,795 [INFO] root: Route: source=kommersant → topic=politics
2025-09-26 14:47:54,795 [INFO] root: [DRY] politics → #politics
2025-09-26 14:47:54,839 [INFO] root: Route: source=kommersant → topic=politics
2025-09-26 14:47:54,839 [INFO] root: [DRY] politics → #politics
2025-09-26 14:47:54,883 [INFO] root: Route: source=kommersant → topic=politics
2025-09-26 14:47:54,883 [INFO] root: [DRY] politics → #politics
2025-09-26 14:47:54,928 [INFO] root: Route: source=kommersant → topic=politics
2025-09-26 14:47:54,928 [INFO] root: [DRY] politics → #politics
2025-09-26 14:47:54,971 [INFO] root: Route: source=kommersant → topic=politics
2025-09-26 14:47:54,972 [INFO] root: [DRY] politics → #politics
2025-09-26 14:47:55,016 [INFO] root: Route: source=kommersant → topic=politics
2025-09-26 14:47:55,016 [INFO] root: [DRY] politics → #politics
2025-09-26 14:47:55,060 [INFO] root: Route: source=kommersant → topic=politics
2025-09-26 14:47:55,060 [INFO] root: [DRY] politics → #politics
2025-09-26 14:47:55,104 [INFO] root: Route: source=kommersant → topic=politics
2025-09-26 14:47:55,104 [INFO] root: [DRY] politics → #politics
2025-09-26 14:47:55,148 [INFO] root: Route: source=kommersant → topic=politics
2025-09-26 14:47:55,148 [INFO] root: [DRY] politics → #politics
2025-09-26 14:47:55,192 [INFO] root: Route: source=kommersant → topic=politics
2025-09-26 14:47:55,192 [INFO] root: [DRY] politics → #politics
2025-09-26 14:47:55,237 [INFO] root: Route: source=kommersant → topic=politics
2025-09-26 14:47:55,238 [INFO] root: [DRY] politics → #politics
2025-09-26 14:47:55,282 [INFO] root: Route: source=kommersant → topic=politics
2025-09-26 14:47:55,282 [INFO] root: [DRY] politics → #politics
2025-09-26 14:47:55,326 [INFO] root: Route: source=kommersant → topic=politics
2025-09-26 14:47:55,326 [INFO] root: [DRY] politics → #politics
2025-09-26 14:47:55,371 [INFO] root: Route: source=kommersant → topic=politics
2025-09-26 14:47:55,371 [INFO] root: [DRY] politics → #politics
2025-09-26 14:47:55,415 [INFO] root: Route: source=kommersant → topic=politics
2025-09-26 14:47:55,415 [INFO] root: [DRY] politics → #politics
2025-09-26 14:47:55,460 [INFO] root: Route: source=kommersant → topic=politics
2025-09-26 14:47:55,460 [INFO] root: [DRY] politics → #politics
2025-09-26 14:47:55,504 [INFO] root: Route: source=kommersant → topic=politics
2025-09-26 14:47:55,504 [INFO] root: [DRY] politics → #politics
2025-09-26 14:47:55,549 [INFO] root: Route: source=kommersant → topic=politics
2025-09-26 14:47:55,549 [INFO] root: [DRY] politics → #politics
2025-09-26 14:47:55,593 [INFO] root: Route: source=kommersant → topic=politics
2025-09-26 14:47:55,593 [INFO] root: [DRY] politics → #politics
2025-09-26 14:47:55,639 [INFO] root: Route: source=kommersant → topic=politics
2025-09-26 14:47:55,639 [INFO] root: [DRY] politics → #politics
2025-09-26 14:47:55,683 [INFO] root: Route: source=kommersant → topic=politics
2025-09-26 14:47:55,683 [INFO] root: [DRY] politics → #politics
2025-09-26 14:47:55,728 [INFO] root: Route: source=kommersant → topic=politics
2025-09-26 14:47:55,728 [INFO] root: [DRY] politics → #politics
2025-09-26 14:47:55,772 [INFO] root: Route: source=kommersant → topic=politics
2025-09-26 14:47:55,772 [INFO] root: [DRY] politics → #politics
2025-09-26 14:47:55,816 [INFO] root: Route: source=kommersant → topic=politics
2025-09-26 14:47:55,816 [INFO] root: [DRY] politics → #politics
2025-09-26 14:47:55,861 [INFO] root: Route: source=kommersant → topic=politics
2025-09-26 14:47:55,861 [INFO] root: [DRY] politics → #politics
2025-09-26 14:47:55,905 [INFO] root: Route: source=kommersant → topic=politics
2025-09-26 14:47:55,905 [INFO] root: [DRY] politics → #politics
2025-09-26 14:47:55,950 [INFO] root: Route: source=kommersant → topic=politics
2025-09-26 14:47:55,950 [INFO] root: [DRY] politics → #politics
2025-09-26 14:47:55,997 [INFO] root: Route: source=kommersant → topic=politics
2025-09-26 14:47:55,997 [INFO] root: [DRY] politics → #politics
2025-09-26 14:47:56,042 [INFO] root: Route: source=kommersant → topic=politics
2025-09-26 14:47:56,043 [INFO] root: [DRY] politics → #politics
2025-09-26 14:47:56,088 [INFO] root: Route: source=kommersant → topic=politics
2025-09-26 14:47:56,088 [INFO] root: [DRY] politics → #politics
2025-09-26 14:47:56,133 [INFO] root: Route: source=kommersant → topic=politics
2025-09-26 14:47:56,133 [INFO] root: [DRY] politics → #politics
2025-09-26 14:47:56,177 [INFO] root: Route: source=kommersant → topic=politics
2025-09-26 14:47:56,177 [INFO] root: [DRY] politics → #politics
2025-09-26 14:47:56,222 [INFO] root: Route: source=kommersant → topic=politics
2025-09-26 14:47:56,222 [INFO] root: [DRY] politics → #politics
2025-09-26 14:47:56,267 [INFO] root: Route: source=kommersant → topic=politics
2025-09-26 14:47:56,267 [INFO] root: [DRY] politics → #politics
2025-09-26 14:47:56,332 [INFO] root: Route: source=kommersant → topic=politics
2025-09-26 14:47:56,332 [INFO] root: [DRY] politics → #politics
2025-09-26 14:47:56,377 [INFO] root: Route: source=kommersant → topic=politics
2025-09-26 14:47:56,377 [INFO] root: [DRY] politics → #politics
2025-09-26 14:47:56,423 [INFO] root: Route: source=kommersant → topic=politics
2025-09-26 14:47:56,423 [INFO] root: [DRY] politics → #politics
2025-09-26 14:47:56,469 [INFO] root: Route: source=kommersant → topic=politics
2025-09-26 14:47:56,469 [INFO] root: [DRY] politics → #politics
2025-09-26 14:47:56,515 [INFO] root: Route: source=kommersant → topic=politics
2025-09-26 14:47:56,515 [INFO] root: [DRY] politics → #politics
2025-09-26 14:47:56,560 [INFO] root: Route: source=kommersant → topic=politics
2025-09-26 14:47:56,560 [INFO] root: [DRY] politics → #politics
2025-09-26 14:47:56,605 [INFO] root: Route: source=bitkogan → topic=trading
2025-09-26 14:47:56,606 [INFO] root: [DRY] trading → #trading
2025-09-26 14:47:56,651 [INFO] root: Route: source=bitkogan → topic=trading
2025-09-26 14:47:56,651 [INFO] root: [DRY] trading → #trading
2025-09-26 14:47:56,697 [INFO] root: Route: source=bitkogan → topic=trading
2025-09-26 14:47:56,697 [INFO] root: [DRY] trading → #trading
2025-09-26 14:47:56,742 [INFO] root: Route: source=bitkogan → topic=trading
2025-09-26 14:47:56,742 [INFO] root: [DRY] trading → #trading
2025-09-26 14:47:56,788 [INFO] root: Route: source=bitkogan → topic=trading
2025-09-26 14:47:56,788 [INFO] root: [DRY] trading → #trading
2025-09-26 14:47:56,833 [INFO] root: Route: source=tb_invest_official → topic=trading
2025-09-26 14:47:56,833 [INFO] root: [DRY] trading → #trading
2025-09-26 14:47:56,878 [INFO] root: Route: source=tb_invest_official → topic=trading
2025-09-26 14:47:56,878 [INFO] root: [DRY] trading → #trading
2025-09-26 14:47:56,923 [INFO] root: Route: source=tb_invest_official → topic=trading
2025-09-26 14:47:56,923 [INFO] root: [DRY] trading → #trading
2025-09-26 14:47:56,968 [INFO] root: Route: source=tb_invest_official → topic=trading
2025-09-26 14:47:56,968 [INFO] root: [DRY] trading → #trading
2025-09-26 14:47:57,013 [INFO] root: Route: source=tb_invest_official → topic=trading
2025-09-26 14:47:57,013 [INFO] root: [DRY] trading → #trading
2025-09-26 14:47:57,059 [INFO] root: Route: source=tb_invest_official → topic=trading
2025-09-26 14:47:57,059 [INFO] root: [DRY] trading → #trading
2025-09-26 14:47:57,104 [INFO] root: Route: source=tb_invest_official → topic=trading
2025-09-26 14:47:57,104 [INFO] root: [DRY] trading → #trading
2025-09-26 14:47:57,149 [INFO] root: Route: source=tb_invest_official → topic=trading
2025-09-26 14:47:57,149 [INFO] root: [DRY] trading → #trading
2025-09-26 14:47:57,195 [INFO] root: Route: source=tb_invest_official → topic=trading
2025-09-26 14:47:57,195 [INFO] root: [DRY] trading → #trading
2025-09-26 14:47:57,239 [INFO] root: Route: source=markettwits → topic=trading
2025-09-26 14:47:57,239 [INFO] root: [DRY] trading → #trading
2025-09-26 14:47:57,284 [INFO] root: Route: source=markettwits → topic=trading
2025-09-26 14:47:57,284 [INFO] root: [DRY] trading → #trading
2025-09-26 14:47:57,330 [INFO] root: Route: source=markettwits → topic=trading
2025-09-26 14:47:57,330 [INFO] root: [DRY] trading → #trading
2025-09-26 14:47:57,375 [INFO] root: Route: source=markettwits → topic=trading
2025-09-26 14:47:57,375 [INFO] root: [DRY] trading → #trading
2025-09-26 14:47:57,420 [INFO] root: Route: source=markettwits → topic=trading
2025-09-26 14:47:57,420 [INFO] root: [DRY] trading → #trading
2025-09-26 14:47:57,465 [INFO] root: Route: source=markettwits → topic=trading
2025-09-26 14:47:57,465 [INFO] root: [DRY] trading → #trading
2025-09-26 14:47:57,510 [INFO] root: Route: source=markettwits → topic=trading
2025-09-26 14:47:57,510 [INFO] root: [DRY] trading → #trading
2025-09-26 14:47:57,569 [INFO] root: Route: source=markettwits → topic=trading
2025-09-26 14:47:57,569 [INFO] root: [DRY] trading → #trading
2025-09-26 14:47:57,614 [INFO] root: Route: source=markettwits → topic=trading
2025-09-26 14:47:57,614 [INFO] root: [DRY] trading → #trading
2025-09-26 14:47:57,660 [INFO] root: Route: source=markettwits → topic=trading
2025-09-26 14:47:57,660 [INFO] root: [DRY] trading → #trading
2025-09-26 14:47:57,705 [INFO] root: Route: source=markettwits → topic=trading
2025-09-26 14:47:57,705 [INFO] root: [DRY] trading → #trading
2025-09-26 14:47:57,750 [INFO] root: Route: source=markettwits → topic=trading
2025-09-26 14:47:57,750 [INFO] root: [DRY] trading → #trading
2025-09-26 14:47:57,796 [INFO] root: Route: source=markettwits → topic=trading
2025-09-26 14:47:57,796 [INFO] root: [DRY] trading → #trading
2025-09-26 14:47:57,842 [INFO] root: Route: source=markettwits → topic=trading
2025-09-26 14:47:57,842 [INFO] root: [DRY] trading → #trading
2025-09-26 14:47:57,887 [INFO] root: Route: source=markettwits → topic=trading
2025-09-26 14:47:57,887 [INFO] root: [DRY] trading → #trading
2025-09-26 14:47:57,933 [INFO] root: Route: source=markettwits → topic=trading
2025-09-26 14:47:57,933 [INFO] root: [DRY] trading → #trading
2025-09-26 14:47:57,984 [INFO] root: Route: source=markettwits → topic=trading
2025-09-26 14:47:57,984 [INFO] root: [DRY] trading → #trading
2025-09-26 14:47:58,033 [INFO] root: Route: source=markettwits → topic=trading
2025-09-26 14:47:58,034 [INFO] root: [DRY] trading → #trading
2025-09-26 14:47:58,088 [INFO] root: Route: source=markettwits → topic=trading
2025-09-26 14:47:58,088 [INFO] root: [DRY] trading → #trading
2025-09-26 14:47:58,136 [INFO] root: Route: source=markettwits → topic=trading
2025-09-26 14:47:58,136 [INFO] root: [DRY] trading → #trading
2025-09-26 14:47:58,183 [INFO] root: Route: source=markettwits → topic=trading
2025-09-26 14:47:58,183 [INFO] root: [DRY] trading → #trading
2025-09-26 14:47:58,230 [INFO] root: Route: source=markettwits → topic=trading
2025-09-26 14:47:58,234 [INFO] root: [DRY] trading → #trading
2025-09-26 14:47:58,281 [INFO] root: Route: source=markettwits → topic=trading
2025-09-26 14:47:58,281 [INFO] root: [DRY] trading → #trading
2025-09-26 14:47:58,328 [INFO] root: Route: source=markettwits → topic=trading
2025-09-26 14:47:58,328 [INFO] root: [DRY] trading → #trading
2025-09-26 14:47:58,375 [INFO] root: Route: source=markettwits → topic=trading
2025-09-26 14:47:58,375 [INFO] root: [DRY] trading → #trading
2025-09-26 14:47:58,421 [INFO] root: Route: source=markettwits → topic=trading
2025-09-26 14:47:58,421 [INFO] root: [DRY] trading → #trading
2025-09-26 14:47:58,467 [INFO] root: Route: source=markettwits → topic=trading
2025-09-26 14:47:58,467 [INFO] root: [DRY] trading → #trading
2025-09-26 14:47:58,513 [INFO] root: Route: source=markettwits → topic=trading
2025-09-26 14:47:58,513 [INFO] root: [DRY] trading → #trading
2025-09-26 14:47:58,559 [INFO] root: Route: source=markettwits → topic=trading
2025-09-26 14:47:58,559 [INFO] root: [DRY] trading → #trading
2025-09-26 14:47:58,605 [INFO] root: Route: source=markettwits → topic=trading
2025-09-26 14:47:58,605 [INFO] root: [DRY] trading → #trading
2025-09-26 14:47:58,651 [INFO] root: Route: source=markettwits → topic=trading
2025-09-26 14:47:58,651 [INFO] root: [DRY] trading → #trading
2025-09-26 14:47:58,698 [INFO] root: Route: source=markettwits → topic=trading
2025-09-26 14:47:58,698 [INFO] root: [DRY] trading → #trading
2025-09-26 14:47:58,744 [INFO] root: Route: source=markettwits → topic=trading
2025-09-26 14:47:58,744 [INFO] root: [DRY] trading → #trading
2025-09-26 14:47:58,790 [INFO] root: Route: source=markettwits → topic=trading
2025-09-26 14:47:58,790 [INFO] root: [DRY] trading → #trading
2025-09-26 14:47:58,837 [INFO] root: Route: source=markettwits → topic=trading
2025-09-26 14:47:58,837 [INFO] root: [DRY] trading → #trading
2025-09-26 14:47:58,883 [INFO] root: Route: source=markettwits → topic=trading
2025-09-26 14:47:58,884 [INFO] root: [DRY] trading → #trading
2025-09-26 14:47:58,930 [INFO] root: Route: source=markettwits → topic=trading
2025-09-26 14:47:58,930 [INFO] root: [DRY] trading → #trading
2025-09-26 14:47:58,977 [INFO] root: Route: source=markettwits → topic=trading
2025-09-26 14:47:58,977 [INFO] root: [DRY] trading → #trading
2025-09-26 14:47:59,024 [INFO] root: Route: source=markettwits → topic=trading
2025-09-26 14:47:59,025 [INFO] root: [DRY] trading → #trading
2025-09-26 14:47:59,071 [INFO] root: Route: source=markettwits → topic=trading
2025-09-26 14:47:59,071 [INFO] root: [DRY] trading → #trading
2025-09-26 14:47:59,118 [INFO] root: Route: source=markettwits → topic=trading
2025-09-26 14:47:59,118 [INFO] root: [DRY] trading → #trading
2025-09-26 14:47:59,164 [INFO] root: Route: source=markettwits → topic=trading
2025-09-26 14:47:59,164 [INFO] root: [DRY] trading → #trading
2025-09-26 14:47:59,210 [INFO] root: Route: source=markettwits → topic=trading
2025-09-26 14:47:59,210 [INFO] root: [DRY] trading → #trading
2025-09-26 14:47:59,256 [INFO] root: Route: source=markettwits → topic=trading
2025-09-26 14:47:59,256 [INFO] root: [DRY] trading → #trading
2025-09-26 14:47:59,303 [INFO] root: Route: source=markettwits → topic=trading
2025-09-26 14:47:59,303 [INFO] root: [DRY] trading → #trading
2025-09-26 14:47:59,349 [INFO] root: Route: source=markettwits → topic=trading
2025-09-26 14:47:59,349 [INFO] root: [DRY] trading → #trading
2025-09-26 14:47:59,397 [INFO] root: Route: source=cbrstocks → topic=trading
2025-09-26 14:47:59,397 [INFO] root: [DRY] trading → #trading
2025-09-26 14:47:59,444 [INFO] root: Route: source=cbrstocks → topic=trading
2025-09-26 14:47:59,444 [INFO] root: [DRY] trading → #trading
2025-09-26 14:47:59,490 [INFO] root: Route: source=cbrstocks → topic=trading
2025-09-26 14:47:59,490 [INFO] root: [DRY] trading → #trading
2025-09-26 14:47:59,537 [INFO] root: Route: source=cbrstocks → topic=trading
2025-09-26 14:47:59,537 [INFO] root: [DRY] trading → #trading
2025-09-26 14:47:59,583 [INFO] root: Route: source=cbrstocks → topic=trading
2025-09-26 14:47:59,583 [INFO] root: [DRY] trading → #trading
2025-09-26 14:47:59,629 [INFO] root: Route: source=cbrstocks → topic=trading
2025-09-26 14:47:59,630 [INFO] root: [DRY] trading → #trading
2025-09-26 14:47:59,676 [INFO] root: Route: source=cbrstocks → topic=trading
2025-09-26 14:47:59,676 [INFO] root: [DRY] trading → #trading
2025-09-26 14:47:59,723 [INFO] root: Route: source=cbrstocks → topic=trading
2025-09-26 14:47:59,723 [INFO] root: [DRY] trading → #trading
2025-09-26 14:47:59,769 [INFO] root: Route: source=cbrstocks → topic=trading
2025-09-26 14:47:59,769 [INFO] root: [DRY] trading → #trading
2025-09-26 14:47:59,816 [INFO] root: Route: source=cbrstocks → topic=trading
2025-09-26 14:47:59,816 [INFO] root: [DRY] trading → #trading
2025-09-26 14:47:59,862 [INFO] root: Route: source=cbrstocks → topic=trading
2025-09-26 14:47:59,862 [INFO] root: [DRY] trading → #trading
2025-09-26 14:47:59,909 [INFO] root: Route: source=cbrstocks → topic=trading
2025-09-26 14:47:59,909 [INFO] root: [DRY] trading → #trading
2025-09-26 14:47:59,955 [INFO] root: Route: source=cbrstocks → topic=trading
2025-09-26 14:47:59,955 [INFO] root: [DRY] trading → #trading
2025-09-26 14:48:00,002 [INFO] root: Route: source=cbrstocks → topic=trading
2025-09-26 14:48:00,002 [INFO] root: [DRY] trading → #trading
2025-09-26 14:48:00,049 [INFO] root: Route: source=cbrstocks → topic=trading
2025-09-26 14:48:00,049 [INFO] root: [DRY] trading → #trading
2025-09-26 14:48:00,096 [INFO] root: Route: source=cbrstocks → topic=trading
2025-09-26 14:48:00,096 [INFO] root: [DRY] trading → #trading
2025-09-26 14:48:00,143 [INFO] root: Route: source=cbrstocks → topic=trading
2025-09-26 14:48:00,143 [INFO] root: [DRY] trading → #trading
2025-09-26 14:48:00,189 [INFO] root: Route: source=cbrstocks → topic=trading
2025-09-26 14:48:00,189 [INFO] root: [DRY] trading → #trading
2025-09-26 14:48:00,255 [INFO] root: Route: source=cbrstocks → topic=trading
2025-09-26 14:48:00,255 [INFO] root: [DRY] trading → #trading
2025-09-26 14:48:00,312 [INFO] root: Route: source=cbrstocks → topic=trading
2025-09-26 14:48:00,312 [INFO] root: [DRY] trading → #trading
2025-09-26 14:48:00,362 [INFO] root: Route: source=banksta → topic=trading
2025-09-26 14:48:00,362 [INFO] root: [DRY] trading → #trading
2025-09-26 14:48:00,411 [INFO] root: Route: source=banksta → topic=trading
2025-09-26 14:48:00,411 [INFO] root: [DRY] trading → #trading
2025-09-26 14:48:00,459 [INFO] root: Route: source=banksta → topic=trading
2025-09-26 14:48:00,459 [INFO] root: [DRY] trading → #trading
2025-09-26 14:48:00,507 [INFO] root: Route: source=banksta → topic=trading
2025-09-26 14:48:00,507 [INFO] root: [DRY] trading → #trading
2025-09-26 14:48:00,554 [INFO] root: Route: source=banksta → topic=trading
2025-09-26 14:48:00,554 [INFO] root: [DRY] trading → #trading
2025-09-26 14:48:00,602 [INFO] root: Route: source=banksta → topic=trading
2025-09-26 14:48:00,602 [INFO] root: [DRY] trading → #trading
2025-09-26 14:48:00,649 [INFO] root: Route: source=banksta → topic=trading
2025-09-26 14:48:00,650 [INFO] root: [DRY] trading → #trading
2025-09-26 14:48:00,697 [INFO] root: Route: source=banksta → topic=trading
2025-09-26 14:48:00,697 [INFO] root: [DRY] trading → #trading
2025-09-26 14:48:00,759 [INFO] root: Route: source=banksta → topic=trading
2025-09-26 14:48:00,759 [INFO] root: [DRY] trading → #trading
2025-09-26 14:48:00,806 [INFO] root: Route: source=banksta → topic=trading
2025-09-26 14:48:00,806 [INFO] root: [DRY] trading → #trading
2025-09-26 14:48:00,854 [INFO] root: Route: source=banksta → topic=trading
2025-09-26 14:48:00,854 [INFO] root: [DRY] trading → #trading
2025-09-26 14:48:00,902 [INFO] root: Route: source=banksta → topic=trading
2025-09-26 14:48:00,902 [INFO] root: [DRY] trading → #trading
2025-09-26 14:48:00,950 [INFO] root: Route: source=banksta → topic=trading
2025-09-26 14:48:00,950 [INFO] root: [DRY] trading → #trading
2025-09-26 14:48:00,999 [INFO] root: Route: source=banksta → topic=trading
2025-09-26 14:48:00,999 [INFO] root: [DRY] trading → #trading
2025-09-26 14:48:01,049 [INFO] root: Route: source=banksta → topic=trading
2025-09-26 14:48:01,049 [INFO] root: [DRY] trading → #trading
2025-09-26 14:48:01,098 [INFO] root: Route: source=banksta → topic=trading
2025-09-26 14:48:01,099 [INFO] root: [DRY] trading → #trading
2025-09-26 14:48:01,147 [INFO] root: Route: source=banksta → topic=trading
2025-09-26 14:48:01,147 [INFO] root: [DRY] trading → #trading
2025-09-26 14:48:01,196 [INFO] root: Route: source=banksta → topic=trading
2025-09-26 14:48:01,196 [INFO] root: [DRY] trading → #trading
2025-09-26 14:48:01,244 [INFO] root: Route: source=banksta → topic=trading
2025-09-26 14:48:01,244 [INFO] root: [DRY] trading → #trading
2025-09-26 14:48:01,293 [INFO] root: Route: source=banksta → topic=trading
2025-09-26 14:48:01,293 [INFO] root: [DRY] trading → #trading
2025-09-26 14:48:01,342 [INFO] root: Route: source=banksta → topic=trading
2025-09-26 14:48:01,342 [INFO] root: [DRY] trading → #trading
2025-09-26 14:48:01,390 [INFO] root: Route: source=banksta → topic=trading
2025-09-26 14:48:01,390 [INFO] root: [DRY] trading → #trading
2025-09-26 14:48:01,437 [INFO] root: Route: source=banksta → topic=trading
2025-09-26 14:48:01,437 [INFO] root: [DRY] trading → #trading
2025-09-26 14:48:01,485 [INFO] root: Route: source=banksta → topic=trading
2025-09-26 14:48:01,485 [INFO] root: [DRY] trading → #trading
2025-09-26 14:48:01,532 [INFO] root: Route: source=banksta → topic=trading
2025-09-26 14:48:01,532 [INFO] root: [DRY] trading → #trading
2025-09-26 14:48:01,579 [INFO] root: Route: source=banksta → topic=trading
2025-09-26 14:48:01,579 [INFO] root: [DRY] trading → #trading
2025-09-26 14:48:01,627 [INFO] root: Route: source=banksta → topic=trading
2025-09-26 14:48:01,627 [INFO] root: [DRY] trading → #trading
2025-09-26 14:48:01,674 [INFO] root: Route: source=banksta → topic=trading
2025-09-26 14:48:01,674 [INFO] root: [DRY] trading → #trading
2025-09-26 14:48:01,721 [INFO] root: Route: source=banksta → topic=trading
2025-09-26 14:48:01,721 [INFO] root: [DRY] trading → #trading
2025-09-26 14:48:01,768 [INFO] root: Route: source=banksta → topic=trading
2025-09-26 14:48:01,769 [INFO] root: [DRY] trading → #trading
2025-09-26 14:48:01,815 [INFO] root: Route: source=banksta → topic=trading
2025-09-26 14:48:01,815 [INFO] root: [DRY] trading → #trading
2025-09-26 14:48:01,862 [INFO] root: Route: source=banksta → topic=trading
2025-09-26 14:48:01,862 [INFO] root: [DRY] trading → #trading
2025-09-26 14:48:01,909 [INFO] root: Route: source=banksta → topic=trading
2025-09-26 14:48:01,909 [INFO] root: [DRY] trading → #trading
2025-09-26 14:48:01,956 [INFO] root: Route: source=banksta → topic=trading
2025-09-26 14:48:01,956 [INFO] root: [DRY] trading → #trading
2025-09-26 14:48:02,003 [INFO] root: Route: source=banksta → topic=trading
2025-09-26 14:48:02,003 [INFO] root: [DRY] trading → #trading
2025-09-26 14:48:02,051 [INFO] root: Route: source=banksta → topic=trading
2025-09-26 14:48:02,051 [INFO] root: [DRY] trading → #trading
2025-09-26 14:48:02,098 [INFO] root: Route: source=banksta → topic=trading
2025-09-26 14:48:02,098 [INFO] root: [DRY] trading → #trading
2025-09-26 14:48:02,145 [INFO] root: Route: source=1202159807 → topic=politics
2025-09-26 14:48:02,145 [INFO] root: [DRY] politics → #politics
2025-09-26 14:48:02,192 [INFO] root: Route: source=1202159807 → topic=politics
2025-09-26 14:48:02,192 [INFO] root: [DRY] politics → #politics
2025-09-26 14:48:02,240 [INFO] root: Route: source=1202159807 → topic=politics
2025-09-26 14:48:02,240 [INFO] root: [DRY] politics → #politics
2025-09-26 14:48:02,286 [INFO] root: Route: source=1202159807 → topic=politics
2025-09-26 14:48:02,287 [INFO] root: [DRY] politics → #politics
2025-09-26 14:48:02,334 [INFO] root: Route: source=1202159807 → topic=politics
2025-09-26 14:48:02,334 [INFO] root: [DRY] politics → #politics
2025-09-26 14:48:02,382 [INFO] root: Route: source=1202159807 → topic=politics
2025-09-26 14:48:02,382 [INFO] root: [DRY] politics → #politics
2025-09-26 14:48:02,436 [INFO] root: Route: source=1202159807 → topic=politics
2025-09-26 14:48:02,436 [INFO] root: [DRY] politics → #politics
2025-09-26 14:48:02,483 [INFO] root: Route: source=1202159807 → topic=politics
2025-09-26 14:48:02,483 [INFO] root: [DRY] politics → #politics
2025-09-26 14:48:02,530 [INFO] root: Route: source=1202159807 → topic=politics
2025-09-26 14:48:02,530 [INFO] root: [DRY] politics → #politics
2025-09-26 14:48:02,577 [INFO] root: Route: source=1202159807 → topic=politics
2025-09-26 14:48:02,577 [INFO] root: [DRY] politics → #politics
2025-09-26 14:48:02,624 [INFO] root: Route: source=1202159807 → topic=politics
2025-09-26 14:48:02,625 [INFO] root: [DRY] politics → #politics
2025-09-26 14:48:02,671 [INFO] root: Route: source=1202159807 → topic=politics
2025-09-26 14:48:02,671 [INFO] root: [DRY] politics → #politics
2025-09-26 14:48:02,719 [INFO] root: Route: source=1202159807 → topic=politics
2025-09-26 14:48:02,719 [INFO] root: [DRY] politics → #politics
2025-09-26 14:48:02,766 [INFO] root: Route: source=1202159807 → topic=politics
2025-09-26 14:48:02,767 [INFO] root: [DRY] politics → #politics
2025-09-26 14:48:02,814 [INFO] root: Route: source=1202159807 → topic=politics
2025-09-26 14:48:02,814 [INFO] root: [DRY] politics → #politics
2025-09-26 14:48:02,861 [INFO] root: Route: source=1202159807 → topic=politics
2025-09-26 14:48:02,861 [INFO] root: [DRY] politics → #politics
2025-09-26 14:48:02,908 [INFO] root: Route: source=1202159807 → topic=politics
2025-09-26 14:48:02,908 [INFO] root: [DRY] politics → #politics
2025-09-26 14:48:02,955 [INFO] root: Route: source=1202159807 → topic=politics
2025-09-26 14:48:02,955 [INFO] root: [DRY] politics → #politics
2025-09-26 14:48:03,003 [INFO] root: Route: source=1202159807 → topic=politics
2025-09-26 14:48:03,003 [INFO] root: [DRY] politics → #politics
2025-09-26 14:48:03,050 [INFO] root: Route: source=1202159807 → topic=politics
2025-09-26 14:48:03,050 [INFO] root: [DRY] politics → #politics
2025-09-26 14:48:03,097 [INFO] root: Route: source=1202159807 → topic=politics
2025-09-26 14:48:03,097 [INFO] root: [DRY] politics → #politics
2025-09-26 14:48:03,144 [INFO] root: Route: source=1202159807 → topic=politics
2025-09-26 14:48:03,144 [INFO] root: [DRY] politics → #politics
2025-09-26 14:48:03,192 [INFO] root: Route: source=1202159807 → topic=politics
2025-09-26 14:48:03,192 [INFO] root: [DRY] politics → #politics
2025-09-26 14:48:03,240 [INFO] root: Route: source=1202159807 → topic=politics
2025-09-26 14:48:03,240 [INFO] root: [DRY] politics → #politics
2025-09-26 14:48:03,288 [INFO] root: Route: source=1202159807 → topic=politics
2025-09-26 14:48:03,288 [INFO] root: [DRY] politics → #politics
2025-09-26 14:48:03,335 [INFO] root: Route: source=1202159807 → topic=politics
2025-09-26 14:48:03,335 [INFO] root: [DRY] politics → #politics
2025-09-26 14:48:03,382 [INFO] root: Route: source=1202159807 → topic=politics
2025-09-26 14:48:03,382 [INFO] root: [DRY] politics → #politics
2025-09-26 14:48:03,429 [INFO] root: Route: source=1202159807 → topic=politics
2025-09-26 14:48:03,429 [INFO] root: [DRY] politics → #politics
2025-09-26 14:48:03,477 [INFO] root: Route: source=1202159807 → topic=politics
2025-09-26 14:48:03,477 [INFO] root: [DRY] politics → #politics
2025-09-26 14:48:03,525 [INFO] root: Route: source=1202159807 → topic=politics
2025-09-26 14:48:03,525 [INFO] root: [DRY] politics → #politics
2025-09-26 14:48:03,572 [INFO] root: Route: source=1202159807 → topic=politics
2025-09-26 14:48:03,572 [INFO] root: [DRY] politics → #politics
2025-09-26 14:48:03,620 [INFO] root: Route: source=1202159807 → topic=politics
2025-09-26 14:48:03,620 [INFO] root: [DRY] politics → #politics
2025-09-26 14:48:03,667 [INFO] root: Route: source=1202159807 → topic=politics
2025-09-26 14:48:03,667 [INFO] root: [DRY] politics → #politics
2025-09-26 14:48:03,715 [INFO] root: Route: source=1202159807 → topic=politics
2025-09-26 14:48:03,715 [INFO] root: [DRY] politics → #politics
2025-09-26 14:48:03,762 [INFO] root: Route: source=1202159807 → topic=politics
2025-09-26 14:48:03,762 [INFO] root: [DRY] politics → #politics
2025-09-26 14:48:03,810 [INFO] root: Route: source=1202159807 → topic=politics
2025-09-26 14:48:03,810 [INFO] root: [DRY] politics → #politics
2025-09-26 14:48:03,857 [INFO] root: Route: source=1202159807 → topic=politics
2025-09-26 14:48:03,857 [INFO] root: [DRY] politics → #politics
2025-09-26 14:48:03,905 [INFO] root: Route: source=1202159807 → topic=politics
2025-09-26 14:48:03,905 [INFO] root: [DRY] politics → #politics
2025-09-26 14:48:03,953 [INFO] root: Route: source=1202159807 → topic=politics
2025-09-26 14:48:03,953 [INFO] root: [DRY] politics → #politics
2025-09-26 14:48:04,001 [INFO] root: Route: source=1202159807 → topic=politics
2025-09-26 14:48:04,001 [INFO] root: [DRY] politics → #politics
2025-09-26 14:48:04,049 [INFO] root: Route: source=1202159807 → topic=politics
2025-09-26 14:48:04,049 [INFO] root: [DRY] politics → #politics
2025-09-26 14:48:04,097 [INFO] root: Route: source=newssmartlab → topic=trading
2025-09-26 14:48:04,098 [INFO] root: [DRY] trading → #trading
2025-09-26 14:48:04,146 [INFO] root: Route: source=newssmartlab → topic=trading
2025-09-26 14:48:04,146 [INFO] root: [DRY] trading → #trading
2025-09-26 14:48:04,194 [INFO] root: Route: source=newssmartlab → topic=trading
2025-09-26 14:48:04,194 [INFO] root: [DRY] trading → #trading
2025-09-26 14:48:04,242 [INFO] root: Route: source=newssmartlab → topic=trading
2025-09-26 14:48:04,242 [INFO] root: [DRY] trading → #trading
2025-09-26 14:48:04,291 [INFO] root: Route: source=newssmartlab → topic=trading
2025-09-26 14:48:04,291 [INFO] root: [DRY] trading → #trading
2025-09-26 14:48:04,339 [INFO] root: Route: source=newssmartlab → topic=trading
2025-09-26 14:48:04,339 [INFO] root: [DRY] trading → #trading
2025-09-26 14:48:04,388 [INFO] root: Route: source=newssmartlab → topic=trading
2025-09-26 14:48:04,388 [INFO] root: [DRY] trading → #trading
2025-09-26 14:48:04,436 [INFO] root: Route: source=newssmartlab → topic=trading
2025-09-26 14:48:04,436 [INFO] root: [DRY] trading → #trading
2025-09-26 14:48:04,486 [INFO] root: Route: source=newssmartlab → topic=trading
2025-09-26 14:48:04,486 [INFO] root: [DRY] trading → #trading
2025-09-26 14:48:04,534 [INFO] root: Route: source=newssmartlab → topic=trading
2025-09-26 14:48:04,534 [INFO] root: [DRY] trading → #trading
2025-09-26 14:48:04,583 [INFO] root: Route: source=newssmartlab → topic=trading
2025-09-26 14:48:04,583 [INFO] root: [DRY] trading → #trading
2025-09-26 14:48:04,631 [INFO] root: Route: source=newssmartlab → topic=trading
2025-09-26 14:48:04,631 [INFO] root: [DRY] trading → #trading
2025-09-26 14:48:04,679 [INFO] root: Route: source=newssmartlab → topic=trading
2025-09-26 14:48:04,679 [INFO] root: [DRY] trading → #trading
2025-09-26 14:48:04,727 [INFO] root: Route: source=newssmartlab → topic=trading
2025-09-26 14:48:04,727 [INFO] root: [DRY] trading → #trading
2025-09-26 14:48:04,776 [INFO] root: Route: source=newssmartlab → topic=trading
2025-09-26 14:48:04,776 [INFO] root: [DRY] trading → #trading
2025-09-26 14:48:04,824 [INFO] root: Route: source=newssmartlab → topic=trading
2025-09-26 14:48:04,824 [INFO] root: [DRY] trading → #trading
2025-09-26 14:48:04,872 [INFO] root: Route: source=newssmartlab → topic=trading
2025-09-26 14:48:04,872 [INFO] root: [DRY] trading → #trading
2025-09-26 14:48:04,920 [INFO] root: Route: source=newssmartlab → topic=trading
2025-09-26 14:48:04,920 [INFO] root: [DRY] trading → #trading
2025-09-26 14:48:04,968 [INFO] root: Route: source=newssmartlab → topic=trading
2025-09-26 14:48:04,968 [INFO] root: [DRY] trading → #trading
2025-09-26 14:48:05,016 [INFO] root: Route: source=newssmartlab → topic=trading
2025-09-26 14:48:05,016 [INFO] root: [DRY] trading → #trading
2025-09-26 14:48:05,064 [INFO] root: Route: source=newssmartlab → topic=trading
2025-09-26 14:48:05,064 [INFO] root: [DRY] trading → #trading
2025-09-26 14:48:05,114 [INFO] root: Route: source=newssmartlab → topic=trading
2025-09-26 14:48:05,114 [INFO] root: [DRY] trading → #trading
2025-09-26 14:48:05,163 [INFO] root: Route: source=newssmartlab → topic=trading
2025-09-26 14:48:05,164 [INFO] root: [DRY] trading → #trading
2025-09-26 14:48:05,222 [INFO] root: Route: source=newssmartlab → topic=trading
2025-09-26 14:48:05,222 [INFO] root: [DRY] trading → #trading
2025-09-26 14:48:05,272 [INFO] root: Route: source=newssmartlab → topic=trading
2025-09-26 14:48:05,272 [INFO] root: [DRY] trading → #trading
2025-09-26 14:48:05,322 [INFO] root: Route: source=newssmartlab → topic=trading
2025-09-26 14:48:05,322 [INFO] root: [DRY] trading → #trading
2025-09-26 14:48:05,371 [INFO] root: Route: source=newssmartlab → topic=trading
2025-09-26 14:48:05,371 [INFO] root: [DRY] trading → #trading
2025-09-26 14:48:05,421 [INFO] root: Route: source=newssmartlab → topic=trading
2025-09-26 14:48:05,421 [INFO] root: [DRY] trading → #trading
2025-09-26 14:48:05,471 [INFO] root: Route: source=newssmartlab → topic=trading
2025-09-26 14:48:05,471 [INFO] root: [DRY] trading → #trading
2025-09-26 14:48:05,521 [INFO] root: Route: source=newssmartlab → topic=trading
2025-09-26 14:48:05,521 [INFO] root: [DRY] trading → #trading
2025-09-26 14:48:05,571 [INFO] root: Route: source=newssmartlab → topic=trading
2025-09-26 14:48:05,571 [INFO] root: [DRY] trading → #trading
2025-09-26 14:48:05,620 [INFO] root: Route: source=newssmartlab → topic=trading
2025-09-26 14:48:05,620 [INFO] root: [DRY] trading → #trading
2025-09-26 14:48:05,669 [INFO] root: Route: source=newssmartlab → topic=trading
2025-09-26 14:48:05,669 [INFO] root: [DRY] trading → #trading
2025-09-26 14:48:05,718 [INFO] root: Route: source=newssmartlab → topic=trading
2025-09-26 14:48:05,718 [INFO] root: [DRY] trading → #trading
2025-09-26 14:48:05,766 [INFO] root: Route: source=newssmartlab → topic=trading
2025-09-26 14:48:05,766 [INFO] root: [DRY] trading → #trading
2025-09-26 14:48:05,816 [INFO] root: Route: source=newssmartlab → topic=trading
2025-09-26 14:48:05,816 [INFO] root: [DRY] trading → #trading
2025-09-26 14:48:05,865 [INFO] root: Route: source=newssmartlab → topic=trading
2025-09-26 14:48:05,865 [INFO] root: [DRY] trading → #trading
2025-09-26 14:48:05,915 [INFO] root: Route: source=newssmartlab → topic=trading
2025-09-26 14:48:05,915 [INFO] root: [DRY] trading → #trading
2025-09-26 14:48:05,965 [INFO] root: Route: source=newssmartlab → topic=trading
2025-09-26 14:48:05,965 [INFO] root: [DRY] trading → #trading
2025-09-26 14:48:06,015 [INFO] root: Route: source=newssmartlab → topic=trading
2025-09-26 14:48:06,015 [INFO] root: [DRY] trading → #trading
2025-09-26 14:48:06,080 [INFO] root: Route: source=newssmartlab → topic=trading
2025-09-26 14:48:06,080 [INFO] root: [DRY] trading → #trading
2025-09-26 14:48:06,130 [INFO] root: Route: source=newssmartlab → topic=trading
2025-09-26 14:48:06,130 [INFO] root: [DRY] trading → #trading
2025-09-26 14:48:06,180 [INFO] root: Route: source=newssmartlab → topic=trading
2025-09-26 14:48:06,180 [INFO] root: [DRY] trading → #trading
2025-09-26 14:48:06,230 [INFO] root: Route: source=newssmartlab → topic=trading
2025-09-26 14:48:06,230 [INFO] root: [DRY] trading → #trading
2025-09-26 14:48:06,281 [INFO] root: Route: source=newssmartlab → topic=trading
2025-09-26 14:48:06,281 [INFO] root: [DRY] trading → #trading
2025-09-26 14:48:06,331 [INFO] root: Route: source=newssmartlab → topic=trading
2025-09-26 14:48:06,331 [INFO] root: [DRY] trading → #trading
2025-09-26 14:48:06,381 [INFO] root: Route: source=newssmartlab → topic=trading
2025-09-26 14:48:06,381 [INFO] root: [DRY] trading → #trading
2025-09-26 14:48:06,431 [INFO] root: Route: source=newssmartlab → topic=trading
2025-09-26 14:48:06,431 [INFO] root: [DRY] trading → #trading
2025-09-26 14:48:06,480 [INFO] root: Route: source=newssmartlab → topic=trading
2025-09-26 14:48:06,480 [INFO] root: [DRY] trading → #trading
2025-09-26 14:48:06,530 [INFO] root: Route: source=newssmartlab → topic=trading
2025-09-26 14:48:06,530 [INFO] root: [DRY] trading → #trading
2025-09-26 14:48:06,580 [INFO] root: Route: source=thewallstreetpro → topic=trading
2025-09-26 14:48:06,580 [INFO] root: [DRY] trading → #trading
2025-09-26 14:48:06,630 [INFO] root: Route: source=selfinvestor → topic=trading
2025-09-26 14:48:06,630 [INFO] root: [DRY] trading → #trading
2025-09-26 14:48:06,680 [INFO] root: Route: source=selfinvestor → topic=trading
2025-09-26 14:48:06,680 [INFO] root: [DRY] trading → #trading
2025-09-26 14:48:06,730 [INFO] root: Route: source=selfinvestor → topic=trading
2025-09-26 14:48:06,730 [INFO] root: [DRY] trading → #trading
2025-09-26 14:48:06,779 [INFO] root: Route: source=selfinvestor → topic=trading
2025-09-26 14:48:06,779 [INFO] root: [DRY] trading → #trading
2025-09-26 14:48:06,830 [INFO] root: Route: source=selfinvestor → topic=trading
2025-09-26 14:48:06,830 [INFO] root: [DRY] trading → #trading
2025-09-26 14:48:06,881 [INFO] root: Route: source=selfinvestor → topic=trading
2025-09-26 14:48:06,881 [INFO] root: [DRY] trading → #trading
2025-09-26 14:48:06,933 [INFO] root: Route: source=selfinvestor → topic=trading
2025-09-26 14:48:06,933 [INFO] root: [DRY] trading → #trading
2025-09-26 14:48:06,984 [INFO] root: Route: source=selfinvestor → topic=trading
2025-09-26 14:48:06,984 [INFO] root: [DRY] trading → #trading
2025-09-26 14:48:07,034 [INFO] root: Route: source=selfinvestor → topic=trading
2025-09-26 14:48:07,034 [INFO] root: [DRY] trading → #trading
2025-09-26 14:48:07,085 [INFO] root: Route: source=selfinvestor → topic=trading
2025-09-26 14:48:07,085 [INFO] root: [DRY] trading → #trading
2025-09-26 14:48:07,136 [INFO] root: Route: source=selfinvestor → topic=trading
2025-09-26 14:48:07,136 [INFO] root: [DRY] trading → #trading
2025-09-26 14:48:07,188 [INFO] root: Route: source=selfinvestor → topic=trading
2025-09-26 14:48:07,188 [INFO] root: [DRY] trading → #trading
2025-09-26 14:48:07,238 [INFO] root: Route: source=selfinvestor → topic=trading
2025-09-26 14:48:07,238 [INFO] root: [DRY] trading → #trading
2025-09-26 14:48:07,289 [INFO] root: Route: source=selfinvestor → topic=trading
2025-09-26 14:48:07,289 [INFO] root: [DRY] trading → #trading
2025-09-26 14:48:07,339 [INFO] root: Route: source=selfinvestor → topic=trading
2025-09-26 14:48:07,340 [INFO] root: [DRY] trading → #trading
2025-09-26 14:48:07,390 [INFO] root: Route: source=selfinvestor → topic=trading
2025-09-26 14:48:07,390 [INFO] root: [DRY] trading → #trading
2025-09-26 14:48:07,441 [INFO] root: Route: source=selfinvestor → topic=trading
2025-09-26 14:48:07,441 [INFO] root: [DRY] trading → #trading
2025-09-26 14:48:07,490 [INFO] root: Route: source=if_market_news → topic=trading
2025-09-26 14:48:07,490 [INFO] root: [DRY] trading → #trading
2025-09-26 14:48:07,541 [INFO] root: Route: source=if_market_news → topic=trading
2025-09-26 14:48:07,541 [INFO] root: [DRY] trading → #trading
2025-09-26 14:48:07,592 [INFO] root: Route: source=if_market_news → topic=trading
2025-09-26 14:48:07,592 [INFO] root: [DRY] trading → #trading
2025-09-26 14:48:07,642 [INFO] root: Route: source=if_market_news → topic=trading
2025-09-26 14:48:07,642 [INFO] root: [DRY] trading → #trading
2025-09-26 14:48:07,693 [INFO] root: Route: source=if_market_news → topic=trading
2025-09-26 14:48:07,693 [INFO] root: [DRY] trading → #trading
2025-09-26 14:48:07,743 [INFO] root: Route: source=if_market_news → topic=trading
2025-09-26 14:48:07,743 [INFO] root: [DRY] trading → #trading
2025-09-26 14:48:07,794 [INFO] root: Route: source=if_market_news → topic=trading
2025-09-26 14:48:07,794 [INFO] root: [DRY] trading → #trading
2025-09-26 14:48:07,845 [INFO] root: Route: source=if_market_news → topic=trading
2025-09-26 14:48:07,846 [INFO] root: [DRY] trading → #trading
2025-09-26 14:48:07,896 [INFO] root: Route: source=if_market_news → topic=trading
2025-09-26 14:48:07,896 [INFO] root: [DRY] trading → #trading
2025-09-26 14:48:07,947 [INFO] root: Route: source=if_market_news → topic=trading
2025-09-26 14:48:07,947 [INFO] root: [DRY] trading → #trading
2025-09-26 14:48:07,998 [INFO] root: Route: source=if_market_news → topic=trading
2025-09-26 14:48:07,998 [INFO] root: [DRY] trading → #trading
2025-09-26 14:48:08,051 [INFO] root: Route: source=if_market_news → topic=trading
2025-09-26 14:48:08,051 [INFO] root: [DRY] trading → #trading
2025-09-26 14:48:08,102 [INFO] root: Route: source=if_market_news → topic=trading
2025-09-26 14:48:08,102 [INFO] root: [DRY] trading → #trading
2025-09-26 14:48:08,152 [INFO] root: Route: source=if_market_news → topic=trading
2025-09-26 14:48:08,152 [INFO] root: [DRY] trading → #trading
2025-09-26 14:48:08,202 [INFO] root: Route: source=if_market_news → topic=trading
2025-09-26 14:48:08,202 [INFO] root: [DRY] trading → #trading
2025-09-26 14:48:08,253 [INFO] root: Route: source=if_market_news → topic=trading
2025-09-26 14:48:08,253 [INFO] root: [DRY] trading → #trading
2025-09-26 14:48:08,303 [INFO] root: Route: source=if_market_news → topic=trading
2025-09-26 14:48:08,303 [INFO] root: [DRY] trading → #trading
2025-09-26 14:48:08,355 [INFO] root: Route: source=if_market_news → topic=trading
2025-09-26 14:48:08,355 [INFO] root: [DRY] trading → #trading
2025-09-26 14:48:08,406 [INFO] root: Route: source=if_market_news → topic=trading
2025-09-26 14:48:08,406 [INFO] root: [DRY] trading → #trading
2025-09-26 14:48:08,457 [INFO] root: Route: source=if_market_news → topic=trading
2025-09-26 14:48:08,457 [INFO] root: [DRY] trading → #trading
2025-09-26 14:48:08,508 [INFO] root: Route: source=if_market_news → topic=trading
2025-09-26 14:48:08,508 [INFO] root: [DRY] trading → #trading
2025-09-26 14:48:08,559 [INFO] root: Route: source=if_market_news → topic=trading
2025-09-26 14:48:08,559 [INFO] root: [DRY] trading → #trading
2025-09-26 14:48:08,611 [INFO] root: Route: source=if_market_news → topic=trading
2025-09-26 14:48:08,611 [INFO] root: [DRY] trading → #trading
2025-09-26 14:48:08,662 [INFO] root: Route: source=if_market_news → topic=trading
2025-09-26 14:48:08,662 [INFO] root: [DRY] trading → #trading
2025-09-26 14:48:08,715 [INFO] root: Route: source=if_market_news → topic=trading
2025-09-26 14:48:08,715 [INFO] root: [DRY] trading → #trading
2025-09-26 14:48:08,765 [INFO] root: Route: source=dengi_bitkogan → topic=trading
2025-09-26 14:48:08,766 [INFO] root: [DRY] trading → #trading
2025-09-26 14:48:08,817 [INFO] root: Route: source=dengi_bitkogan → topic=trading
2025-09-26 14:48:08,817 [INFO] root: [DRY] trading → #trading
2025-09-26 14:48:08,868 [INFO] root: Route: source=nefte_baza → topic=trading
2025-09-26 14:48:08,868 [INFO] root: [DRY] trading → #trading
2025-09-26 14:48:08,919 [INFO] root: Route: source=nefte_baza → topic=trading
2025-09-26 14:48:08,919 [INFO] root: [DRY] trading → #trading
2025-09-26 14:48:08,970 [INFO] root: Route: source=nefte_baza → topic=trading
2025-09-26 14:48:08,970 [INFO] root: [DRY] trading → #trading
2025-09-26 14:48:09,020 [INFO] root: Route: source=nefte_baza → topic=trading
2025-09-26 14:48:09,021 [INFO] root: [DRY] trading → #trading
2025-09-26 14:48:09,072 [INFO] root: Route: source=smartlabnews → topic=trading
2025-09-26 14:48:09,072 [INFO] root: [DRY] trading → #trading
2025-09-26 14:48:09,123 [INFO] root: Route: source=smartlabnews → topic=trading
2025-09-26 14:48:09,123 [INFO] root: [DRY] trading → #trading
2025-09-26 14:48:09,173 [INFO] root: Route: source=smartlabnews → topic=trading
2025-09-26 14:48:09,173 [INFO] root: [DRY] trading → #trading
2025-09-26 14:48:09,222 [INFO] root: Route: source=smartlabnews → topic=trading
2025-09-26 14:48:09,222 [INFO] root: [DRY] trading → #trading
2025-09-26 14:48:09,273 [INFO] root: Route: source=headlines_for_traders → topic=trading
2025-09-26 14:48:09,273 [INFO] root: [DRY] trading → #trading
2025-09-26 14:48:09,322 [INFO] root: Route: source=headlines_for_traders → topic=trading
2025-09-26 14:48:09,322 [INFO] root: [DRY] trading → #trading
2025-09-26 14:48:09,372 [INFO] root: Route: source=headlines_for_traders → topic=trading
2025-09-26 14:48:09,372 [INFO] root: [DRY] trading → #trading
2025-09-26 14:48:09,422 [INFO] root: Route: source=headlines_for_traders → topic=trading
2025-09-26 14:48:09,422 [INFO] root: [DRY] trading → #trading
2025-09-26 14:48:09,473 [INFO] root: Route: source=headlines_for_traders → topic=trading
2025-09-26 14:48:09,473 [INFO] root: [DRY] trading → #trading
2025-09-26 14:48:09,523 [INFO] root: Route: source=headlines_for_traders → topic=trading
2025-09-26 14:48:09,523 [INFO] root: [DRY] trading → #trading
2025-09-26 14:48:09,574 [INFO] root: Route: source=headlines_for_traders → topic=trading
2025-09-26 14:48:09,574 [INFO] root: [DRY] trading → #trading
2025-09-26 14:48:09,626 [INFO] root: Route: source=headlines_for_traders → topic=trading
2025-09-26 14:48:09,626 [INFO] root: [DRY] trading → #trading
2025-09-26 14:48:09,676 [INFO] root: Route: source=headlines_for_traders → topic=trading
2025-09-26 14:48:09,676 [INFO] root: [DRY] trading → #trading
2025-09-26 14:48:09,726 [INFO] root: Route: source=headlines_for_traders → topic=trading
2025-09-26 14:48:09,726 [INFO] root: [DRY] trading → #trading
2025-09-26 14:48:09,776 [INFO] root: Route: source=headlines_for_traders → topic=trading
2025-09-26 14:48:09,776 [INFO] root: [DRY] trading → #trading
2025-09-26 14:48:09,826 [INFO] root: Route: source=headlines_for_traders → topic=trading
2025-09-26 14:48:09,826 [INFO] root: [DRY] trading → #trading
2025-09-26 14:48:09,876 [INFO] root: Route: source=headlines_for_traders → topic=trading
2025-09-26 14:48:09,876 [INFO] root: [DRY] trading → #trading
2025-09-26 14:48:09,926 [INFO] root: Route: source=headlines_for_traders → topic=trading
2025-09-26 14:48:09,926 [INFO] root: [DRY] trading → #trading
2025-09-26 14:48:09,976 [INFO] root: Route: source=headlines_for_traders → topic=trading
2025-09-26 14:48:09,976 [INFO] root: [DRY] trading → #trading
2025-09-26 14:48:10,026 [INFO] root: Route: source=headlines_for_traders → topic=trading
2025-09-26 14:48:10,026 [INFO] root: [DRY] trading → #trading
2025-09-26 14:48:10,075 [INFO] root: Route: source=headlines_for_traders → topic=trading
2025-09-26 14:48:10,075 [INFO] root: [DRY] trading → #trading
2025-09-26 14:48:10,125 [INFO] root: Route: source=headlines_for_traders → topic=trading
2025-09-26 14:48:10,125 [INFO] root: [DRY] trading → #trading
2025-09-26 14:48:10,175 [INFO] root: Route: source=headlines_for_traders → topic=trading
2025-09-26 14:48:10,175 [INFO] root: [DRY] trading → #trading
2025-09-26 14:48:10,226 [INFO] root: Route: source=headlines_for_traders → topic=trading
2025-09-26 14:48:10,226 [INFO] root: [DRY] trading → #trading
2025-09-26 14:48:10,276 [INFO] root: Route: source=headlines_for_traders → topic=trading
2025-09-26 14:48:10,276 [INFO] root: [DRY] trading → #trading
2025-09-26 14:48:10,277 [INFO] root: Route: source=headlines_for_traders → topic=trading
2025-09-26 14:48:10,277 [INFO] root: [DRY] trading → #trading
2025-09-26 14:48:10,327 [INFO] root: Route: source=headlines_for_traders → topic=trading
2025-09-26 14:48:10,327 [INFO] root: [DRY] trading → #trading
2025-09-26 14:48:10,377 [INFO] root: Route: source=headlines_for_traders → topic=trading
2025-09-26 14:48:10,377 [INFO] root: [DRY] trading → #trading
2025-09-26 14:48:10,427 [INFO] root: Route: source=headlines_for_traders → topic=trading
2025-09-26 14:48:10,427 [INFO] root: [DRY] trading → #trading
2025-09-26 14:48:10,476 [INFO] root: Route: source=headlines_for_traders → topic=trading
2025-09-26 14:48:10,476 [INFO] root: [DRY] trading → #trading
2025-09-26 14:48:10,525 [INFO] root: Route: source=headlines_for_traders → topic=trading
2025-09-26 14:48:10,526 [INFO] root: [DRY] trading → #trading
2025-09-26 14:48:10,576 [INFO] root: Route: source=headlines_for_traders → topic=trading
2025-09-26 14:48:10,576 [INFO] root: [DRY] trading → #trading
2025-09-26 14:48:10,626 [INFO] root: Route: source=headlines_for_traders → topic=trading
2025-09-26 14:48:10,626 [INFO] root: [DRY] trading → #trading
2025-09-26 14:48:10,676 [INFO] root: Route: source=headlines_for_traders → topic=trading
2025-09-26 14:48:10,676 [INFO] root: [DRY] trading → #trading
2025-09-26 14:48:10,725 [INFO] root: Route: source=headlines_for_traders → topic=trading
2025-09-26 14:48:10,725 [INFO] root: [DRY] trading → #trading
2025-09-26 14:48:10,775 [INFO] root: Route: source=headlines_for_traders → topic=trading
2025-09-26 14:48:10,776 [INFO] root: [DRY] trading → #trading
2025-09-26 14:48:10,826 [INFO] root: Route: source=headlines_for_traders → topic=trading
2025-09-26 14:48:10,826 [INFO] root: [DRY] trading → #trading
2025-09-26 14:48:10,876 [INFO] root: Route: source=headlines_for_traders → topic=trading
2025-09-26 14:48:10,876 [INFO] root: [DRY] trading → #trading
2025-09-26 14:48:10,926 [INFO] root: Route: source=headlines_for_traders → topic=trading
2025-09-26 14:48:10,926 [INFO] root: [DRY] trading → #trading
2025-09-26 14:48:10,976 [INFO] root: Route: source=headlines_for_traders → topic=trading
2025-09-26 14:48:10,976 [INFO] root: [DRY] trading → #trading
2025-09-26 14:48:10,976 [INFO] root: Duplicate skipped: a00727f1597873fabc6f
2025-09-26 14:48:11,027 [INFO] root: Route: source=headlines_for_traders → topic=trading
2025-09-26 14:48:11,027 [INFO] root: [DRY] trading → #trading
2025-09-26 14:48:11,077 [INFO] root: Route: source=headlines_for_traders → topic=trading
2025-09-26 14:48:11,077 [INFO] root: [DRY] trading → #trading
2025-09-26 14:48:11,126 [INFO] root: Route: source=headlines_for_traders → topic=trading
2025-09-26 14:48:11,126 [INFO] root: [DRY] trading → #trading
2025-09-26 14:48:11,178 [INFO] root: Route: source=headlines_for_traders → topic=trading
2025-09-26 14:48:11,178 [INFO] root: [DRY] trading → #trading
2025-09-26 14:48:11,230 [INFO] root: Route: source=headlines_for_traders → topic=trading
2025-09-26 14:48:11,230 [INFO] root: [DRY] trading → #trading
2025-09-26 14:48:11,283 [INFO] root: Route: source=headlines_for_traders → topic=trading
2025-09-26 14:48:11,283 [INFO] root: [DRY] trading → #trading
2025-09-26 14:48:11,335 [INFO] root: Route: source=headlines_quants → topic=trading
2025-09-26 14:48:11,335 [INFO] root: [DRY] trading → #trading
2025-09-26 14:48:11,335 [INFO] root: Duplicate skipped: 50e9574fe31448102a65
2025-09-26 14:48:11,387 [INFO] root: Route: source=headlines_macro → topic=trading
2025-09-26 14:48:11,387 [INFO] root: [DRY] trading → #trading
2025-09-26 14:48:11,439 [INFO] root: Route: source=headlines_macro → topic=trading
2025-09-26 14:48:11,439 [INFO] root: [DRY] trading → #trading
2025-09-26 14:48:11,491 [INFO] root: Route: source=headlines_macro → topic=trading
2025-09-26 14:48:11,491 [INFO] root: [DRY] trading → #trading
2025-09-26 14:48:11,543 [INFO] root: Route: source=ak47pfl → topic=trading
2025-09-26 14:48:11,543 [INFO] root: [DRY] trading → #trading
2025-09-26 14:48:11,595 [INFO] root: Route: source=ak47pfl → topic=trading
2025-09-26 14:48:11,595 [INFO] root: [DRY] trading → #trading
2025-09-26 14:48:11,647 [INFO] root: Route: source=sberinvestments → topic=trading
2025-09-26 14:48:11,647 [INFO] root: [DRY] trading → #trading
2025-09-26 14:48:11,699 [INFO] root: Route: source=sberinvestments → topic=trading
2025-09-26 14:48:11,699 [INFO] root: [DRY] trading → #trading
2025-09-26 14:48:11,766 [INFO] root: Route: source=sberinvestments → topic=trading
2025-09-26 14:48:11,766 [INFO] root: [DRY] trading → #trading
2025-09-26 14:48:11,818 [INFO] root: Route: source=sberinvestments → topic=trading
2025-09-26 14:48:11,818 [INFO] root: [DRY] trading → #trading
2025-09-26 14:48:11,870 [INFO] root: Route: source=bitkogan_hotline → topic=trading
2025-09-26 14:48:11,870 [INFO] root: [DRY] trading → #trading
2025-09-26 14:48:11,922 [INFO] root: Route: source=bitkogan_hotline → topic=trading
2025-09-26 14:48:11,922 [INFO] root: [DRY] trading → #trading
2025-09-26 14:48:11,973 [INFO] root: Route: source=bitkogan_hotline → topic=trading
2025-09-26 14:48:11,973 [INFO] root: [DRY] trading → #trading
2025-09-26 14:48:12,025 [INFO] root: Route: source=bitkogan_hotline → topic=trading
2025-09-26 14:48:12,025 [INFO] root: [DRY] trading → #trading
2025-09-26 14:48:12,078 [INFO] root: Route: source=bitkogan_hotline → topic=trading
2025-09-26 14:48:12,078 [INFO] root: [DRY] trading → #trading
2025-09-26 14:48:12,130 [INFO] root: Route: source=bitkogan_hotline → topic=trading
2025-09-26 14:48:12,130 [INFO] root: [DRY] trading → #trading
2025-09-26 14:48:12,183 [INFO] root: Route: source=bitkogan_hotline → topic=trading
2025-09-26 14:48:12,183 [INFO] root: [DRY] trading → #trading
2025-09-26 14:48:12,235 [INFO] root: Route: source=bitkogan_hotline → topic=trading
2025-09-26 14:48:12,235 [INFO] root: [DRY] trading → #trading
2025-09-26 14:48:12,292 [INFO] root: Route: source=bitkogan_hotline → topic=trading
2025-09-26 14:48:12,292 [INFO] root: [DRY] trading → #trading
2025-09-26 14:48:12,345 [INFO] root: Route: source=bcs_express → topic=trading
2025-09-26 14:48:12,345 [INFO] root: [DRY] trading → #trading
2025-09-26 14:48:12,398 [INFO] root: Route: source=bcs_express → topic=trading
2025-09-26 14:48:12,398 [INFO] root: [DRY] trading → #trading
2025-09-26 14:48:12,451 [INFO] root: Route: source=bcs_express → topic=trading
2025-09-26 14:48:12,451 [INFO] root: [DRY] trading → #trading
2025-09-26 14:48:12,503 [INFO] root: Route: source=bcs_express → topic=trading
2025-09-26 14:48:12,504 [INFO] root: [DRY] trading → #trading
2025-09-26 14:48:12,556 [INFO] root: Route: source=bcs_express → topic=trading
2025-09-26 14:48:12,556 [INFO] root: [DRY] trading → #trading
2025-09-26 14:48:12,608 [INFO] root: Route: source=bcs_express → topic=trading
2025-09-26 14:48:12,608 [INFO] root: [DRY] trading → #trading
2025-09-26 14:48:12,660 [INFO] root: Route: source=bcs_express → topic=trading
2025-09-26 14:48:12,660 [INFO] root: [DRY] trading → #trading
2025-09-26 14:48:12,713 [INFO] root: Route: source=bcs_express → topic=trading
2025-09-26 14:48:12,713 [INFO] root: [DRY] trading → #trading
2025-09-26 14:48:12,765 [INFO] root: Route: source=russianmacro → topic=trading
2025-09-26 14:48:12,765 [INFO] root: [DRY] trading → #trading
2025-09-26 14:48:12,817 [INFO] root: Route: source=profitgate → topic=trading
2025-09-26 14:48:12,817 [INFO] root: [DRY] trading → #trading
2025-09-26 14:48:12,868 [INFO] root: Route: source=profitgate → topic=trading
2025-09-26 14:48:12,868 [INFO] root: [DRY] trading → #trading
2025-09-26 14:48:12,919 [INFO] root: Route: source=profitgate → topic=trading
2025-09-26 14:48:12,919 [INFO] root: [DRY] trading → #trading
2025-09-26 14:48:12,971 [INFO] root: Route: source=profitgate → topic=trading
2025-09-26 14:48:12,971 [INFO] root: [DRY] trading → #trading
2025-09-26 14:48:13,022 [INFO] root: Route: source=profitgate → topic=trading
2025-09-26 14:48:13,022 [INFO] root: [DRY] trading → #trading
2025-09-26 14:48:13,073 [INFO] root: Route: source=profitgate → topic=trading
2025-09-26 14:48:13,073 [INFO] root: [DRY] trading → #trading
2025-09-26 14:48:13,124 [INFO] root: Route: source=kira_pronira → topic=trading
2025-09-26 14:48:13,125 [INFO] root: [DRY] trading → #trading
2025-09-26 14:48:13,176 [INFO] root: Route: source=kira_pronira → topic=trading
2025-09-26 14:48:13,176 [INFO] root: [DRY] trading → #trading
2025-09-26 14:48:13,176 [INFO] root: Duplicate skipped: 1bab578f110c19ad43da
2025-09-26 14:48:13,228 [INFO] root: Route: source=investfuture → topic=trading
2025-09-26 14:48:13,228 [INFO] root: [DRY] trading → #trading
2025-09-26 14:48:13,279 [INFO] root: Route: source=investfuture → topic=trading
2025-09-26 14:48:13,279 [INFO] root: [DRY] trading → #trading
2025-09-26 14:48:13,331 [INFO] root: Route: source=investfuture → topic=trading
2025-09-26 14:48:13,331 [INFO] root: [DRY] trading → #trading
2025-09-26 14:48:13,382 [INFO] root: Route: source=investheroes → topic=trading
2025-09-26 14:48:13,382 [INFO] root: [DRY] trading → #trading
2025-09-26 14:48:13,382 [INFO] root: Duplicate skipped: 1bab578f110c19ad43da
2025-09-26 14:48:13,433 [INFO] root: Route: source=if_stocks → topic=trading
2025-09-26 14:48:13,433 [INFO] root: [DRY] trading → #trading
2025-09-26 14:48:13,434 [INFO] root: Duplicate skipped: 1bab578f110c19ad43da
2025-09-26 14:48:13,485 [INFO] root: Route: source=if_bonds → topic=trading
2025-09-26 14:48:13,485 [INFO] root: [DRY] trading → #trading
2025-09-26 14:48:13,537 [INFO] root: Route: source=if_bonds → topic=trading
2025-09-26 14:48:13,537 [INFO] root: [DRY] trading → #trading
2025-09-26 14:48:13,589 [INFO] root: Route: source=gazpromneft_official → topic=trading
2025-09-26 14:48:13,589 [INFO] root: [DRY] trading → #trading
2025-09-26 14:48:13,641 [INFO] root: Route: source=finamalert → topic=trading
2025-09-26 14:48:13,641 [INFO] root: [DRY] trading → #trading
2025-09-26 14:48:13,692 [INFO] root: Route: source=finamalert → topic=trading
2025-09-26 14:48:13,692 [INFO] root: [DRY] trading → #trading
2025-09-26 14:48:13,743 [INFO] root: Route: source=finamalert → topic=trading
2025-09-26 14:48:13,743 [INFO] root: [DRY] trading → #trading
2025-09-26 14:48:13,795 [INFO] root: Route: source=investfundsru → topic=trading
2025-09-26 14:48:13,795 [INFO] root: [DRY] trading → #trading
2025-09-26 14:48:13,846 [INFO] root: Route: source=investfundsru → topic=trading
2025-09-26 14:48:13,846 [INFO] root: [DRY] trading → #trading
2025-09-26 14:48:13,897 [INFO] root: Route: source=investfundsru → topic=trading
2025-09-26 14:48:13,897 [INFO] root: [DRY] trading → #trading
2025-09-26 14:48:13,948 [INFO] root: Route: source=radium_finance → topic=trading
2025-09-26 14:48:13,948 [INFO] root: [DRY] trading → #trading
2025-09-26 14:48:14,000 [INFO] root: Route: source=radium_finance → topic=trading
2025-09-26 14:48:14,000 [INFO] root: [DRY] trading → #trading
2025-09-26 14:48:14,051 [INFO] root: Route: source=radium_finance → topic=trading
2025-09-26 14:48:14,051 [INFO] root: [DRY] trading → #trading
2025-09-26 14:48:14,052 [INFO] root: Duplicate skipped: 90bdd313aa6413fb4019
2025-09-26 14:48:14,103 [INFO] root: Route: source=alfabank → topic=trading
2025-09-26 14:48:14,103 [INFO] root: [DRY] trading → #trading
2025-09-26 14:48:14,155 [INFO] root: Route: source=rusetfs → topic=trading
2025-09-26 14:48:14,155 [INFO] root: [DRY] trading → #trading
2025-09-26 14:48:14,206 [INFO] root: Route: source=rusetfs → topic=trading
2025-09-26 14:48:14,206 [INFO] root: [DRY] trading → #trading
2025-09-26 14:48:14,257 [INFO] root: Route: source=rusetfs → topic=trading
2025-09-26 14:48:14,257 [INFO] root: [DRY] trading → #trading
2025-09-26 14:48:14,308 [INFO] root: Route: source=rusetfs → topic=trading
2025-09-26 14:48:14,308 [INFO] root: [DRY] trading → #trading
2025-09-26 14:48:14,360 [INFO] root: Route: source=rusetfs → topic=trading
2025-09-26 14:48:14,360 [INFO] root: [DRY] trading → #trading
2025-09-26 14:48:14,411 [INFO] root: Route: source=rusetfs → topic=trading
2025-09-26 14:48:14,411 [INFO] root: [DRY] trading → #trading
2025-09-26 14:48:14,463 [INFO] root: Route: source=rusetfs → topic=trading
2025-09-26 14:48:14,463 [INFO] root: [DRY] trading → #trading
2025-09-26 14:48:14,514 [INFO] root: Route: source=hranidengi → topic=pf
2025-09-26 14:48:14,514 [INFO] root: [DRY] pf → #pf
2025-09-26 14:48:14,566 [INFO] root: Route: source=hranidengi → topic=pf
2025-09-26 14:48:14,566 [INFO] root: [DRY] pf → #pf
2025-09-26 14:48:14,617 [INFO] root: Route: source=hranidengi → topic=pf
2025-09-26 14:48:14,617 [INFO] root: [DRY] pf → #pf
2025-09-26 14:48:14,669 [INFO] root: Route: source=hranidengi → topic=pf
2025-09-26 14:48:14,669 [INFO] root: [DRY] pf → #pf
2025-09-26 14:48:14,721 [INFO] root: Route: source=hranidengi → topic=pf
2025-09-26 14:48:14,721 [INFO] root: [DRY] pf → #pf
2025-09-26 14:48:14,773 [INFO] root: Route: source=hranidengi → topic=pf
2025-09-26 14:48:14,773 [INFO] root: [DRY] pf → #pf
2025-09-26 14:48:14,824 [INFO] root: Route: source=hranidengi → topic=pf
2025-09-26 14:48:14,824 [INFO] root: [DRY] pf → #pf
2025-09-26 14:48:14,877 [INFO] root: Route: source=hranidengi → topic=pf
2025-09-26 14:48:14,877 [INFO] root: [DRY] pf → #pf
2025-09-26 14:48:14,929 [INFO] root: Route: source=hranidengi → topic=pf
2025-09-26 14:48:14,929 [INFO] root: [DRY] pf → #pf
2025-09-26 14:48:14,981 [INFO] root: Route: source=hranidengi → topic=pf
2025-09-26 14:48:14,981 [INFO] root: [DRY] pf → #pf
2025-09-26 14:48:15,032 [INFO] root: Route: source=hranidengi → topic=pf
2025-09-26 14:48:15,032 [INFO] root: [DRY] pf → #pf
2025-09-26 14:48:15,085 [INFO] root: Route: source=blogbankir → topic=pf
2025-09-26 14:48:15,085 [INFO] root: [DRY] pf → #pf
2025-09-26 14:48:15,137 [INFO] root: Route: source=blogbankir → topic=pf
2025-09-26 14:48:15,137 [INFO] root: [DRY] pf → #pf
2025-09-26 14:48:15,189 [INFO] root: Route: source=blogbankir → topic=pf
2025-09-26 14:48:15,189 [INFO] root: [DRY] pf → #pf
2025-09-26 14:48:15,241 [INFO] root: Route: source=blogbankir → topic=pf
2025-09-26 14:48:15,241 [INFO] root: [DRY] pf → #pf
2025-09-26 14:48:15,294 [INFO] root: Route: source=blogbankir → topic=pf
2025-09-26 14:48:15,294 [INFO] root: [DRY] pf → #pf
2025-09-26 14:48:15,346 [INFO] root: Route: source=blogbankir → topic=pf
2025-09-26 14:48:15,346 [INFO] root: [DRY] pf → #pf
2025-09-26 14:48:15,399 [INFO] root: Route: source=blogbankir → topic=pf
2025-09-26 14:48:15,399 [INFO] root: [DRY] pf → #pf
2025-09-26 14:48:15,451 [INFO] root: Route: source=blogbankir → topic=pf
2025-09-26 14:48:15,451 [INFO] root: [DRY] pf → #pf
2025-09-26 14:48:15,502 [INFO] root: Route: source=blogbankir → topic=pf
2025-09-26 14:48:15,502 [INFO] root: [DRY] pf → #pf
2025-09-26 14:48:15,554 [INFO] root: Route: source=blogbankir → topic=pf
2025-09-26 14:48:15,554 [INFO] root: [DRY] pf → #pf
2025-09-26 14:48:15,606 [INFO] root: Route: source=blogbankir → topic=pf
2025-09-26 14:48:15,606 [INFO] root: [DRY] pf → #pf
2025-09-26 14:48:15,658 [INFO] root: Route: source=blogbankir → topic=pf
2025-09-26 14:48:15,658 [INFO] root: [DRY] pf → #pf
2025-09-26 14:48:15,711 [INFO] root: Route: source=blogbankir → topic=pf
2025-09-26 14:48:15,711 [INFO] root: [DRY] pf → #pf
2025-09-26 14:48:15,763 [INFO] root: Route: source=blogbankir → topic=pf
2025-09-26 14:48:15,763 [INFO] root: [DRY] pf → #pf
2025-09-26 14:48:15,817 [INFO] root: Route: source=finkod_vtb → topic=pf
2025-09-26 14:48:15,817 [INFO] root: [DRY] pf → #pf
2025-09-26 14:48:15,871 [INFO] root: Route: source=sberbank → topic=pf
2025-09-26 14:48:15,871 [INFO] root: [DRY] pf → #pf
2025-09-26 14:48:15,923 [INFO] root: Route: source=1002489170 → topic=politics
2025-09-26 14:48:15,923 [INFO] root: [DRY] politics → #politics
2025-09-26 14:48:15,977 [INFO] root: Route: source=seclabnews → topic=infosec
2025-09-26 14:48:15,977 [INFO] root: [DRY] infosec → #infosec
2025-09-26 14:48:16,031 [INFO] root: Route: source=seclabnews → topic=infosec
2025-09-26 14:48:16,031 [INFO] root: [DRY] infosec → #infosec
2025-09-26 14:48:16,084 [INFO] root: Route: source=seclabnews → topic=infosec
2025-09-26 14:48:16,084 [INFO] root: [DRY] infosec → #infosec
2025-09-26 14:48:16,137 [INFO] root: Route: source=tg_security → topic=infosec
2025-09-26 14:48:16,137 [INFO] root: [DRY] infosec → #infosec
2025-09-26 14:48:16,189 [INFO] root: Route: source=tg_security → topic=infosec
2025-09-26 14:48:16,189 [INFO] root: [DRY] infosec → #infosec
2025-09-26 14:48:16,242 [INFO] root: Route: source=codeby_sec → topic=infosec
2025-09-26 14:48:16,242 [INFO] root: [DRY] infosec → #infosec
2025-09-26 14:48:16,295 [INFO] root: Route: source=hack_less → topic=infosec
2025-09-26 14:48:16,295 [INFO] root: [DRY] infosec → #infosec
2025-09-26 14:48:16,347 [INFO] root: Route: source=hack_less → topic=infosec
2025-09-26 14:48:16,347 [INFO] root: [DRY] infosec → #infosec
2025-09-26 14:48:16,401 [INFO] root: Route: source=hack_less → topic=infosec
2025-09-26 14:48:16,401 [INFO] root: [DRY] infosec → #infosec
2025-09-26 14:48:16,453 [INFO] root: Route: source=hack_less → topic=infosec
2025-09-26 14:48:16,453 [INFO] root: [DRY] infosec → #infosec
2025-09-26 14:48:16,506 [INFO] root: Route: source=hack_less → topic=infosec
2025-09-26 14:48:16,506 [INFO] root: [DRY] infosec → #infosec
2025-09-26 14:48:16,558 [INFO] root: Route: source=hack_less → topic=infosec
2025-09-26 14:48:16,558 [INFO] root: [DRY] infosec → #infosec
2025-09-26 14:48:16,611 [INFO] root: Route: source=irozysk → topic=infosec
2025-09-26 14:48:16,611 [INFO] root: [DRY] infosec → #infosec
2025-09-26 14:48:16,663 [INFO] root: Route: source=irozysk → topic=infosec
2025-09-26 14:48:16,663 [INFO] root: [DRY] infosec → #infosec
2025-09-26 14:48:16,716 [INFO] root: Route: source=irozysk → topic=infosec
2025-09-26 14:48:16,716 [INFO] root: [DRY] infosec → #infosec
2025-09-26 14:48:16,769 [INFO] root: Route: source=it_secur → topic=infosec
2025-09-26 14:48:16,769 [INFO] root: [DRY] infosec → #infosec
2025-09-26 14:48:16,822 [INFO] root: Route: source=it_secur → topic=infosec
2025-09-26 14:48:16,822 [INFO] root: [DRY] infosec → #infosec
2025-09-26 14:48:16,890 [INFO] root: Route: source=it_secur → topic=infosec
2025-09-26 14:48:16,890 [INFO] root: [DRY] infosec → #infosec
2025-09-26 14:48:16,943 [INFO] root: Route: source=it_secur → topic=infosec
2025-09-26 14:48:16,943 [INFO] root: [DRY] infosec → #infosec
2025-09-26 14:48:57,606 [WARNING] quadridigest.fetch.sources: Failed to fetch from investor_catalog: No user has "investor_catalog" as username
2025-09-26 14:49:01,832 [WARNING] quadridigest.fetch.sources: Failed to fetch from cach_in_tablic: No user has "cach_in_tablic" as username
2025-09-26 14:49:04,273 [WARNING] quadridigest.fetch.sources: Telethon RPC error for haccing: Nobody is using this username, or the username is unacceptable. If the latter, it must match r"[a-zA-Z][\w\d]{3,30}[a-zA-Z\d]" (caused by ResolveUsernameRequest)
2025-09-26 14:49:06,011 [INFO] quadridigest.fetch.sources: Fetched 1 messages from 55 sources (user session)
2025-09-26 14:49:06,078 [INFO] root: Route: source=bitkogan_hotline → topic=trading
2025-09-26 14:49:06,078 [INFO] root: [DRY] trading → #trading
2025-09-26 16:23:38,058 [INFO] quadridigest.fetch.sources: read_sources: loaded 3 seed message(s) from /Users/oleglapinin/MyProjects/QadriDigest/data/seed_messages.txt
2025-09-26 16:23:38,115 [INFO] root: Route: source= → topic=politics
2025-09-26 16:23:38,115 [INFO] root: [DRY] politics → #politics
2025-09-26 16:23:38,165 [INFO] root: Route: source= → topic=politics
2025-09-26 16:23:38,165 [INFO] root: [DRY] politics → #politics
2025-09-26 16:23:38,216 [INFO] root: Route: source= → topic=politics
2025-09-26 16:23:38,216 [INFO] root: [DRY] politics → #politics
2025-09-26 16:41:52,441 [INFO] quadridigest.fetch.sources: read_sources: loaded 3 seed message(s) from /Users/oleglapinin/MyProjects/QadriDigest/data/seed_messages.txt
2025-09-26 16:41:52,444 [INFO] root: Route: source=readovkanews → topic=politics
2025-09-26 16:41:52,444 [INFO] root: [DRY] politics → #politics
2025-09-26 16:41:52,445 [INFO] root: Route: source=nezygar → topic=politics
2025-09-26 16:41:52,445 [INFO] root: [DRY] politics → #politics
2025-09-26 16:41:52,446 [INFO] root: Route: source=sotaproject → topic=politics
2025-09-26 16:41:52,446 [INFO] root: [DRY] politics → #politics
2025-09-27 09:55:08,129 [INFO] quadridigest.fetch.sources: read_sources: loaded 3 seed message(s) from /Users/oleglapinin/MyProjects/QadriDigest/data/seed_messages.txt
2025-09-27 09:55:08,132 [INFO] root: Route: source=readovkanews → topic=politics
2025-09-27 09:55:08,132 [INFO] root: [DRY] politics → #politics
2025-09-27 09:55:08,133 [INFO] root: Route: source=nezygar → topic=politics
2025-09-27 09:55:08,133 [INFO] root: [DRY] politics → #politics
2025-09-27 09:55:08,134 [INFO] root: Route: source=sotaproject → topic=politics
2025-09-27 09:55:08,134 [INFO] root: [DRY] politics → #politics
2025-09-27 10:55:52,510 [INFO] quadridigest.fetch.sources: read_sources: loaded 3 seed message(s) from /Users/oleglapinin/MyProjects/QadriDigest/data/seed_messages.txt
2025-09-27 10:56:54,687 [INFO] quadridigest.fetch.sources: read_sources: loaded 3 seed message(s) from /Users/oleglapinin/MyProjects/QadriDigest/data/seed_messages.txt
2025-09-27 10:58:14,845 [INFO] quadridigest.fetch.sources: read_sources: loaded 3 seed message(s) from /Users/oleglapinin/MyProjects/QadriDigest/data/seed_messages.txt
2025-09-27 10:59:30,998 [INFO] quadridigest.fetch.sources: read_sources: loaded 3 seed message(s) from /Users/oleglapinin/MyProjects/QadriDigest/data/seed_messages.txt
2025-09-27 10:59:31,006 [INFO] root: Route: source=readovkanews → topic=politics
2025-09-27 10:59:31,006 [INFO] root: Publish → politics (@qd_politics)
2025-09-27 11:00:41,271 [INFO] quadridigest.fetch.sources: read_sources: loaded 3 seed message(s) from /Users/oleglapinin/MyProjects/QadriDigest/data/seed_messages.txt
2025-09-27 11:00:41,280 [INFO] root: Route: source=readovkanews → topic=politics
2025-09-27 11:00:41,281 [INFO] root: Publish → politics (@qd_politics)
2025-09-27 11:00:41,529 [INFO] root: Route: source=nezygar → topic=politics
2025-09-27 11:00:41,529 [INFO] root: Publish → politics (@qd_politics)
2025-09-27 11:00:41,658 [INFO] root: Route: source=sotaproject → topic=politics
2025-09-27 11:00:41,658 [INFO] root: Publish → politics (@qd_politics)
2025-09-27 11:02:10,264 [INFO] quadridigest.fetch.sources: read_sources: loaded 3 seed message(s) from /Users/oleglapinin/MyProjects/QadriDigest/data/seed_messages.txt
2025-09-27 11:02:10,269 [INFO] root: Duplicate skipped: 812fbe9c5022145e:68cc14f962906550
2025-09-27 11:02:10,270 [INFO] root: Duplicate skipped: b3ef68f97e2494da:d1a68837b8167ebe
2025-09-27 11:02:10,270 [INFO] root: Duplicate skipped: 799fb81f08d2ec7b:107c69ef7f2fec0c
2025-09-27 11:03:34,209 [INFO] quadridigest.fetch.sources: read_sources: loaded 3 seed message(s) from /Users/oleglapinin/MyProjects/QadriDigest/data/seed_messages.txt
2025-09-27 11:03:34,212 [INFO] root: Duplicate skipped: 812fbe9c5022145e:68cc14f962906550
2025-09-27 11:03:34,213 [INFO] root: Duplicate skipped: b3ef68f97e2494da:d1a68837b8167ebe
2025-09-27 11:03:34,213 [INFO] root: Duplicate skipped: 799fb81f08d2ec7b:107c69ef7f2fec0c
2025-09-27 11:06:45,822 [INFO] quadridigest.fetch.sources: read_sources: loaded 3 seed message(s) from /Users/oleglapinin/MyProjects/QadriDigest/data/seed_messages.txt
2025-09-27 11:06:45,825 [INFO] root: Duplicate skipped: 812fbe9c5022145e:68cc14f962906550
2025-09-27 11:06:45,825 [INFO] root: Duplicate skipped: b3ef68f97e2494da:d1a68837b8167ebe
2025-09-27 11:06:45,826 [INFO] root: Duplicate skipped: 799fb81f08d2ec7b:107c69ef7f2fec0c
